index,target
0,0.0081796665
1,0.8844382
2,0.11209097
3,0.027772587
4,0.99824655
5,0.0019706432
6,0.93655604
7,0.09184693
8,0.00862192
9,0.9054692
10,0.0058606663
11,0.0006768871
12,0.02661631
13,0.6670362
14,0.3053313
15,0.3814739
16,0.19301364
17,0.99266833
18,0.8214962
19,0.97698486
20,0.06076651
21,0.8850084
22,0.9959979
23,0.10283543
24,0.98802465
25,0.010399713
26,0.0073243626
27,0.012976797
28,0.008023789
29,0.00055234623
30,0.01603093
31,0.0025960156
32,0.0032008048
33,0.24319133
34,0.06896824
35,0.09956354
36,0.56481093
37,0.0043349275
38,0.04708545
39,0.15997739
40,0.15722956
41,0.9629564
42,0.0018128133
43,0.2721461
44,0.9610088
45,0.028621009
46,0.9240153
47,0.10817655
48,0.25457904
49,0.04683109
50,0.06673227
51,0.0051953853
52,0.31120884
53,0.0058976347
54,0.19294682
55,0.01663403
56,0.047798183
57,0.98772055
58,0.007145251
59,0.8964812
60,0.053806975
61,0.00852099
62,0.7393935
63,0.8887644
64,0.22901468
65,0.0016426718
66,0.02313301
67,0.96928215
68,0.98489815
69,0.43694845
70,0.057513684
71,0.7743556
72,0.028758418
73,0.11076083
74,0.14079733
75,0.0043778075
76,0.0005923821
77,0.002453692
78,0.0205438
79,0.668441
80,0.1446634
81,0.45919734
82,0.19550666
83,0.15543026
84,0.12708715
85,0.2523202
86,0.5819234
87,0.010639202
88,0.11487831
89,0.0020497388
90,0.73692226
91,0.03175124
92,0.05025554
93,0.08343997
94,0.043433473
95,0.66191494
96,0.29987118
97,0.085466914
98,0.9822298
99,0.32831052
100,0.0032688382
101,0.07803833
102,0.07409008
103,0.10732861
104,0.44325116
105,0.059513543
106,0.91366243
107,0.75102097
108,0.14466058
109,0.21192229
110,0.95371974
111,0.01889318
112,0.06525478
113,0.01418279
114,0.0076698116
115,0.11691868
116,0.9765365
117,0.17942622
118,0.5472538
119,0.9974009
120,0.98958963
121,0.00090108946
122,0.21427764
123,0.053864893
124,0.048661105
125,0.071043104
126,0.043561246
127,0.1385207
128,0.033338193
129,0.0733858
130,0.0064913994
131,0.0722407
132,0.9870117
133,0.07629228
134,0.9876923
135,0.9528378
136,0.9945716
137,0.94757795
138,0.8875395
139,0.097640544
140,0.014354249
141,0.15057857
142,0.029602762
143,0.050693672
144,0.001068087
145,0.9943053
146,0.7902787
147,0.9731505
148,0.9694167
149,0.03961094
150,0.68919176
151,0.08867441
152,0.062585086
153,0.0073505184
154,0.02862554
155,0.025519444
156,0.33102256
157,0.6400373
158,0.08656802
159,0.024006102
160,0.005642949
161,0.4959612
162,0.03627241
163,0.89863044
164,0.059202902
165,0.025104303
166,0.07430651
167,0.019848466
168,0.9955682
169,0.0022130653
170,0.0075165797
171,0.025425157
172,0.066813126
173,0.9406672
174,0.0076129707
175,0.0064009246
176,0.9944628
177,0.96872395
178,0.00095882104
179,0.9729624
180,0.11385647
181,0.025454741
182,0.8188758
183,0.10877061
184,0.9779729
185,0.033191428
186,0.31238887
187,0.007735216
188,0.18000458
189,0.013444177
190,0.0038414176
191,0.9634197
192,0.04219788
193,0.025181469
194,0.10951557
195,0.98864543
196,0.025836047
197,0.9893416
198,0.13690762
199,0.55758107
200,0.25504577
201,0.016785277
202,0.9868162
203,0.0021864916
204,0.016044542
205,0.018374996
206,0.11159969
207,0.9618006
208,0.040670574
209,0.99926716
210,0.078603394
211,0.003521912
212,0.54149956
213,0.0027141296
214,0.023571046
215,0.16443479
216,0.0413812
217,0.44050223
218,0.96162885
219,0.6998408
220,0.04387233
221,0.038433913
222,0.01997818
223,0.016019134
224,0.23165606
225,0.99186033
226,0.9563134
227,0.018607851
228,0.9625453
229,0.0019509047
230,0.04896403
231,0.9956962
232,0.28590053
233,0.010653345
234,0.23028679
235,0.06000726
236,0.4343116
237,0.4706741
238,0.038410086
239,0.9854467
240,0.011612851
241,0.023645023
242,0.09867615
243,0.34018883
244,0.9544826
245,0.20692131
246,0.23601443
247,0.0045360215
248,0.5829993
249,0.9992655
250,0.06394434
251,0.04119001
252,0.022444667
253,0.16458705
254,0.027377002
255,0.102300346
256,0.19971874
257,0.8616916
258,0.0064602722
259,0.0064828373
260,0.25661835
261,0.006864873
262,0.9989925
263,0.950458
264,0.003515181
265,0.023380497
266,0.87792695
267,0.0724233
268,0.0019794595
269,0.0028526955
270,0.47807363
271,0.27808073
272,0.04914509
273,0.027165046
274,0.99941206
275,0.99899966
276,0.12638332
277,0.007251754
278,0.015152459
279,0.020905262
280,0.95244
281,0.9379389
282,0.99656266
283,0.0054339897
284,0.06553983
285,0.03379167
286,0.031721078
287,0.010093968
288,0.9981589
289,0.57939285
290,0.3528842
291,0.98876965
292,0.96219283
293,0.9943914
294,0.003854981
295,0.037499744
296,0.05516121
297,0.08661075
298,0.0048795003
299,0.9934662
300,0.04747387
301,0.98220104
302,0.92474604
303,0.04845343
304,0.73174316
305,0.84441483
306,0.033150107
307,0.025818886
308,0.62107635
309,0.6095184
310,0.99037933
311,0.062220283
312,0.3637926
313,0.009024364
314,0.5912912
315,0.012259254
316,0.96452135
317,0.15304454
318,0.0013940167
319,0.74918145
320,0.14469868
321,0.029081633
322,0.0007372195
323,0.012771867
324,0.071209304
325,0.9092873
326,0.08008453
327,0.8227723
328,0.009450934
329,0.0074500935
330,0.85946006
331,0.0040277774
332,0.1696502
333,0.07312735
334,0.44159874
335,0.21012406
336,0.038269658
337,0.99368274
338,0.006239092
339,0.054440647
340,0.0009017251
341,0.99443614
342,0.9847823
343,0.1285197
344,0.022286374
345,0.9946321
346,0.34611723
347,0.07262376
348,0.0013638911
349,0.23426877
350,0.9972959
351,0.0144242775
352,0.048691545
353,0.021281427
354,0.042069044
355,0.02135935
356,0.96557426
357,0.021460582
358,0.9887694
359,0.267926
360,0.06892552
361,0.553133
362,0.0034371188
363,0.070127726
364,0.005313576
365,0.39136493
366,0.014877347
367,0.50491655
368,0.42628765
369,0.9900989
370,0.84203035
371,0.8753774
372,0.0070020705
373,0.08620088
374,0.005075828
375,0.8511696
376,0.14454652
377,0.020466436
378,0.012156364
379,0.00616389
380,0.044870615
381,0.07137224
382,0.96395206
383,0.18667394
384,0.14436558
385,0.30566043
386,0.017581576
387,0.3325158
388,0.075708605
389,0.033755638
390,0.85984755
391,0.009632843
392,0.027555004
393,0.8865502
394,0.978222
395,0.9240829
396,0.9819093
397,0.4377097
398,0.088374406
399,0.0007501345
400,0.057959717
401,0.0026011753
402,0.0035207355
403,0.120957084
404,0.026954994
405,0.034848373
406,0.9750998
407,0.27140236
408,0.026152303
409,0.08471699
410,0.12345449
411,0.79999906
412,0.23826307
413,0.38062167
414,0.024515023
415,0.04783606
416,0.9732564
417,0.13977504
418,0.025979923
419,0.98898906
420,0.04857443
421,0.00090255076
422,0.022577612
423,0.8562252
424,0.96506596
425,0.022501145
426,0.24138078
427,0.0065229414
428,0.99307173
429,0.9972874
430,0.99885094
431,0.042358603
432,0.31633216
433,0.009581841
434,0.8912531
435,0.003949612
436,0.99051344
437,0.06843144
438,0.051076394
439,0.9893472
440,0.85308254
441,0.061117366
442,0.02643055
443,0.0060356217
444,0.19621651
445,0.021471938
446,0.9986822
447,0.1661086
448,0.017914869
449,0.72011334
450,0.12772484
451,0.38174713
452,0.9805012
453,0.27943566
454,0.03632663
455,0.92558914
456,0.92199296
457,0.01323585
458,0.40054733
459,0.30718902
460,0.115434214
461,0.89562345
462,0.28465337
463,0.9788529
464,0.016075805
465,0.989808
466,0.9935377
467,0.003314435
468,0.63805264
469,0.98596084
470,0.0940155
471,0.33498397
472,0.9912743
473,0.03041131
474,0.022388408
475,0.0050467644
476,0.0132248625
477,0.09212572
478,0.028709644
479,0.8498755
480,0.0074966433
481,0.99556005
482,0.070013605
483,0.9762413
484,0.77385724
485,0.029668273
486,0.025940027
487,0.09442241
488,0.0048858854
489,0.0018879835
490,0.027806899
491,0.0072310176
492,0.002571274
493,0.020252831
494,0.39399227
495,0.06490474
496,0.021811554
497,0.86932456
498,0.2589511
499,0.056505617
500,0.983145
501,0.07003171
502,0.16255628
503,0.29171842
504,0.8997654
505,0.1367575
506,0.03522145
507,0.9936923
508,0.92103994
509,0.032338124
510,0.038429145
511,0.6620917
512,0.012009161
513,0.9941526
514,0.9917402
515,0.9699176
516,0.97335017
517,0.45360962
518,0.2928891
519,0.053826172
520,0.46214396
521,0.069791846
522,0.9744381
523,0.34374186
524,0.12595382
525,0.9416628
526,0.42262885
527,0.0041851923
528,0.3564506
529,0.99144465
530,0.004539233
531,0.0009395419
532,0.015592568
533,0.0040540183
534,0.0049926224
535,0.060050815
536,0.038498912
537,0.95871097
538,0.027671939
539,0.94448596
540,0.3378577
541,0.044210434
542,0.00078088895
543,0.26568195
544,0.6521648
545,0.008920258
546,0.35899383
547,0.0011720463
548,0.025583448
549,0.03992801
550,0.9939725
551,0.8689924
552,0.22766855
553,0.0059974696
554,0.05259654
555,0.8399573
556,0.012446716
557,0.10534997
558,0.35858443
559,0.0038676304
560,0.0327224
561,0.25628465
562,0.99580526
563,0.18692824
564,0.001030485
565,0.8662484
566,0.026214832
567,0.01501209
568,0.52891165
569,0.4067308
570,0.107556075
571,0.06338257
572,0.8732942
573,0.0081912605
574,0.5038357
575,0.07416937
576,0.9875349
577,0.0018413468
578,0.010071548
579,0.106346086
580,0.04933163
581,0.0131017435
582,0.0010091378
583,0.009128122
584,0.00092691905
585,0.25845984
586,0.1366806
587,0.34775266
588,0.0035354241
589,0.090118736
590,0.068649955
591,0.0016502315
592,0.054467842
593,0.01230362
594,0.045064837
595,0.20589837
596,0.051727
597,0.08858015
598,0.14359303
599,0.94904
600,0.011191378
601,0.009394289
602,0.007955027
603,0.031734344
604,0.95560443
605,0.03505341
606,0.013253698
607,0.002077746
608,0.0014808301
609,0.0032392147
610,0.1485131
611,0.09242807
612,0.02748242
613,0.0034074455
614,0.071764186
615,0.3017521
616,0.0030433324
617,0.010860259
618,0.0015153968
619,0.014472214
620,0.004230499
621,0.0042737625
622,0.7067642
623,0.0155702075
624,0.062052995
625,0.45686978
626,0.9558851
627,0.9931421
628,0.004628892
629,0.981492
630,0.0030815557
631,0.08734134
632,0.3915111
633,0.9938501
634,0.011646493
635,0.6030392
636,0.0043198043
637,0.007852211
638,0.0049475115
639,0.9793768
640,0.041586667
641,0.87642664
642,0.031093955
643,0.019214695
644,0.9668569
645,0.0023209509
646,0.008879144
647,0.050610803
648,0.20131451
649,0.45947343
650,0.05565404
651,0.98901445
652,0.9873208
653,0.02025014
654,0.04662142
655,0.0011639273
656,0.15917516
657,0.96741176
658,0.3703574
659,0.09871437
660,0.006551345
661,0.6261975
662,0.07212302
663,0.1368626
664,0.29830623
665,0.023736637
666,0.010769525
667,0.9745315
668,0.23456968
669,0.5727004
670,0.03196082
671,0.3582761
672,0.049659368
673,0.039054208
674,0.9995178
675,0.03904211
676,0.03207773
677,0.30742905
678,0.048465837
679,0.82870996
680,0.08912496
681,0.026141005
682,0.9552485
683,0.105768785
684,0.41883448
685,0.09051886
686,0.0805316
687,0.013498142
688,0.98581195
689,0.079772055
690,0.9880683
691,0.05848674
692,0.00325981
693,0.92227304
694,0.017460965
695,0.9550825
696,0.0072590555
697,0.15209721
698,0.99718386
699,0.016936406
700,0.0033346526
701,0.1293031
702,0.0021541498
703,0.0006673959
704,0.016150054
705,0.01753254
706,0.04751422
707,0.48297104
708,0.2069382
709,0.023414677
710,0.015697224
711,0.051613163
712,0.9987638
713,0.03541705
714,0.9795687
715,0.016772825
716,0.0016586534
717,0.14904709
718,0.13098146
719,0.0021951925
720,0.047239613
721,0.22067182
722,0.30826622
723,0.8025778
724,0.95959973
725,0.7673004
726,0.032243777
727,0.93453765
728,0.11036844
729,0.14538713
730,0.07808774
731,0.0040644957
732,0.9928169
733,0.9654453
734,0.23439841
735,0.05503875
736,0.9330888
737,0.01818513
738,0.31176165
739,0.33957973
740,0.998928
741,0.8854645
742,0.21778114
743,0.086226724
744,0.08530547
745,0.014447744
746,0.9655248
747,0.83056366
748,0.096280076
749,0.59640276
750,0.014803186
751,0.06707404
752,0.13779476
753,0.09505006
754,0.014331615
755,0.020021804
756,0.32667503
757,0.04378197
758,0.0009706615
759,0.022612005
760,0.8772617
761,0.06521838
762,0.6990831
763,0.022854263
764,0.0032421644
765,0.9840276
766,0.06935623
767,0.86118823
768,0.2886475
769,0.5789338
770,0.20988715
771,0.011311716
772,0.98495734
773,0.0039490964
774,0.17792153
775,0.997433
776,0.6372249
777,0.0047121863
778,0.73790884
779,0.2371475
780,0.0021794972
781,0.019200686
782,0.3942096
783,0.04127815
784,0.54911226
785,0.9915563
786,0.75404966
787,0.0040371534
788,0.96486557
789,0.0095539875
790,0.8966586
791,0.020415414
792,0.062189385
793,0.025278011
794,0.17776674
795,0.09948284
796,0.11449237
797,0.001499872
798,0.73364985
799,0.16628551
800,0.4969134
801,0.84678483
802,0.0046329144
803,0.0013598767
804,0.06981655
805,0.09879335
806,0.0046795076
807,0.03194662
808,0.072146975
809,0.35335267
810,0.07971353
811,0.040330175
812,0.9879667
813,0.34441423
814,0.98071194
815,0.0031033196
816,0.27076048
817,0.97137636
818,0.40955
819,0.003622606
820,0.99168956
821,0.99742305
822,0.06807585
823,0.027183289
824,0.35475773
825,0.0008488593
826,0.06301819
827,0.05086868
828,0.007003361
829,0.9941454
830,0.909253
831,0.016847814
832,0.9944088
833,0.39017254
834,0.90901464
835,0.00064372853
836,0.24749449
837,0.14228004
838,0.089290895
839,0.9965553
840,0.12292574
841,0.04976401
842,0.16895217
843,0.004543191
844,0.58091766
845,0.9982828
846,0.99857116
847,0.0065879147
848,0.0034889174
849,0.95006967
850,0.49314722
851,0.9170867
852,0.14675713
853,0.024339173
854,0.9867959
855,0.007405222
856,0.92427456
857,0.9920109
858,0.011663197
859,0.9759562
860,0.02571029
861,0.930689
862,0.32510945
863,0.98151267
864,0.0028732505
865,0.22173412
866,0.92724586
867,0.019428058
868,0.052746784
869,0.8389115
870,0.018060116
871,0.99925405
872,0.033836856
873,0.008422662
874,0.9854687
875,0.6399611
876,0.010570837
877,0.05681504
878,0.099468865
879,0.84575146
880,0.055074744
881,0.09813774
882,0.94635147
883,0.15080428
884,0.015250398
885,0.9903831
886,0.009828148
887,0.9897193
888,0.043475214
889,0.004646519
890,0.16993326
891,0.56485015
892,0.34171724
893,0.05251089
894,0.46556717
895,0.5087714
896,0.97000486
897,0.0726546
898,0.0015499198
899,0.6760061
900,0.14172238
901,0.0042579193
902,0.625631
903,0.85502076
904,0.009782809
905,0.9923941
906,0.065391555
907,0.004605852
908,0.99308336
909,0.011469067
910,0.0495943
911,0.10234165
912,0.012353053
913,0.03866685
914,0.015799524
915,0.019906575
916,0.14975928
917,0.28896672
918,0.08139187
919,0.7165081
920,0.0023475585
921,0.018783279
922,0.10057681
923,0.99878556
924,0.9850203
925,0.9803344
926,0.08502111
927,0.13679525
928,0.0036613578
929,0.47370532
930,0.40721667
931,0.024485392
932,0.9747713
933,0.009320398
934,0.02239975
935,0.07269255
936,0.995637
937,0.03067555
938,0.031596772
939,0.37215126
940,0.050286204
941,0.99569404
942,0.9821602
943,0.9989278
944,0.5203579
945,0.22782858
946,0.04170866
947,0.9696268
948,0.038805597
949,0.046528243
950,0.9965503
951,0.23712939
952,0.21691816
953,0.0475925
954,0.10769904
955,0.43752977
956,0.98505396
957,0.34579104
958,0.0076679387
959,0.4034907
960,0.0018955673
961,0.9844802
962,0.016962739
963,0.37849486
964,0.5090481
965,0.03978686
966,0.2567944
967,0.0025099206
968,0.006296716
969,0.00045663465
970,0.14129995
971,0.08339941
972,0.9993925
973,0.1286532
974,0.32207772
975,0.0075771837
976,0.018440468
977,0.9189944
978,0.059101533
979,0.9994742
980,0.9284809
981,0.9913799
982,0.30232102
983,0.03544899
984,0.98880905
985,0.009640697
986,0.95017666
987,0.2103602
988,0.30404258
989,0.7541438
990,0.9820547
991,0.05149797
992,0.023046969
993,0.025361998
994,0.034701906
995,0.99805534
996,0.06915251
997,0.017270936
998,0.11283212
999,0.82534754
1000,0.98084956
1001,0.9968618
1002,0.0069545885
1003,0.0043894597
1004,0.41794664
1005,0.96882075
1006,0.9992392
1007,0.38226074
1008,0.048183165
1009,0.33367246
1010,0.004763306
1011,0.101319075
1012,0.02778462
1013,0.058271874
1014,0.34646952
1015,0.027374096
1016,0.017545054
1017,0.48505652
1018,0.95839936
1019,0.0025406857
1020,0.0111905765
1021,0.9915153
1022,0.18213384
1023,0.9404426
1024,0.0062621
1025,0.0027288403
1026,0.007650431
1027,0.06287242
1028,0.025659308
1029,0.09571724
1030,0.001149979
1031,0.08904654
1032,0.40438586
1033,0.0034650103
1034,0.5936787
1035,0.008888205
1036,0.11990553
1037,0.9922821
1038,0.024311205
1039,0.96383977
1040,0.39141363
1041,0.0431634
1042,0.020328758
1043,0.4553796
1044,0.00041293862
1045,0.048635628
1046,0.0032180578
1047,0.072500154
1048,0.6072743
1049,0.94487536
1050,0.0035686265
1051,0.086943224
1052,0.071226805
1053,0.98437345
1054,0.6774147
1055,0.15414871
1056,0.16960418
1057,0.22111486
1058,0.0010881361
1059,0.9822128
1060,0.14354464
1061,0.0127338115
1062,0.002956699
1063,0.103307515
1064,0.9729518
1065,0.12812257
1066,0.006181623
1067,0.21972214
1068,0.12811172
1069,0.99437606
1070,0.24753816
1071,0.5108279
1072,0.03202916
1073,0.940927
1074,0.0014061675
1075,0.0035213481
1076,0.0016623986
1077,0.0054073334
1078,0.014099913
1079,0.95583403
1080,0.00082681753
1081,0.015317815
1082,0.8679565
1083,0.010832449
1084,0.92526287
1085,0.56655777
1086,0.70203114
1087,0.34695187
1088,0.0011839648
1089,0.96717507
1090,0.019824568
1091,0.9849028
1092,0.020370523
1093,0.058256514
1094,0.999037
1095,0.7190145
1096,0.014714
1097,0.5856084
1098,0.0190614
1099,0.42397174
1100,0.07040508
1101,0.016459838
1102,0.20770597
1103,0.1539304
1104,0.039726652
1105,0.09046938
1106,0.21466678
1107,0.045165904
1108,0.0039583915
1109,0.4475005
1110,0.9230251
1111,0.0056352224
1112,0.026520707
1113,0.6233517
1114,0.3050742
1115,0.16339506
1116,0.03443631
1117,0.9532949
1118,0.12222981
1119,0.002576837
1120,0.029673304
1121,0.082974374
1122,0.026823448
1123,0.61857325
1124,0.006921872
1125,0.104021385
1126,0.9720695
1127,0.21762961
1128,0.012154852
1129,0.05493938
1130,0.0044261925
1131,0.03238554
1132,0.014853592
1133,0.001158276
1134,0.9984787
1135,0.024792816
1136,0.021844782
1137,0.0008637452
1138,0.9867867
1139,0.22499985
1140,0.7628383
1141,0.993537
1142,0.0016818542
1143,0.058701232
1144,0.7397282
1145,0.98329943
1146,0.9990036
1147,0.029983774
1148,0.0020863027
1149,0.38493484
1150,0.9477351
1151,0.00062163867
1152,0.09617303
1153,0.99740475
1154,0.24830262
1155,0.013600286
1156,0.14863342
1157,0.77777135
1158,0.84717745
1159,0.96696246
1160,0.019046271
1161,0.006801782
1162,0.42624408
1163,0.002407127
1164,0.21652697
1165,0.008613426
1166,0.4878062
1167,0.9120352
1168,0.98602366
1169,0.9026585
1170,0.0029974065
1171,0.009725086
1172,0.98304313
1173,0.027440345
1174,0.015774209
1175,0.20439176
1176,0.04246551
1177,0.0026107845
1178,0.020303462
1179,0.004432656
1180,0.98755425
1181,0.07609831
1182,0.016781177
1183,0.043207645
1184,0.7507644
1185,0.032576315
1186,0.9512541
1187,0.0075149974
1188,0.0013361857
1189,0.032176368
1190,0.030193357
1191,0.1660509
1192,0.95652854
1193,0.052659187
1194,0.022358024
1195,0.0036200306
1196,0.23064958
1197,0.928524
1198,0.13465396
1199,0.99418193
1200,0.5834192
1201,0.22675581
1202,0.20225015
1203,0.026309343
1204,0.7705772
1205,0.023914983
1206,0.39263943
1207,0.009534177
1208,0.1659746
1209,0.09594108
1210,0.9831178
1211,0.2811225
1212,0.010065407
1213,0.0016747868
1214,0.02921041
1215,0.014841985
1216,0.025392832
1217,0.73531383
1218,0.082605734
1219,0.015170174
1220,0.70974106
1221,0.07578377
1222,0.3731039
1223,0.030283986
1224,0.21135616
1225,0.64592516
1226,0.06323271
1227,0.9886292
1228,0.051492207
1229,0.8503276
1230,0.0037241916
1231,0.9913892
1232,0.9753896
1233,0.020678675
1234,0.017831517
1235,0.83214086
1236,0.33979264
1237,0.23284207
1238,0.0984722
1239,0.5629735
1240,0.5873452
1241,0.015783072
1242,0.006253124
1243,0.4772296
1244,0.35242152
1245,0.028965417
1246,0.0029385441
1247,0.012177648
1248,0.11169795
1249,0.9960586
1250,0.09870281
1251,0.0077746306
1252,0.8740584
1253,0.99231815
1254,0.99909246
1255,0.6896273
1256,0.14189857
1257,0.986542
1258,0.0031350623
1259,0.99815243
1260,0.36072236
1261,0.12533198
1262,0.0009220199
1263,0.0031990465
1264,0.029969929
1265,0.97216326
1266,0.00936668
1267,0.98956573
1268,0.08212549
1269,0.029254016
1270,0.39377052
1271,0.002959173
1272,0.0459227
1273,0.22393346
1274,0.9285486
1275,0.2010313
1276,0.009581497
1277,0.68020445
1278,0.27376196
1279,0.0050098468
1280,0.9638183
1281,0.004961567
1282,0.9772918
1283,0.02367392
1284,0.08152006
1285,0.4104925
1286,0.28445694
1287,0.401608
1288,0.13504955
1289,0.0010864534
1290,0.35192317
1291,0.050543107
1292,0.11212927
1293,0.016601676
1294,0.11958243
1295,0.49999523
1296,0.8968809
1297,0.05988746
1298,0.009092931
1299,0.004451453
1300,0.2067372
1301,0.06048345
1302,0.04646484
1303,0.9810012
1304,0.05626503
1305,0.9976883
1306,0.2611117
1307,0.0085679125
1308,0.0024979382
1309,0.9943968
1310,0.104408994
1311,0.0131206475
1312,0.36431357
1313,0.0017289583
1314,0.9729393
1315,0.008429936
1316,0.03133714
1317,0.37875584
1318,0.24984212
1319,0.3664271
1320,0.14019546
1321,0.9892035
1322,0.010303583
1323,0.04350699
1324,0.03159152
1325,0.02445983
1326,0.9814295
1327,0.94688493
1328,0.010610595
1329,0.12688273
1330,0.9477392
1331,0.2821868
1332,0.037952743
1333,0.017289754
1334,0.8732727
1335,0.37439883
1336,0.0056789317
1337,0.008276027
1338,0.004902041
1339,0.03475523
1340,0.4728215
1341,0.9540932
1342,0.9728414
1343,0.14431353
1344,0.5420943
1345,0.0372367
1346,0.9977175
1347,0.9115973
1348,0.11620147
1349,0.0024872145
1350,0.0949379
1351,0.028289814
1352,0.29485828
1353,0.024004975
1354,0.11320165
1355,0.9917059
1356,0.0068939943
1357,0.29621387
1358,0.26977843
1359,0.019942913
1360,0.949784
1361,0.17348057
1362,0.88751525
1363,0.9663921
1364,0.01862519
1365,0.9917617
1366,0.047093626
1367,0.9864503
1368,0.83377486
1369,0.28696626
1370,0.25947213
1371,0.16823761
1372,0.012649432
1373,0.11393469
1374,0.020980768
1375,0.9773776
1376,0.05953292
1377,0.9989618
1378,0.0074585285
1379,0.009211163
1380,0.96779567
1381,0.81625783
1382,0.0008025844
1383,0.99395025
1384,0.012826345
1385,0.8827438
1386,0.74181074
1387,0.94961345
1388,0.8783863
1389,0.9993154
1390,0.004883385
1391,0.9942464
1392,0.33273646
1393,0.7048288
1394,0.0018471692
1395,0.9086698
1396,0.074234076
1397,0.007872791
1398,0.012570286
1399,0.99299425
1400,0.0143713765
1401,0.023243066
1402,0.0035681347
1403,0.45083454
1404,0.004376604
1405,0.051948406
1406,0.011285254
1407,0.13562748
1408,0.006821263
1409,0.0020411888
1410,0.004333121
1411,0.064938426
1412,0.7259758
1413,0.94740176
1414,0.016271064
1415,0.43896
1416,0.9923503
1417,0.051050477
1418,0.1259332
1419,0.5123614
1420,0.14763136
1421,0.98193365
1422,0.023286393
1423,0.0015291185
1424,0.0071746907
1425,0.0056816004
1426,0.021819735
1427,0.0065743723
1428,0.01252723
1429,0.017671593
1430,0.15290178
1431,0.68762374
1432,0.0617263
1433,0.36921358
1434,0.79441035
1435,0.029023385
1436,0.001236687
1437,0.96332544
1438,0.0066199377
1439,0.9936009
1440,0.0058256183
1441,0.01506246
1442,0.676831
1443,0.033291064
1444,0.079695866
1445,0.8091022
1446,0.9576569
1447,0.083541684
1448,0.097928695
1449,0.964366
1450,0.20229255
1451,0.00056717405
1452,0.37527138
1453,0.9895448
1454,0.9918607
1455,0.09364328
1456,0.04630362
1457,0.035354804
1458,0.9917555
1459,0.9869206
1460,0.021663109
1461,0.033133585
1462,0.0303281
1463,0.9788802
1464,0.4380035
1465,0.027822038
1466,0.82276803
1467,0.27974987
1468,0.9883385
1469,0.99535674
1470,0.99506843
1471,0.1368534
1472,0.2071528
1473,0.9883366
1474,0.27557808
1475,0.21949945
1476,0.99136025
1477,0.9509316
1478,0.29696417
1479,0.032580085
1480,0.1466843
1481,0.013828737
1482,0.9949596
1483,0.0060170447
1484,0.026245764
1485,0.025465557
1486,0.08374961
1487,0.09141883
1488,0.16284055
1489,0.024363864
1490,0.657278
1491,0.0010686056
1492,0.9873964
1493,0.9967693
1494,0.9970548
1495,0.10544653
1496,0.8541508
1497,0.01186315
1498,0.83851385
1499,0.8861569
1500,0.022052698
1501,0.06458379
1502,0.05207524
1503,0.20744972
1504,0.03857614
1505,0.31600544
1506,0.12668033
1507,0.6864228
1508,0.042286415
1509,0.002481206
1510,0.16692176
1511,0.7157968
1512,0.028210536
1513,0.80050087
1514,0.9405966
1515,0.010348556
1516,0.043293644
1517,0.0015680612
1518,0.58507794
1519,0.050687186
1520,0.006380148
1521,0.007592909
1522,0.015987476
1523,0.027686689
1524,0.92899406
1525,0.0054886444
1526,0.004183954
1527,0.6476203
1528,0.016286092
1529,0.9261555
1530,0.010854023
1531,0.2425641
1532,0.97135633
1533,0.13152847
1534,0.027533304
1535,0.0030861676
1536,0.050988067
1537,0.6720416
1538,0.15869871
1539,0.5597101
1540,0.96046895
1541,0.91286534
1542,0.08562627
1543,0.00080309773
1544,0.03286531
1545,0.035202056
1546,0.8180087
1547,0.9402627
1548,0.022971086
1549,0.944367
1550,0.3709859
1551,0.07505453
1552,0.00078850705
1553,0.82906973
1554,0.0064378525
1555,0.0048826016
1556,0.0056491867
1557,0.05385924
1558,0.004256149
1559,0.20125616
1560,0.021664372
1561,0.028134013
1562,0.122126624
1563,0.27035013
1564,0.15552247
1565,0.0228879
1566,0.0021098654
1567,0.120406896
1568,0.63642776
1569,0.12890813
1570,0.047728978
1571,0.12417065
1572,0.10290102
1573,0.54626316
1574,0.3477429
1575,0.02979945
1576,0.9233567
1577,0.10339355
1578,0.0018623307
1579,0.5440047
1580,0.9888664
1581,0.9906968
1582,0.19159347
1583,0.008293156
1584,0.12583886
1585,0.9739826
1586,0.0056032306
1587,0.003990066
1588,0.94164544
1589,0.98501045
1590,0.04167215
1591,0.008527482
1592,0.015757568
1593,0.15925401
1594,0.0034462628
1595,0.3670371
1596,0.056726232
1597,0.9455335
1598,0.21914908
1599,0.04418279
1600,0.051475454
1601,0.14821318
1602,0.3792164
1603,0.9542778
1604,0.74709165
1605,0.99020386
1606,0.0053988644
1607,0.027450677
1608,0.10889067
1609,0.84933627
1610,0.67326856
1611,0.8266491
1612,0.10006752
1613,0.04559499
1614,0.02110597
1615,0.9768819
1616,0.03889419
1617,0.0010938534
1618,0.025051724
1619,0.09015499
1620,0.066609494
1621,0.96084917
1622,0.0747679
1623,0.08734377
1624,0.9925339
1625,0.0016821272
1626,0.0042342045
1627,0.27842873
1628,0.99092144
1629,0.017149843
1630,0.038945034
1631,0.012919086
1632,0.05754588
1633,0.9445932
1634,0.71553254
1635,0.015773838
1636,0.15200426
1637,0.2352597
1638,0.99653864
1639,0.05884848
1640,0.2534565
1641,0.037176114
1642,0.015007578
1643,0.04243738
1644,0.062938936
1645,0.0032960293
1646,0.040891882
1647,0.17798012
1648,0.0034450935
1649,0.007350755
1650,0.1132308
1651,0.06298144
1652,0.14571847
1653,0.02322328
1654,0.016483597
1655,0.09622593
1656,0.6262587
1657,0.2571674
1658,0.12504736
1659,0.055505738
1660,0.003590935
1661,0.6606507
1662,0.17015536
1663,0.2468745
1664,0.0021830956
1665,0.89025795
1666,0.21144697
1667,0.9696322
1668,0.04353334
1669,0.008003891
1670,0.0061654905
1671,0.09431487
1672,0.124885485
1673,0.0030142888
1674,0.9945914
1675,0.0033376904
1676,0.0014651128
1677,0.31870294
1678,0.06675837
1679,0.026324347
1680,0.17664945
1681,0.27170092
1682,0.0010539327
1683,0.021046836
1684,0.0018403374
1685,0.10380762
1686,0.07721614
1687,0.06290314
1688,0.032584913
1689,0.99750024
1690,0.23355083
1691,0.9863928
1692,0.9938876
1693,0.9919274
1694,0.52403325
1695,0.9569225
1696,0.990195
1697,0.018350726
1698,0.19504921
1699,0.68209994
1700,0.1388189
1701,0.004584349
1702,0.016645133
1703,0.99874157
1704,0.011890873
1705,0.57932466
1706,0.04970433
1707,0.17166604
1708,0.00824517
1709,0.9900513
1710,0.002638953
1711,0.04984001
1712,0.038259286
1713,0.18413036
1714,0.16455431
1715,0.00092977285
1716,0.009387281
1717,0.37863976
1718,0.027608156
1719,0.1060535
1720,0.0013437804
1721,0.030710712
1722,0.060867183
1723,0.9720232
1724,0.0012782478
1725,0.023684287
1726,0.0116027575
1727,0.38485435
1728,0.19025552
1729,0.009886878
1730,0.98916245
1731,0.83533967
1732,0.0026823415
1733,0.9916672
1734,0.97639465
1735,0.025354775
1736,0.020414742
1737,0.9988686
1738,0.063453734
1739,0.9724132
1740,0.0038676746
1741,0.9857265
1742,0.014350925
1743,0.06374306
1744,0.004205466
1745,0.020683445
1746,0.03053788
1747,0.0023690646
1748,0.014823967
1749,0.9574307
1750,0.07678599
1751,0.0016824098
1752,0.9564699
1753,0.21662886
1754,0.29974294
1755,0.984484
1756,0.8687184
1757,0.0063475687
1758,0.12729242
1759,0.0050177183
1760,0.4837077
1761,0.0078007383
1762,0.89406323
1763,0.47745118
1764,0.09016717
1765,0.05023903
1766,0.010031947
1767,0.9362519
1768,0.9852132
1769,0.003330655
1770,0.015671518
1771,0.63010776
1772,0.971711
1773,0.99841213
1774,0.64272803
1775,0.9411661
1776,0.8882975
1777,0.0013108529
1778,0.0465337
1779,0.45392886
1780,0.005707704
1781,0.9926468
1782,0.00753669
1783,0.39779896
1784,0.22124316
1785,0.0043559126
1786,0.7371091
1787,0.7637072
1788,0.0070596756
1789,0.009313145
1790,0.019581959
1791,0.0040683234
1792,0.12689452
1793,0.13356638
1794,0.0011966964
1795,0.036916967
1796,0.11431009
1797,0.1017194
1798,0.030133534
1799,0.017105198
1800,0.015950467
1801,0.01336235
1802,0.10264604
1803,0.59654564
1804,0.00062210154
1805,0.026280187
1806,0.6955403
1807,0.004671271
1808,0.11460978
1809,0.3632215
1810,0.005692613
1811,0.009357499
1812,0.10392893
1813,0.070879795
1814,0.6165737
1815,0.07017868
1816,0.08356208
1817,0.22161713
1818,0.09592495
1819,0.04865678
1820,0.99290496
1821,0.004019696
1822,0.22981772
1823,0.10003227
1824,0.010899027
1825,0.9852555
1826,0.027302375
1827,0.99149793
1828,0.0023777143
1829,0.08427808
1830,0.32949072
1831,0.042117152
1832,0.023472898
1833,0.99481344
1834,0.09428102
1835,0.002077049
1836,0.008114064
1837,0.013632698
1838,0.014032065
1839,0.01591394
1840,0.09782344
1841,0.9845105
1842,0.13575707
1843,0.13604778
1844,0.008994604
1845,0.97223616
1846,0.07538692
1847,0.016279507
1848,0.9480278
1849,0.3528604
1850,0.11446117
1851,0.035499033
1852,0.07145515
1853,0.07644097
1854,0.07219083
1855,0.013617536
1856,0.97407794
1857,0.010623207
1858,0.01643852
1859,0.13294628
1860,0.06139286
1861,0.0045555383
1862,0.062491596
1863,0.0033291155
1864,0.955471
1865,0.004248317
1866,0.06171139
1867,0.025949273
1868,0.36198223
1869,0.9929715
1870,0.027186083
1871,0.3896175
1872,0.046374492
1873,0.016603623
1874,0.6143917
1875,0.2666529
1876,0.037254076
1877,0.004473739
1878,0.0021251158
1879,0.058123708
1880,0.10951478
1881,0.032674205
1882,0.013318372
1883,0.998965
1884,0.9834525
1885,0.0030414173
1886,0.3634597
1887,0.14656046
1888,0.10807808
1889,0.0022527378
1890,0.004165376
1891,0.32095054
1892,0.88539344
1893,0.9061502
1894,0.10106808
1895,0.0083977245
1896,0.88473976
1897,0.0014908187
1898,0.9294874
1899,0.048741773
1900,0.04224378
1901,0.13163403
1902,0.04620617
1903,0.0061808084
1904,0.056760315
1905,0.0055761137
1906,0.9983613
1907,0.012941708
1908,0.0044639744
1909,0.38372248
1910,0.98526853
1911,0.008278967
1912,0.0789959
1913,0.37656313
1914,0.043619134
1915,0.98410636
1916,0.043826498
1917,0.9933489
1918,0.43435797
1919,0.09407932
1920,0.3137607
1921,0.99027985
1922,0.15877496
1923,0.0033231715
1924,0.9767181
1925,0.19924647
1926,0.9826514
1927,0.9903106
1928,0.43598282
1929,0.18290584
1930,0.9707374
1931,0.016024433
1932,0.01596874
1933,0.12452542
1934,0.31701055
1935,0.99842644
1936,0.2784878
1937,0.012670621
1938,0.038907275
1939,0.045182686
1940,0.23953496
1941,0.0059503214
1942,0.9822369
1943,0.45913747
1944,0.0037293243
1945,0.0014418111
1946,0.22060877
1947,0.09031096
1948,0.46197814
1949,0.011736932
1950,0.2815863
1951,0.9920149
1952,0.9695175
1953,0.11437145
1954,0.035770215
1955,0.008066538
1956,0.036384646
1957,0.97092134
1958,0.2266539
1959,0.108144246
1960,0.04186684
1961,0.097979926
1962,0.127504
1963,0.13106267
1964,0.23922971
1965,0.032416604
1966,0.9922537
1967,0.008147266
1968,0.009765655
1969,0.20265196
1970,0.16357385
1971,0.99150157
1972,0.8909676
1973,0.040164586
1974,0.9390992
1975,0.7315421
1976,0.006131562
1977,0.99386954
1978,0.016385118
1979,0.99851996
1980,0.98984104
1981,0.37715617
1982,0.055666633
1983,0.018718058
1984,0.5265496
1985,0.022362377
1986,0.121051826
1987,0.7582686
1988,0.00084137224
1989,0.03648996
1990,0.2362373
1991,0.9886904
1992,0.07709066
1993,0.009016112
1994,0.6962207
1995,0.38443252
1996,0.24058875
1997,0.58789206
1998,0.62538165
1999,0.94733757
2000,0.17118005
2001,0.009194732
2002,0.07491414
2003,0.98490846
2004,0.028266517
2005,0.042982906
2006,0.9923821
2007,0.03945551
2008,0.23502442
2009,0.10840685
2010,0.9736788
2011,0.8955258
2012,0.76233476
2013,0.8983887
2014,0.996799
2015,0.004337482
2016,0.72796243
2017,0.95436275
2018,0.0024724973
2019,0.07592561
2020,0.0021962759
2021,0.9716664
2022,0.318617
2023,0.3741056
2024,0.98485476
2025,0.9423973
2026,0.9387279
2027,0.003795568
2028,0.16495436
2029,0.00084966817
2030,0.9950588
2031,0.19953498
2032,0.9952304
2033,0.47982338
2034,0.9662837
2035,0.9956059
2036,0.052166373
2037,0.0073130624
2038,0.023135142
2039,0.98649305
2040,0.004323471
2041,0.76728606
2042,0.17680372
2043,0.98885226
2044,0.60105795
2045,0.0015793707
2046,0.0058899573
2047,0.08298671
2048,0.09634618
2049,0.98630154
2050,0.9712692
2051,0.9467099
2052,0.022208564
2053,0.3104813
2054,0.7856341
2055,0.0075186365
2056,0.008075869
2057,0.92974925
2058,0.0012928249
2059,0.0048916778
2060,0.01769723
2061,0.43720633
2062,0.15886651
2063,0.0154888285
2064,0.8814878
2065,0.4026474
2066,0.41403073
2067,0.9760513
2068,0.5153431
2069,0.36620367
2070,0.17141254
2071,0.58131444
2072,0.35170892
2073,0.0043951254
2074,0.07882026
2075,0.38950375
2076,0.0021904714
2077,0.049620394
2078,0.011357141
2079,0.039771568
2080,0.006377011
2081,0.8640863
2082,0.16543518
2083,0.033132445
2084,0.50428027
2085,0.08420866
2086,0.007371504
2087,0.029053412
2088,0.9804262
2089,0.053492106
2090,0.64626163
2091,0.12589826
2092,0.020735066
2093,0.009074985
2094,0.6893446
2095,0.99801946
2096,0.16879347
2097,0.0037902347
2098,0.7844887
2099,0.19126028
2100,0.9956707
2101,0.015336563
2102,0.8517096
2103,0.14947048
2104,0.054077398
2105,0.0027013754
2106,0.12836646
2107,0.5762821
2108,0.008274642
2109,0.010912251
2110,0.004097864
2111,0.7600445
2112,0.01248037
2113,0.23765795
2114,0.16076256
2115,0.0823288
2116,0.9916819
2117,0.92031705
2118,0.0057353317
2119,0.9798747
2120,0.13661066
2121,0.009174142
2122,0.2567368
2123,0.975318
2124,0.010164595
2125,0.9405241
2126,0.03555399
2127,0.05536407
2128,0.03391705
2129,0.08047664
2130,0.070909776
2131,0.21433857
2132,0.9740278
2133,0.019264214
2134,0.008750359
2135,0.09855558
2136,0.0045203804
2137,0.99693763
2138,0.0051206965
2139,0.07709746
2140,0.005591842
2141,0.16078348
2142,0.21662079
2143,0.9262297
2144,0.7917524
2145,0.99294573
2146,0.21801303
2147,0.9960026
2148,0.012642145
2149,0.8594651
2150,0.38421053
2151,0.9736222
2152,0.8660461
2153,0.18873824
2154,0.06679358
2155,0.11310078
2156,0.9972005
2157,0.0036749977
2158,0.49324372
2159,0.85881346
2160,0.92925215
2161,0.0039221286
2162,0.028801542
2163,0.013025247
2164,0.05268214
2165,0.13876595
2166,0.11293026
2167,0.40191773
2168,0.05695136
2169,0.017720297
2170,0.99047244
2171,0.006067311
2172,0.39625645
2173,0.97741663
2174,0.43744674
2175,0.009710072
2176,0.07441486
2177,0.024097774
2178,0.021118764
2179,0.03148043
2180,0.93605244
2181,0.01647492
2182,0.0023445517
2183,0.44792938
2184,0.09228921
2185,0.09836241
2186,0.54178596
2187,0.049293205
2188,0.046054356
2189,0.31631052
2190,0.0006999763
2191,0.97811526
2192,0.99014354
2193,0.12334978
2194,0.018983813
2195,0.022612074
2196,0.08603511
2197,0.9711784
2198,0.89352334
2199,0.018259281
2200,0.018293025
2201,0.11563114
2202,0.007914938
2203,0.9555332
2204,0.9574513
2205,0.7378587
2206,0.38673636
2207,0.152635
2208,0.97730565
2209,0.20584264
2210,0.13383695
2211,0.029165389
2212,0.5845263
2213,0.007086299
2214,0.0030569825
2215,0.007000221
2216,0.23914942
2217,0.1676639
2218,0.016580539
2219,0.0021096547
2220,0.0035765264
2221,0.019203704
2222,0.0029763114
2223,0.9730461
2224,0.1844692
2225,0.010551151
2226,0.4561028
2227,0.7577096
2228,0.20822671
2229,0.002451388
2230,0.6095147
2231,0.0088506425
2232,0.7729241
2233,0.002387558
2234,0.99524915
2235,0.06649641
2236,0.4330636
2237,0.024360515
2238,0.10541562
2239,0.8800709
2240,0.45918766
2241,0.0050798417
2242,0.002763293
2243,0.10009887
2244,0.0005690676
2245,0.019504743
2246,0.08942319
2247,0.011252081
2248,0.013792179
2249,0.45870152
2250,0.025566496
2251,0.44284514
2252,0.87671113
2253,0.9943193
2254,0.0051128757
2255,0.02600734
2256,0.22240534
2257,0.003287575
2258,0.008338372
2259,0.01295586
2260,0.25254634
2261,0.5912974
2262,0.86250293
2263,0.4057064
2264,0.07625342
2265,0.0029824758
2266,0.7706049
2267,0.96273273
2268,0.20186245
2269,0.4030945
2270,0.035398297
2271,0.15393886
2272,0.051507127
2273,0.9972217
2274,0.92625815
2275,0.00042164783
2276,0.09185172
2277,0.985393
2278,0.51096916
2279,0.02510928
2280,0.02903899
2281,0.13220094
2282,0.039951287
2283,0.049283817
2284,0.47822982
2285,0.031029891
2286,0.99068344
2287,0.04334996
2288,0.002754811
2289,0.0024106107
2290,0.0038192861
2291,0.95321906
2292,0.1909955
2293,0.008627991
2294,0.079995245
2295,0.97977966
2296,0.9382506
2297,0.33049217
2298,0.009261847
2299,0.09240816
2300,0.015602539
2301,0.05104832
2302,0.06261928
2303,0.17771254
2304,0.95678425
2305,0.018689811
2306,0.037143562
2307,0.19869716
2308,0.16615528
2309,0.0013072012
2310,0.003597349
2311,0.005007927
2312,0.007967103
2313,0.0031385648
2314,0.99399346
2315,0.04338407
2316,0.04734362
2317,0.89181805
2318,0.07215938
2319,0.0011554632
2320,0.06627371
2321,0.9983463
2322,0.6860673
2323,0.14236785
2324,0.9656348
2325,0.10481605
2326,0.32991078
2327,0.0019751075
2328,0.9945387
2329,0.15079723
2330,0.013263717
2331,0.0010791555
2332,0.07225377
2333,0.9960664
2334,0.0005138837
2335,0.058884
2336,0.046586473
2337,0.9888804
2338,0.03788392
2339,0.9946719
2340,0.01437162
2341,0.0040700235
2342,0.19863577
2343,0.9938672
2344,0.03680697
2345,0.006903132
2346,0.03480595
2347,0.24125616
2348,0.00080154993
2349,0.54650766
2350,0.12109017
2351,0.8311261
2352,0.45022216
2353,0.9905866
2354,0.016320689
2355,0.073487744
2356,0.3036797
2357,0.9864616
2358,0.0055966773
2359,0.0031127646
2360,0.24625565
2361,0.1351386
2362,0.007312948
2363,0.13514046
2364,0.017522909
2365,0.724707
2366,0.6616718
2367,0.022231802
2368,0.012314628
2369,0.008501438
2370,0.0969215
2371,0.9985267
2372,0.18106061
2373,0.016816698
2374,0.0009539052
2375,0.977994
2376,0.018103812
2377,0.0902863
2378,0.9889916
2379,0.0044141933
2380,0.021908855
2381,0.014291744
2382,0.8968004
2383,0.7301726
2384,0.9973961
2385,0.15913492
2386,0.053509317
2387,0.06763802
2388,0.99451506
2389,0.0052133086
2390,0.122083195
2391,0.3019941
2392,0.019579666
2393,0.08679566
2394,0.74900573
2395,0.09398529
2396,0.024520999
2397,0.48895603
2398,0.040704764
2399,0.26306874
2400,0.009763977
2401,0.024640301
2402,0.06350027
2403,0.19370665
2404,0.9922461
2405,0.107860304
2406,0.09189734
2407,0.20700505
2408,0.46545485
2409,0.08576869
2410,0.011073492
2411,0.024267752
2412,0.00081061636
2413,0.99033725
2414,0.0069833603
2415,0.9946004
2416,0.5571201
2417,0.96752334
2418,0.0122093
2419,0.060644995
2420,0.9664523
2421,0.13451318
2422,0.0017014772
2423,0.009820926
2424,0.042037897
2425,0.7482917
2426,0.9658635
2427,0.99916637
2428,0.001350527
2429,0.9795746
2430,0.8322229
2431,0.7959124
2432,0.97355866
2433,0.10470096
2434,0.09994955
2435,0.094049074
2436,0.1267909
2437,0.99016565
2438,0.115734
2439,0.24734084
2440,0.33670032
2441,0.9950647
2442,0.17253642
2443,0.07309176
2444,0.96994126
2445,0.13919835
2446,0.44888666
2447,0.021309707
2448,0.0027493525
2449,0.888159
2450,0.20527911
2451,0.007309677
2452,0.31279197
2453,0.4496239
2454,0.015528581
2455,0.28801465
2456,0.004041287
2457,0.98996735
2458,0.17987685
2459,0.8891479
2460,0.033164393
2461,0.03618479
2462,0.006894125
2463,0.87293357
2464,0.0055794753
2465,0.018315237
2466,0.036761783
2467,0.028769253
2468,0.9671898
2469,0.8949561
2470,0.997818
2471,0.0077236085
2472,0.101028994
2473,0.01690513
2474,0.001463788
2475,0.0011446124
2476,0.87646794
2477,0.028314048
2478,0.003568172
2479,0.2362961
2480,0.9899787
2481,0.05727197
2482,0.13056767
2483,0.6664914
2484,0.0047385767
2485,0.8918669
2486,0.094551444
2487,0.9851348
2488,0.49122155
2489,0.020945897
2490,0.19228557
2491,0.0008162643
2492,0.23348437
2493,0.15585522
2494,0.009872045
2495,0.61972284
2496,0.043067683
2497,0.21501511
2498,0.099561505
2499,0.998727
2500,0.024591135
2501,0.033086598
2502,0.026660096
2503,0.16544881
2504,0.9984156
2505,0.09892945
2506,0.03210384
2507,0.4680751
2508,0.06915033
2509,0.026075115
2510,0.042160206
2511,0.10373808
2512,0.03952071
2513,0.07168897
2514,0.06928858
2515,0.08165681
2516,0.035883095
2517,0.8855961
2518,0.038044453
2519,0.13709375
2520,0.026318977
2521,0.1210406
2522,0.2460476
2523,0.10102722
2524,0.008310932
2525,0.009393354
2526,0.055706263
2527,0.9550042
2528,0.18343164
2529,0.054175757
2530,0.6387442
2531,0.019871192
2532,0.9461998
2533,0.0572398
2534,0.0126823485
2535,0.9967487
2536,0.03963444
2537,0.040903386
2538,0.029804502
2539,0.849974
2540,0.046481263
2541,0.200207
2542,0.1321224
2543,0.1674718
2544,0.99265224
2545,0.0026871406
2546,0.10143712
2547,0.018051937
2548,0.57369375
2549,0.0011066594
2550,0.9074193
2551,0.46895903
2552,0.012117036
2553,0.017128516
2554,0.0008777957
2555,0.88909584
2556,0.9922001
2557,0.15466273
2558,0.046248734
2559,0.20609732
2560,0.26060972
2561,0.011684641
2562,0.47794688
2563,0.08156013
2564,0.9443604
2565,0.5720572
2566,0.06749762
2567,0.991678
2568,0.11372637
2569,0.0007261245
2570,0.04109362
2571,0.5849196
2572,0.06118817
2573,0.02456542
2574,0.00479448
2575,0.99370617
2576,0.99910873
2577,0.08515716
2578,0.013956997
2579,0.2774845
2580,0.12221961
2581,0.9414339
2582,0.022107968
2583,0.08641655
2584,0.13483313
2585,0.07018493
2586,0.006614603
2587,0.083195016
2588,0.7107042
2589,0.004328435
2590,0.0013877267
2591,0.0218854
2592,0.13294089
2593,0.12495373
2594,0.24021773
2595,0.01858128
2596,0.029560914
2597,0.97837585
2598,0.9843424
2599,0.060132246
2600,0.22186244
2601,0.018618556
2602,0.048039313
2603,0.9853365
2604,0.9709626
2605,0.084335275
2606,0.21568432
2607,0.42604268
2608,0.99850696
2609,0.05393996
2610,0.9838405
2611,0.8802208
2612,0.0016353576
2613,0.5541998
2614,0.0016516901
2615,0.005685726
2616,0.00934103
2617,0.004549449
2618,0.0030331295
2619,0.99658644
2620,0.027113749
2621,0.9970222
2622,0.14115475
2623,0.02508152
2624,0.09122825
2625,0.026079312
2626,0.9333364
2627,0.0013567151
2628,0.17426725
2629,0.9854358
2630,0.39299697
2631,0.9257274
2632,0.9899144
2633,0.2912234
2634,0.99249697
2635,0.3603611
2636,0.99845934
2637,0.27776492
2638,0.01331217
2639,0.020164356
2640,0.004993362
2641,0.012990425
2642,0.4387788
2643,0.99808747
2644,0.9646074
2645,0.00111023
2646,0.00079811487
2647,0.51183295
2648,0.010789579
2649,0.9508419
2650,0.103583165
2651,0.02633074
2652,0.5548117
2653,0.44451576
2654,0.014159182
2655,0.054567706
2656,0.10019244
2657,0.83977497
2658,0.73243517
2659,0.2506234
2660,0.99478394
2661,0.0023638199
2662,0.0008352052
2663,0.0040969476
2664,0.0094914045
2665,0.98483825
2666,0.99338466
2667,0.03624694
2668,0.25253436
2669,0.28956658
2670,0.79664755
2671,0.2692061
2672,0.017874897
2673,0.018230319
2674,0.11760251
2675,0.04421773
2676,0.990944
2677,0.99906033
2678,0.09209348
2679,0.017488554
2680,0.9955823
2681,0.0052516274
2682,0.0017983562
2683,0.746786
2684,0.0014244064
2685,0.20504515
2686,0.96424305
2687,0.0056365877
2688,0.90127367
2689,0.13831751
2690,0.0076824077
2691,0.041459963
2692,0.003303524
2693,0.2740271
2694,0.053513728
2695,0.05169286
2696,0.04743461
2697,0.9931265
2698,0.526324
2699,0.045751493
2700,0.17540835
2701,0.98080575
2702,0.985321
2703,0.9946234
2704,0.956813
2705,0.08292673
2706,0.012724752
2707,0.9987698
2708,0.001313889
2709,0.9271819
2710,0.34598076
2711,0.004284435
2712,0.042981632
2713,0.02431956
2714,0.93485135
2715,0.03698578
2716,0.0005542015
2717,0.96296346
2718,0.12334598
2719,0.1320535
2720,0.7891263
2721,0.054228727
2722,0.98951066
2723,0.012277166
2724,0.2330954
2725,0.0020979673
2726,0.79094964
2727,0.983497
2728,0.00862862
2729,0.52877164
2730,0.14519443
2731,0.01257157
2732,0.42292425
2733,0.003955738
2734,0.008562783
2735,0.0069216555
2736,0.28045523
2737,0.013965897
2738,0.6373574
2739,0.0643684
2740,0.87532836
2741,0.99854916
2742,0.998389
2743,0.19848269
2744,0.2205909
2745,0.9144337
2746,0.94214994
2747,0.53427714
2748,0.008762597
2749,0.047063086
2750,0.010481081
2751,0.032530632
2752,0.18313737
2753,0.06031483
2754,0.02186391
2755,0.7692172
2756,0.36774337
2757,0.014457667
2758,0.1016291
2759,0.035927895
2760,0.14048523
2761,0.88316363
2762,0.9850579
2763,0.4832777
2764,0.03555432
2765,0.109442495
2766,0.0890774
2767,0.7234906
2768,0.0039518997
2769,0.99511176
2770,0.02692873
2771,0.034050297
2772,0.27700981
2773,0.97631675
2774,0.14733568
2775,0.20179655
2776,0.3686149
2777,0.008321384
2778,0.0836876
2779,0.012655133
2780,0.3299035
2781,0.95847845
2782,0.0013313561
2783,0.0007786316
2784,0.06695027
2785,0.00368465
2786,0.0018858273
2787,0.0021170045
2788,0.040330064
2789,0.02237692
2790,0.00354316
2791,0.0161961
2792,0.93367755
2793,0.9682621
2794,0.3155846
2795,0.055811994
2796,0.0054102372
2797,0.005322056
2798,0.56061405
2799,0.9128294
2800,0.05658274
2801,0.96825945
2802,0.031146206
2803,0.9871343
2804,0.02565585
2805,0.019367859
2806,0.0358525
2807,0.027871154
2808,0.028472481
2809,0.033109166
2810,0.031433333
2811,0.0010448681
2812,0.990267
2813,0.011057274
2814,0.0013484495
2815,0.9553766
2816,0.026245257
2817,0.048538156
2818,0.8181436
2819,0.9889392
2820,0.98975486
2821,0.02040667
2822,0.1646488
2823,0.19106184
2824,0.719164
2825,0.029123642
2826,0.99103856
2827,0.044436604
2828,0.008256271
2829,0.96410453
2830,0.022450937
2831,0.015407449
2832,0.06258671
2833,0.9099947
2834,0.9847253
2835,0.0070881406
2836,0.014777936
2837,0.05959445
2838,0.029408904
2839,0.0988309
2840,0.03348187
2841,0.99586225
2842,0.99579996
2843,0.97892696
2844,0.021246718
2845,0.00508775
2846,0.212297
2847,0.005455152
2848,0.011992284
2849,0.00978772
2850,0.03258794
2851,0.7943115
2852,0.021165239
2853,0.96785116
2854,0.0008486236
2855,0.5172534
2856,0.010830217
2857,0.100942045
2858,0.0039457064
2859,0.11328574
2860,0.009974681
2861,0.07807569
2862,0.5542815
2863,0.018181454
2864,0.5193568
2865,0.97850776
2866,0.0052203783
2867,0.028531423
2868,0.0010616953
2869,0.044936974
2870,0.008316348
2871,0.006599302
2872,0.06641034
2873,0.0808211
2874,0.015819497
2875,0.08251966
2876,0.010610475
2877,0.033620317
2878,0.33021218
2879,0.12802616
2880,0.85228205
2881,0.48712936
2882,0.17469889
2883,0.005837129
2884,0.5773233
2885,0.98807794
2886,0.99888176
2887,0.87110305
2888,0.04640196
2889,0.008484361
2890,0.533328
2891,0.993718
2892,0.0016556903
2893,0.42076075
2894,0.15951258
2895,0.96741986
2896,0.057904743
2897,0.0034470486
2898,0.63421124
2899,0.035068016
2900,0.094138965
2901,0.012617895
2902,0.13763903
2903,0.00088421785
2904,0.006645373
2905,0.2767225
2906,0.03637213
2907,0.0011728465
2908,0.06692009
2909,0.015477802
2910,0.42495558
2911,0.028376665
2912,0.93545294
2913,0.013146296
2914,0.99028474
2915,0.12783538
2916,0.23017143
2917,0.08318805
2918,0.7524291
2919,0.07102725
2920,0.024734344
2921,0.21937923
2922,0.070564866
2923,0.0056670294
2924,0.9027816
2925,0.8202755
2926,0.8167057
2927,0.07420521
2928,0.7176146
2929,0.9849504
2930,0.031400938
2931,0.9987526
2932,0.9918733
2933,0.08124582
2934,0.005480603
2935,0.31130934
2936,0.0032993786
2937,0.019521233
2938,0.859223
2939,0.98363954
2940,0.43362942
2941,0.0044955537
2942,0.97757256
2943,0.0043192543
2944,0.2831236
2945,0.042734243
2946,0.02882997
2947,0.010269542
2948,0.14605197
2949,0.012007436
2950,0.011189943
2951,0.0049149604
2952,0.6442189
2953,0.9940951
2954,0.077830225
2955,0.020618243
2956,0.98388934
2957,0.44542173
2958,0.016306415
2959,0.06805094
2960,0.009790873
2961,0.0007376134
2962,0.90549666
2963,0.17404792
2964,0.8459524
2965,0.9468826
2966,0.041448545
2967,0.27329096
2968,0.003651923
2969,0.27908018
2970,0.018187214
2971,0.083300896
2972,0.012362871
2973,0.51697606
2974,0.95582825
2975,0.15654096
2976,0.04879161
2977,0.99103713
2978,0.0008057934
2979,0.013965701
2980,0.0019093998
2981,0.03909363
2982,0.74444824
2983,0.92193294
2984,0.030413706
2985,0.06494324
2986,0.009062463
2987,0.025599258
2988,0.059652347
2989,0.03458898
2990,0.034707036
2991,0.91081256
2992,0.97963536
2993,0.23760203
2994,0.076183006
2995,0.018449545
2996,0.10629135
2997,0.11882013
2998,0.077560686
2999,0.5580498
3000,0.033087946
3001,0.000975699
3002,0.97988635
3003,0.00034964687
3004,0.16748272
3005,0.94610256
3006,0.11691979
3007,0.08782562
3008,0.28794956
3009,0.17477165
3010,0.0078527825
3011,0.011241868
3012,0.9871127
3013,0.29713446
3014,0.0010996981
3015,0.0008383025
3016,0.0034130109
3017,0.949587
3018,0.00846972
3019,0.7378282
3020,0.07242092
3021,0.1909048
3022,0.996458
3023,0.0013718127
3024,0.045350064
3025,0.25744364
3026,0.94463825
3027,0.0618729
3028,0.0640046
3029,0.09605575
3030,0.0013059244
3031,0.004089831
3032,0.031998713
3033,0.633398
3034,0.1520905
3035,0.38019216
3036,0.4133653
3037,0.29553437
3038,0.453946
3039,0.0069275713
3040,0.038817115
3041,0.05453576
3042,0.90890354
3043,0.014493237
3044,0.13974763
3045,0.9312682
3046,0.011514465
3047,0.018908087
3048,0.9872881
3049,0.90562093
3050,0.9967206
3051,0.9818273
3052,0.009383101
3053,0.94679546
3054,0.04286982
3055,0.029632574
3056,0.32128844
3057,0.0049599125
3058,0.9988244
3059,0.0005669038
3060,0.98665804
3061,0.9982474
3062,0.08892298
3063,0.38882604
3064,0.048687585
3065,0.0018763578
3066,0.6692236
3067,0.1148652
3068,0.7261669
3069,0.048599742
3070,0.009625399
3071,0.0026031458
3072,0.042578552
3073,0.12637676
3074,0.66516244
3075,0.10843287
3076,0.0009357999
3077,0.995846
3078,0.9957754
3079,0.11736626
3080,0.0033986322
3081,0.033928223
3082,0.873206
3083,0.017802812
3084,0.47579432
3085,0.45323893
3086,0.010419873
3087,0.008169197
3088,0.032276474
3089,0.043657165
3090,0.03180698
3091,0.02164236
3092,0.002386663
3093,0.93230957
3094,0.0070436765
3095,0.089458734
3096,0.07594331
3097,0.006974137
3098,0.9980128
3099,0.00847403
3100,0.034065105
3101,0.003006099
3102,0.0064210687
3103,0.033185605
3104,0.10530868
3105,0.2503819
3106,0.08825793
3107,0.9749808
3108,0.003769118
3109,0.012554754
3110,0.004508258
3111,0.07447745
3112,0.0006545113
3113,0.097235456
3114,0.007878816
3115,0.9165444
3116,0.054898176
3117,0.0014095723
3118,0.28919932
3119,0.35844806
3120,0.0003860325
3121,0.014893395
3122,0.008633679
3123,0.99465585
3124,0.009369565
3125,0.355866
3126,0.008017715
3127,0.95719355
3128,0.0056939246
3129,0.019376116
3130,0.6611274
3131,0.8848403
3132,0.05365906
3133,0.06276657
3134,0.0087466985
3135,0.006783047
3136,0.14418332
3137,0.03042623
3138,0.023527127
3139,0.9926212
3140,0.034038402
3141,0.0027768777
3142,0.9726016
3143,0.8065221
3144,0.9931037
3145,0.04189486
3146,0.11747621
3147,0.04380865
3148,0.086754434
3149,0.9925424
3150,0.00086366374
3151,0.27206212
3152,0.0041881464
3153,0.013692453
3154,0.02028361
3155,0.0060555586
3156,0.018133506
3157,0.20175278
3158,0.0014336605
3159,0.0167964
3160,0.59972435
3161,0.0671758
3162,0.9830214
3163,0.012850603
3164,0.14281884
3165,0.032040603
3166,0.08836614
3167,0.020288296
3168,0.012297954
3169,0.9896114
3170,0.010205215
3171,0.1036054
3172,0.058836773
3173,0.0029512614
3174,0.98909795
3175,0.8817112
3176,0.001336469
3177,0.30079424
3178,0.4160122
3179,0.0017479422
3180,0.21602482
3181,0.028989771
3182,0.084196195
3183,0.61412054
3184,0.0009497983
3185,0.42202905
3186,0.029544806
3187,0.99225897
3188,0.008526769
3189,0.036207024
3190,0.9979685
3191,0.8329128
3192,0.0061419685
3193,0.0405187
3194,0.06950701
3195,0.94206274
3196,0.88487107
3197,0.0076136836
3198,0.0019163123
3199,0.4019724
3200,0.9931378
3201,0.03792547
3202,0.002760162
3203,0.043421496
3204,0.426614
3205,0.967109
3206,0.9011202
3207,0.010673664
3208,0.09593316
3209,0.99342537
3210,0.00639024
3211,0.9915848
3212,0.016617963
3213,0.89263237
3214,0.009814057
3215,0.014775755
3216,0.98464036
3217,0.9730813
3218,0.97126645
3219,0.9386355
3220,0.846864
3221,0.069741584
3222,0.13437489
3223,0.91257167
3224,0.0045149955
3225,0.003714511
3226,0.08845673
3227,0.9964282
3228,0.99188834
3229,0.7762027
3230,0.0071061817
3231,0.0049174377
3232,0.21061401
3233,0.18675798
3234,0.19435066
3235,0.01951257
3236,0.18318865
3237,0.98533994
3238,0.0015966091
3239,0.41186246
3240,0.014618246
3241,0.023797171
3242,0.68964666
3243,0.021635622
3244,0.091765024
3245,0.9136495
3246,0.13244447
3247,0.16019584
3248,0.072921075
3249,0.009389028
3250,0.72144186
3251,0.011332544
3252,0.014920487
3253,0.005388415
3254,0.22383584
3255,0.0034317167
3256,0.0038531944
3257,0.0013530286
3258,0.97167826
3259,0.0052035246
3260,0.6174713
3261,0.12978287
3262,0.0057433425
3263,0.27094474
3264,0.004180858
3265,0.03627176
3266,0.052005813
3267,0.95441747
3268,0.9947595
3269,0.06019856
3270,0.13511361
3271,0.96545845
3272,0.18558605
3273,0.040410854
3274,0.0051908554
3275,0.17071903
3276,0.2968642
3277,0.30365092
3278,0.99279445
3279,0.7669253
3280,0.050254267
3281,0.0038613218
3282,0.23409905
3283,0.005229633
3284,0.9752417
3285,0.0057777697
3286,0.7556764
3287,0.3344755
3288,0.9057272
3289,0.0025315857
3290,0.09262131
3291,0.0050749737
3292,0.042290732
3293,0.67475665
3294,0.72082186
3295,0.910981
3296,0.011358152
3297,0.5970819
3298,0.79485184
3299,0.992358
3300,0.0014928358
3301,0.018699776
3302,0.47637427
3303,0.0063628564
3304,0.3188611
3305,0.99812895
3306,0.9983948
3307,0.7478984
3308,0.6787016
3309,0.011940997
3310,0.9962386
3311,0.70050865
3312,0.4681147
3313,0.061281987
3314,0.19428243
3315,0.20971227
3316,0.9645756
3317,0.9889924
3318,0.5121617
3319,0.9927543
3320,0.0006670309
3321,0.00550615
3322,0.0051938626
3323,0.024012981
3324,0.82666683
3325,0.04045604
3326,0.0022870915
3327,0.06991362
3328,0.021299893
3329,0.98904806
3330,0.9960349
3331,0.15623872
3332,0.96503186
3333,0.40093985
3334,0.019915732
3335,0.9862889
3336,0.99244106
3337,0.9227163
3338,0.23938626
3339,0.0246975
3340,0.9898056
3341,0.98212
3342,0.5922866
3343,0.007698117
3344,0.603607
3345,0.27863383
3346,0.8893095
3347,0.98621875
3348,0.5915543
3349,0.0049984152
3350,0.08236564
3351,0.5070591
3352,0.78251153
3353,0.008022339
3354,0.009983372
3355,0.23546632
3356,0.0031200203
3357,0.18585059
3358,0.0032069618
3359,0.014509019
3360,0.0023000052
3361,0.0017024168
3362,0.1031949
3363,0.22135577
3364,0.08563172
3365,0.029349687
3366,0.9640303
3367,0.062504955
3368,0.12044712
3369,0.025745556
3370,0.759705
3371,0.17651206
3372,0.004337517
3373,0.008493367
3374,0.31445035
3375,0.07668073
3376,0.003981328
3377,0.5974816
3378,0.9934401
3379,0.037104774
3380,0.219992
3381,0.003730811
3382,0.08288748
3383,0.16646457
3384,0.9687326
3385,0.9567069
3386,0.003372991
3387,0.0069239503
3388,0.22541824
3389,0.0434083
3390,0.16348279
3391,0.9992605
3392,0.001001972
3393,0.09622969
3394,0.08113809
3395,0.044925034
3396,0.9959757
3397,0.99849975
3398,0.0018718267
3399,0.042895548
3400,0.10787519
3401,0.019412812
3402,0.020641254
3403,0.98736995
3404,0.10468471
3405,0.04466477
3406,0.1444453
3407,0.765554
3408,0.04913394
3409,0.017535375
3410,0.99827504
3411,0.03584829
3412,0.9317622
3413,0.98469007
3414,0.119825974
3415,0.3765079
3416,0.003073182
3417,0.03801724
3418,0.010742082
3419,0.023755865
3420,0.76464754
3421,0.012925747
3422,0.03259994
3423,0.08411685
3424,0.02029871
3425,0.020496977
3426,0.022056798
3427,0.0330995
3428,0.025817182
3429,0.96196026
3430,0.0014273762
3431,0.39801165
3432,0.4641065
3433,0.013797947
3434,0.990148
3435,0.027179455
3436,0.07713568
3437,0.3066234
3438,0.1095169
3439,0.33355665
3440,0.97881603
3441,0.43615544
3442,0.0026055549
3443,0.36452106
3444,0.583374
3445,0.21896994
3446,0.63940054
3447,0.035098325
3448,0.033709675
3449,0.011482363
3450,0.03143957
3451,0.006036523
3452,0.13618721
3453,0.8939967
3454,0.9991942
3455,0.95895714
3456,0.44861567
3457,0.23813227
3458,0.22119994
3459,0.000748465
3460,0.0960729
3461,0.9934395
3462,0.12987141
3463,0.010779741
3464,0.004478826
3465,0.02002121
3466,0.0053435876
3467,0.003143607
3468,0.32061827
3469,0.92485625
3470,0.0035252604
3471,0.34715903
3472,0.015505721
3473,0.0019826726
3474,0.0025703437
3475,0.791835
3476,0.16377732
3477,0.031233514
3478,0.0028316046
3479,0.9934716
3480,0.96501833
3481,0.05436678
3482,0.07051919
3483,0.8502566
3484,0.0035826508
3485,0.87590355
3486,0.9923698
3487,0.052368943
3488,0.012843642
3489,0.232762
3490,0.031516165
3491,0.04243784
3492,0.017388573
3493,0.041950338
3494,0.2923518
3495,0.30550876
3496,0.8828038
3497,0.89348567
3498,0.00076106365
3499,0.32197905
3500,0.9065357
3501,0.7142835
3502,0.0056842547
3503,0.025206665
3504,0.021420898
3505,0.002050564
3506,0.014175851
3507,0.0790696
3508,0.7461849
3509,0.01001436
3510,0.004105529
3511,0.9819219
3512,0.00520448
3513,0.029688813
3514,0.039090022
3515,0.04211033
3516,0.004168785
3517,0.9827376
3518,0.6170688
3519,0.98551255
3520,0.017659247
3521,0.052143835
3522,0.17296882
3523,0.1496316
3524,0.15899163
3525,0.17241614
3526,0.23315434
3527,0.016274681
3528,0.047911882
3529,0.82921034
3530,0.012708228
3531,0.02027999
3532,0.9970059
3533,0.017226052
3534,0.13773386
3535,0.025164895
3536,0.0153667405
3537,0.01699461
3538,0.009108828
3539,0.97666615
3540,0.003956225
3541,0.10263315
3542,0.018822903
3543,0.7747967
3544,0.022729088
3545,0.053778626
3546,0.04702964
3547,0.0014641957
3548,0.003009794
3549,0.012677555
3550,0.009029691
3551,0.9971294
3552,0.99659806
3553,0.5353549
3554,0.48420414
3555,0.99592316
3556,0.26709136
3557,0.8234843
3558,0.002865049
3559,0.21366706
3560,0.0025470522
3561,0.05999339
3562,0.09714017
3563,0.9477199
3564,0.2502927
3565,0.95520085
3566,0.96348
3567,0.026264463
3568,0.0025861803
3569,0.74992055
3570,0.14664692
3571,0.7363497
3572,0.58671916
3573,0.0015112875
3574,0.007816983
3575,0.46006328
3576,0.99952507
3577,0.013445872
3578,0.998645
3579,0.96308446
3580,0.13387187
3581,0.003030381
3582,0.5448854
3583,0.03494981
3584,0.9944272
3585,0.17740208
3586,0.8575031
3587,0.004260342
3588,0.10326734
3589,0.9819686
3590,0.035166204
3591,0.7693038
3592,0.9102398
3593,0.9306348
3594,0.9935946
3595,0.010884505
3596,0.07125192
3597,0.9565714
3598,0.003034175
3599,0.008035468
3600,0.99484503
3601,0.003627544
3602,0.0014137371
3603,0.044633918
3604,0.012470923
3605,0.4183636
3606,0.99375325
3607,0.0009747838
3608,0.42725933
3609,0.00034360334
3610,0.113858625
3611,0.83626086
3612,0.078804314
3613,0.9878928
3614,0.9133222
3615,0.010153332
3616,0.009017011
3617,0.017745232
3618,0.9943031
3619,0.8044623
3620,0.08116534
3621,0.7875999
3622,0.005195368
3623,0.9881959
3624,0.012455089
3625,0.7383466
3626,0.69190526
3627,0.45828164
3628,0.35502252
3629,0.06831108
3630,0.9802833
3631,0.065162934
3632,0.013989425
3633,0.01805312
3634,0.030556262
3635,0.004063556
3636,0.026450045
3637,0.03509252
3638,0.96137285
3639,0.014286769
3640,0.06538519
3641,0.047359213
3642,0.002161386
3643,0.0010355415
3644,0.9989116
3645,0.9610304
3646,0.9431271
3647,0.075093135
3648,0.8002638
3649,0.9645934
3650,0.0073629287
3651,0.006623479
3652,0.0022915048
3653,0.0049289265
3654,0.88879263
3655,0.23386385
3656,0.006694674
3657,0.0005919839
3658,0.013755206
3659,0.812936
3660,0.16426611
3661,0.53058046
3662,0.04526592
3663,0.083408505
3664,0.0018001855
3665,0.31914267
3666,0.98012036
3667,0.062287185
3668,0.90081567
3669,0.31696346
3670,0.13094842
3671,0.004852688
3672,0.024985623
3673,0.81414986
3674,0.16477194
3675,0.9944706
3676,0.06867218
3677,0.17152904
3678,0.98955244
3679,0.86651653
3680,0.0043464494
3681,0.0668051
3682,0.00888833
3683,0.18509781
3684,0.45970002
3685,0.1542688
3686,0.9975025
3687,0.13720135
3688,0.18696165
3689,0.9402219
3690,0.005611015
3691,0.7661712
3692,0.24262744
3693,0.9962704
3694,0.003336872
3695,0.9721034
3696,0.009926296
3697,0.9034351
3698,0.011716822
3699,0.011792048
3700,0.24003883
3701,0.12537728
3702,0.99692875
3703,0.10062872
3704,0.9817324
3705,0.9924211
3706,0.052551165
3707,0.25141415
3708,0.53679043
3709,0.0011786653
3710,0.042218648
3711,0.997948
3712,0.064087994
3713,0.062136747
3714,0.33027676
3715,0.008661647
3716,0.10147061
3717,0.8649494
3718,0.9776764
3719,0.17138138
3720,0.97533995
3721,0.19707893
3722,0.97865033
3723,0.9919556
3724,0.0023656155
3725,0.12165454
3726,0.017420344
3727,0.12749916
3728,0.15780604
3729,0.7210987
3730,0.9516561
3731,0.019584766
3732,0.104271136
3733,0.07460794
3734,0.005742346
3735,0.17308275
3736,0.0012893951
3737,0.012365474
3738,0.9987814
3739,0.98561203
3740,0.37927443
3741,0.97641766
3742,0.97714114
3743,0.051396385
3744,0.5033966
3745,0.30442953
3746,0.47746003
3747,0.034042258
3748,0.70156586
3749,0.013776019
3750,0.03616544
3751,0.004081649
3752,0.006775627
3753,0.24406336
3754,0.92605233
3755,0.010244453
3756,0.009015383
3757,0.020651935
3758,0.004545546
3759,0.89965004
3760,0.7600833
3761,0.96004367
3762,0.70052016
3763,0.34879193
3764,0.05231876
3765,0.21480775
3766,0.12382978
3767,0.10434262
3768,0.05266967
3769,0.9776708
3770,0.07313952
3771,0.99013186
3772,0.4614548
3773,0.026945585
3774,0.0047469544
3775,0.08972578
3776,0.14550479
3777,0.17864238
3778,0.013202729
3779,0.0050933384
3780,0.34701726
3781,0.27891886
3782,0.80170316
3783,0.047459792
3784,0.07219007
3785,0.93432
3786,0.039503165
3787,0.54428464
3788,0.0078097563
3789,0.91550183
3790,0.9874936
3791,0.9928854
3792,0.8488386
3793,0.084207386
3794,0.09247639
3795,0.728914
3796,0.9539371
3797,0.10010787
3798,0.15760091
3799,0.045256965
3800,0.0010329334
3801,0.030634435
3802,0.9953092
3803,0.108121276
3804,0.89328176
3805,0.00998489
3806,0.25866738
3807,0.99797946
3808,0.24230906
3809,0.1638711
3810,0.1410008
3811,0.22540481
3812,0.07684277
3813,0.012400224
3814,0.96139455
3815,0.019784924
3816,0.45053488
3817,0.073740505
3818,0.988736
3819,0.94214815
3820,0.598673
3821,0.032116283
3822,0.4824383
3823,0.022929113
3824,0.021757485
3825,0.9993418
3826,0.36737806
3827,0.014763002
3828,0.9197497
3829,0.085148744
3830,0.033200406
3831,0.9979857
3832,0.002794261
3833,0.10677443
3834,0.47428286
3835,0.060625304
3836,0.4498469
3837,0.99866855
3838,0.46118134
3839,0.99676824
3840,0.15010022
3841,0.050597977
3842,0.03787489
3843,0.09328801
3844,0.059652198
3845,0.9959864
3846,0.0039115767
3847,0.9898755
3848,0.0008491247
3849,0.0110257
3850,0.6922989
3851,0.99066836
3852,0.036426876
3853,0.7739163
3854,0.93042946
3855,0.0011772672
3856,0.00879785
3857,0.0047354205
3858,0.036672406
3859,0.08758258
3860,0.0064499113
3861,0.23210709
3862,0.008775239
3863,0.9847494
3864,0.99936086
3865,0.12318525
3866,0.9991035
3867,0.025939327
3868,0.4856234
3869,0.022165194
3870,0.4824047
3871,0.036794983
3872,0.35167688
3873,0.36921737
3874,0.030035436
3875,0.9991543
3876,0.33628157
3877,0.9940095
3878,0.026171455
3879,0.0021057304
3880,0.9991491
3881,0.9951374
3882,0.16401725
3883,0.7431781
3884,0.023404904
3885,0.03903703
3886,0.9761161
3887,0.11563453
3888,0.03496028
3889,0.11879599
3890,0.02087361
3891,0.96804184
3892,0.0033692056
3893,0.96331394
3894,0.030593963
3895,0.31626844
3896,0.2733554
3897,0.96082735
3898,0.23829648
3899,0.39794707
3900,0.093973815
3901,0.0013089223
3902,0.99139786
3903,0.640017
3904,0.015925108
3905,0.16193423
3906,0.9973793
3907,0.06649927
3908,0.074784294
3909,0.9994168
3910,0.0014444174
3911,0.0023083636
3912,0.2707877
3913,0.008764983
3914,0.969133
3915,0.03036786
3916,0.19933821
3917,0.01983436
3918,0.027352959
3919,0.0030811175
3920,0.08211211
3921,0.0013171792
3922,0.19400813
3923,0.012316502
3924,0.03931935
3925,0.9909841
3926,0.40426674
3927,0.009107008
3928,0.07462303
3929,0.93072367
3930,0.9960466
3931,0.0007279491
3932,0.0970349
3933,0.001511687
3934,0.90116656
3935,0.0064033573
3936,0.11407271
3937,0.34441695
3938,0.9877258
3939,0.01892656
3940,0.09630724
3941,0.9829102
3942,0.0062054046
3943,0.17192648
3944,0.9645197
3945,0.85735446
3946,0.014219457
3947,0.008980361
3948,0.15026513
3949,0.98731905
3950,0.046202626
3951,0.021069331
3952,0.9576543
3953,0.013788198
3954,0.996931
3955,0.003769607
3956,0.021285376
3957,0.4593721
3958,0.096073575
3959,0.9773656
3960,0.046941213
3961,0.037920337
3962,0.014593705
3963,0.9221185
3964,0.36576736
3965,0.056679178
3966,0.7884196
3967,0.0049102562
3968,0.0011828644
3969,0.016883455
3970,0.21123815
3971,0.9946936
3972,0.44559544
3973,0.44536805
3974,0.006617834
3975,0.9023232
3976,0.99599034
3977,0.1429877
3978,0.011299377
3979,0.55217737
3980,0.93128675
3981,0.98555994
3982,0.980229
3983,0.0010925042
3984,0.5611845
3985,0.016768618
3986,0.51781076
3987,0.002686029
3988,0.80895346
3989,0.007251489
3990,0.48132205
3991,0.8615443
3992,0.0057811863
3993,0.033772152
3994,0.6652307
3995,0.98979187
3996,0.40900055
3997,0.0016219183
3998,0.1442285
3999,0.020112572
4000,0.007813778
4001,0.028737508
4002,0.015063252
4003,0.048628237
4004,0.46045855
4005,0.5541676
4006,0.0955183
4007,0.00415965
4008,0.99527895
4009,0.03432903
4010,0.9977283
4011,0.98091084
4012,0.052052397
4013,0.011677711
4014,0.99931026
4015,0.9819326
4016,0.11414528
4017,0.03752064
4018,0.06186555
4019,0.022047583
4020,0.009393091
4021,0.009787688
4022,0.02763001
4023,0.006785685
4024,0.0019024805
4025,0.6918542
4026,0.9495856
4027,0.0054710074
4028,0.035950385
4029,0.032081217
4030,0.0023629745
4031,0.97470576
4032,0.07853893
4033,0.016938806
4034,0.0467849
4035,0.01055515
4036,0.0045254426
4037,0.013624968
4038,0.97542566
4039,0.0044181813
4040,0.40318868
4041,0.996117
4042,0.040182643
4043,0.06762577
4044,0.006631553
4045,0.00264855
4046,0.002985262
4047,0.062054746
4048,0.094157025
4049,0.08650719
4050,0.050508987
4051,0.092634216
4052,0.10319645
4053,0.8877191
4054,0.038785916
4055,0.004390877
4056,0.050005756
4057,0.21133505
4058,0.68478507
4059,0.062048737
4060,0.10593774
4061,0.9939148
4062,0.1237073
4063,0.26729253
4064,0.28682017
4065,0.15639956
4066,0.013143109
4067,0.31957665
4068,0.010814714
4069,0.025663171
4070,0.019809106
4071,0.9924992
4072,0.0007723774
4073,0.10733482
4074,0.06462682
4075,0.012638134
4076,0.4930227
4077,0.06187856
4078,0.32822564
4079,0.04397157
4080,0.0017574287
4081,0.8875155
4082,0.9101998
4083,0.37798542
4084,0.06575785
4085,0.05096553
4086,0.0629751
4087,0.006218136
4088,0.093654096
4089,0.018919528
4090,0.19266172
4091,0.0009028621
4092,0.1507621
4093,0.38531378
4094,0.0038894909
4095,0.005922189
4096,0.018286219
4097,0.10037598
4098,0.003141208
4099,0.9863831
4100,0.55260015
4101,0.06403433
4102,0.06955454
4103,0.15696743
4104,0.9913726
4105,0.38162294
4106,0.07123889
4107,0.78683966
4108,0.9923435
4109,0.9947259
4110,0.055014398
4111,0.0011547497
4112,0.99447376
4113,0.34347215
4114,0.04171477
4115,0.010093817
4116,0.017155334
4117,0.99831945
4118,0.02012717
4119,0.09611404
4120,0.98890615
4121,0.52942747
4122,0.76790684
4123,0.0036645234
4124,0.4242056
4125,0.026434334
4126,0.19250336
4127,0.045719463
4128,0.08162968
4129,0.4248832
4130,0.012414353
4131,0.24115573
4132,0.9186074
4133,0.9805155
4134,0.02497644
4135,0.18932518
4136,0.018746229
4137,0.92871416
4138,0.00070114527
4139,0.022298273
4140,0.9982761
4141,0.94074214
4142,0.052087512
4143,0.05701265
4144,0.9824853
4145,0.059536166
4146,0.12841259
4147,0.12514812
4148,0.17315257
4149,0.0124363005
4150,0.17701782
4151,0.03797525
4152,0.022329116
4153,0.20897143
4154,0.4587201
4155,0.8374766
4156,0.0567052
4157,0.001156441
4158,0.93778396
4159,0.14306557
4160,0.23505539
4161,0.37369132
4162,0.00648265
4163,0.004733758
4164,0.99463
4165,0.20960592
4166,0.007453038
4167,0.99042845
4168,0.25541353
4169,0.090415806
4170,0.99869776
4171,0.024030264
4172,0.89290476
4173,0.01554067
4174,0.003938816
4175,0.7418774
4176,0.059505098
4177,0.0047877477
4178,0.6141331
4179,0.071641706
4180,0.9765355
4181,0.2425153
4182,0.0010261035
4183,0.64092344
4184,0.9867024
4185,0.8658064
4186,0.98671526
4187,0.06362421
4188,0.01195832
4189,0.07058036
4190,0.00071230205
4191,0.22421971
4192,0.9748834
4193,0.10116031
4194,0.96046144
4195,0.05476864
4196,0.99922454
4197,0.8833082
4198,0.06690799
4199,0.9737499
4200,0.0038551202
4201,0.54839504
4202,0.09175289
4203,0.078642294
4204,0.055749483
4205,0.06451477
4206,0.51674795
4207,0.23419996
4208,0.16928113
4209,0.13675022
4210,0.4813667
4211,0.029441265
4212,0.08405575
4213,0.5005925
4214,0.019451559
4215,0.036003597
4216,0.014180724
4217,0.9967475
4218,0.9983284
4219,0.0034912988
4220,0.24123219
4221,0.99446106
4222,0.05362669
4223,0.52307546
4224,0.018439515
4225,0.027128868
4226,0.99825305
4227,0.32554126
4228,0.010990088
4229,0.4163304
4230,0.88339
4231,0.011350065
4232,0.0068322914
4233,0.024902064
4234,0.0005850041
4235,0.40992212
4236,0.009683875
4237,0.06388593
4238,0.031278647
4239,0.101070896
4240,0.26570827
4241,0.9769117
4242,0.0017833232
4243,0.018510781
4244,0.99646926
4245,0.079965346
4246,0.02175942
4247,0.0077310815
4248,0.055996068
4249,0.5092996
4250,0.39376563
4251,0.10688289
4252,0.004109014
4253,0.91374063
4254,0.026382897
4255,0.015322202
4256,0.049321737
4257,0.0015247001
4258,0.9441896
4259,0.0024933917
4260,0.9952152
4261,0.9941432
4262,0.32129556
4263,0.95204246
4264,0.009338785
4265,0.40075648
4266,0.9731794
4267,0.0046210224
4268,0.96931654
4269,0.051188864
4270,0.18014243
4271,0.0059436746
4272,0.13021898
4273,0.0030981088
4274,0.006422654
4275,0.98642504
4276,0.63260555
4277,0.018965594
4278,0.014181077
4279,0.27091908
4280,0.98957306
4281,0.2128567
4282,0.22892489
4283,0.0024329778
4284,0.0073586404
4285,0.2977921
4286,0.07057095
4287,0.9148792
4288,0.70523053
4289,0.01201405
4290,0.5190885
4291,0.025987871
4292,0.016037498
4293,0.5175757
4294,0.9517251
4295,0.74371636
4296,0.23445468
4297,0.99585235
4298,0.070085526
4299,0.012000688
4300,0.09903701
4301,0.9993999
4302,0.017175775
4303,0.047468703
4304,0.15253292
4305,0.0051838323
4306,0.027300721
4307,0.008777536
4308,0.980115
4309,0.97091955
4310,0.06576394
4311,0.0066684005
4312,0.991198
4313,0.9640067
4314,0.026139231
4315,0.004224198
4316,0.9737839
4317,0.9496468
4318,0.8573987
4319,0.010289064
4320,0.87730336
4321,0.0034033824
4322,0.3653996
4323,0.04844961
4324,0.73588896
4325,0.31970787
4326,0.0012553242
4327,0.5099161
4328,0.99124265
4329,0.007272036
4330,0.06836943
4331,0.018551461
4332,0.010180352
4333,0.02915845
4334,0.2285135
4335,0.029966554
4336,0.03203381
4337,0.05637617
4338,0.053019457
4339,0.24331833
4340,0.089472644
4341,0.07343033
4342,0.08276072
4343,0.99584913
4344,0.9685287
4345,0.012952359
4346,0.0028448731
4347,0.018568054
4348,0.073523805
4349,0.0016641713
4350,0.01318362
4351,0.012318173
4352,0.9909061
4353,0.12913755
4354,0.11576987
4355,0.04776307
4356,0.9918636
4357,0.02756671
4358,0.15525733
4359,0.0030262277
4360,0.986777
4361,0.59135264
4362,0.91481894
4363,0.052294627
4364,0.7619288
4365,0.106030405
4366,0.073030435
4367,0.9794038
4368,0.0005866175
4369,0.047389705
4370,0.15531345
4371,0.022662688
4372,0.99925095
4373,0.02270268
4374,0.074165255
4375,0.62087864
4376,0.03482801
4377,0.1406427
4378,0.98532957
4379,0.99883455
4380,0.096606016
4381,0.066857666
4382,0.08626888
4383,0.31798643
4384,0.73132807
4385,0.033151444
4386,0.11790382
4387,0.0012320728
4388,0.15908971
4389,0.025123233
4390,0.7664173
4391,0.044423122
4392,0.9345336
4393,0.11607498
4394,0.6342601
4395,0.019499341
4396,0.93023723
4397,0.00062526774
4398,0.9980434
4399,0.15532842
4400,0.990589
4401,0.13874976
4402,0.090618044
4403,0.004719321
4404,0.038761657
4405,0.0586056
4406,0.0007086398
4407,0.018852603
4408,0.12232049
4409,0.06701907
4410,0.006259308
4411,0.0010731294
4412,0.009165261
4413,0.03591172
4414,0.73096687
4415,0.03506409
4416,0.41820934
4417,0.028158803
4418,0.031281378
4419,0.47792155
4420,0.0065308255
4421,0.005145984
4422,0.0011355532
4423,0.06489359
4424,0.0047789244
4425,0.044768993
4426,0.01112856
4427,0.002005891
4428,0.02623308
4429,0.10944173
4430,0.012973115
4431,0.110677876
4432,0.0013930259
4433,0.060830757
4434,0.060512677
4435,0.14537415
4436,0.0025164497
4437,0.10766124
4438,0.04902397
4439,0.0978416
4440,0.8487227
4441,0.0030827688
4442,0.66706383
4443,0.058807284
4444,0.49014953
4445,0.094855
4446,0.017483506
4447,0.43591124
4448,0.009652674
4449,0.89002687
4450,0.09589527
4451,0.92836845
4452,0.91708344
4453,0.058745332
4454,0.8930097
4455,0.016556617
4456,0.04690029
4457,0.9976477
4458,0.022199344
4459,0.123889945
4460,0.53938407
4461,0.039961297
4462,0.010596263
4463,0.0028049147
4464,0.055635586
4465,0.008846075
4466,0.19014192
4467,0.9980648
4468,0.98168564
4469,0.1061654
4470,0.03616362
4471,0.0045275697
4472,0.2772098
4473,0.17999174
4474,0.35362825
4475,0.986937
4476,0.09080784
4477,0.024142254
4478,0.86538637
4479,0.10908161
4480,0.5967536
4481,0.04780448
4482,0.012843691
4483,0.97649777
4484,0.015365629
4485,0.022430157
4486,0.9959074
4487,0.06247878
4488,0.061953105
4489,0.0053696334
4490,0.057742756
4491,0.0010541813
4492,0.0079596825
4493,0.21761023
4494,0.21669105
4495,0.11733532
4496,0.25359556
4497,0.16690482
4498,0.006266989
4499,0.028684983
4500,0.22060761
4501,0.02245953
4502,0.2337504
4503,0.9942952
4504,0.22882631
4505,0.15671867
4506,0.46321955
4507,0.12849276
4508,0.0053321877
4509,0.009669751
4510,0.21516132
4511,0.48534724
4512,0.032303307
4513,0.0004998794
4514,0.05054869
4515,0.52522457
4516,0.9486403
4517,0.10138543
4518,0.9934847
4519,0.0380438
4520,0.19824873
4521,0.81998956
4522,0.17062825
4523,0.9666462
4524,0.7649493
4525,0.98787886
4526,0.122256756
4527,0.020951493
4528,0.00080033106
4529,0.98883665
4530,0.3941709
4531,0.0053823385
4532,0.009766683
4533,0.16032927
4534,0.75207025
4535,0.016034722
4536,0.4351886
4537,0.0379911
4538,0.053630125
4539,0.5573189
4540,0.3316348
4541,0.004635721
4542,0.022984602
4543,0.98889345
4544,0.9889964
4545,0.029765671
4546,0.1896897
4547,0.054124225
4548,0.69773865
4549,0.01948098
4550,0.024811894
4551,0.9878654
4552,0.72265965
4553,0.1854403
4554,0.019250115
4555,0.1588238
4556,0.024731336
4557,0.47757432
4558,0.9835892
4559,0.6979774
4560,0.0005143699
4561,0.009269818
4562,0.9913935
4563,0.0043521174
4564,0.11050222
4565,0.099465296
4566,0.082121395
4567,0.09755244
4568,0.0023341975
4569,0.018137831
4570,0.001995098
4571,0.007259767
4572,0.1238249
4573,0.017476398
4574,0.32341236
4575,0.0017145125
4576,0.13438717
4577,0.32007504
4578,0.03516396
4579,0.023034437
4580,0.22068371
4581,0.16386032
4582,0.9613822
4583,0.021956952
4584,0.98512864
4585,0.9544501
4586,0.17194824
4587,0.36807323
4588,0.017843464
4589,0.010212625
4590,0.041272808
4591,0.0016413687
4592,0.014241343
4593,0.005344153
4594,0.97905755
4595,0.012381685
4596,0.12731811
4597,0.9942912
4598,0.28344944
4599,0.5534811
4600,0.0044712042
4601,0.0029157416
4602,0.02808303
4603,0.03432027
4604,0.0032857475
4605,0.0640564
4606,0.07897753
4607,0.10171026
4608,0.9924406
4609,0.0052724984
4610,0.98635155
4611,0.08193026
4612,0.2264297
4613,0.058578663
4614,0.984729
4615,0.97626966
4616,0.031186227
4617,0.29725435
4618,0.9825347
4619,0.8445301
4620,0.9914914
4621,0.017015798
4622,0.60357535
4623,0.045595385
4624,0.6632522
4625,0.0016946491
4626,0.05033006
4627,0.029132474
4628,0.76569855
4629,0.08123833
4630,0.046676718
4631,0.9903861
4632,0.029845923
4633,0.8262478
4634,0.023148306
4635,0.061972693
4636,0.053849887
4637,0.9925338
4638,0.09180887
4639,0.050355073
4640,0.023037758
4641,0.11189265
4642,0.96525586
4643,0.99914014
4644,0.9994592
4645,0.0028524215
4646,0.9077562
4647,0.05227374
4648,0.024164451
4649,0.22357388
4650,0.003930323
4651,0.7867206
4652,0.013094013
4653,0.2505167
4654,0.060954053
4655,0.0043153167
4656,0.77694273
4657,0.9874495
4658,0.02086259
4659,0.73696053
4660,0.1529781
4661,0.16110627
4662,0.012559501
4663,0.09902137
4664,0.22323284
4665,0.0008686218
4666,0.5529571
4667,0.0073262737
4668,0.042327974
4669,0.0047854516
4670,0.18166631
4671,0.9979917
4672,0.12682834
4673,0.0030054243
4674,0.0031421669
4675,0.9937915
4676,0.017884852
4677,0.01618063
4678,0.007986075
4679,0.9863238
4680,0.14672439
4681,0.018320516
4682,0.009492629
4683,0.5164467
4684,0.00749004
4685,0.8090625
4686,0.4824779
4687,0.010425557
4688,0.020955972
4689,0.12993181
4690,0.021895906
4691,0.13673006
4692,0.023577763
4693,0.99822074
4694,0.011871336
4695,0.501841
4696,0.20885809
4697,0.49656042
4698,0.99745196
4699,0.08467611
4700,0.5779659
4701,0.16572145
4702,0.008236012
4703,0.22103782
4704,0.004371311
4705,0.13968611
4706,0.043423567
4707,0.0022776383
4708,0.06610131
4709,0.067651644
4710,0.31139317
4711,0.98756045
4712,0.24742088
4713,0.0046447814
4714,0.003816591
4715,0.16422002
4716,0.0012832101
4717,0.020527601
4718,0.90042466
4719,0.38808897
4720,0.005649674
4721,0.10025471
4722,0.9857781
4723,0.85082227
4724,0.008600386
4725,0.0057939254
4726,0.10880202
4727,0.07879237
4728,0.12641881
4729,0.011376121
4730,0.0006628875
4731,0.0019442525
4732,0.056870177
4733,0.97960234
4734,0.026301721
4735,0.013534911
4736,0.9768039
4737,0.17271622
4738,0.85658544
4739,0.4108479
4740,0.99729496
4741,0.012365433
4742,0.9486487
4743,0.05520727
4744,0.06327827
4745,0.20214944
4746,0.08451125
4747,0.03604512
4748,0.007477417
4749,0.037391305
4750,0.7916589
4751,0.99741566
4752,0.05633817
4753,0.2687247
4754,0.18952419
4755,0.12989375
4756,0.0038580731
4757,0.03719998
4758,0.09130659
4759,0.11502957
4760,0.96613574
4761,0.62699497
4762,0.05657993
4763,0.006006163
4764,0.00115937
4765,0.110649034
4766,0.1677365
4767,0.656239
4768,0.97435445
4769,0.78599066
4770,0.0037811678
4771,0.016566977
4772,0.07441178
4773,0.0038229234
4774,0.39655963
4775,0.0013504011
4776,0.011666952
4777,0.024101378
4778,0.007557524
4779,0.98689073
4780,0.99849486
4781,0.5945922
4782,0.99710184
4783,0.12025288
4784,0.4707982
4785,0.09459654
4786,0.008631173
4787,0.9121942
4788,0.06747076
4789,0.0011696751
4790,0.001796652
4791,0.006268218
4792,0.9216149
4793,0.9941907
4794,0.04064056
4795,0.0018736663
4796,0.99651694
4797,0.004820284
4798,0.81326956
4799,0.42656434
4800,0.51024914
4801,0.6945915
4802,0.002897063
4803,0.0070218453
4804,0.008637802
4805,0.0017647982
4806,0.37462726
4807,0.98155814
4808,0.06893227
4809,0.044280194
4810,0.03788298
4811,0.09228435
4812,0.04325177
4813,0.78427017
4814,0.9919853
4815,0.30016834
4816,0.4872865
4817,0.028855154
4818,0.06612303
4819,0.079995975
4820,0.99707043
4821,0.80141973
4822,0.007955783
4823,0.80409765
4824,0.62450373
4825,0.80019164
4826,0.0094065005
4827,0.048988093
4828,0.007959201
4829,0.04070128
4830,0.0057934835
4831,0.19933844
4832,0.35511068
4833,0.058544014
4834,0.023067033
4835,0.038775347
4836,0.027938591
4837,0.02282396
4838,0.02352824
4839,0.0024228191
4840,0.98809993
4841,0.13192059
4842,0.98478496
4843,0.07120826
4844,0.08544221
4845,0.027688442
4846,0.008185707
4847,0.9855136
4848,0.7945847
4849,0.002149702
4850,0.31163
4851,0.02210163
4852,0.45103845
4853,0.33868352
4854,0.90851706
4855,0.042435866
4856,0.5253954
4857,0.092830434
4858,0.10638805
4859,0.06986554
4860,0.07643605
4861,0.79180014
4862,0.05805215
4863,0.0074262917
4864,0.6824181
4865,0.32356474
4866,0.0016622483
4867,0.089677796
4868,0.062406633
4869,0.0011382749
4870,0.04267033
4871,0.2676692
4872,0.31761625
4873,0.035784315
4874,0.99605894
4875,0.19175075
4876,0.023792611
4877,0.025178889
4878,0.9625847
4879,0.46133742
4880,0.8330171
4881,0.9797132
4882,0.021436205
4883,0.05868437
4884,0.013691745
4885,0.7256437
4886,0.98061097
4887,0.004029595
4888,0.026587382
4889,0.071344316
4890,0.013892786
4891,0.561787
4892,0.9944353
4893,0.91187114
4894,0.25937128
4895,0.11354049
4896,0.80972
4897,0.94544303
4898,0.13045698
4899,0.9607081
4900,0.007135704
4901,0.9473681
4902,0.16280901
4903,0.12060478
4904,0.022372013
4905,0.3542295
4906,0.0042277374
4907,0.7940954
4908,0.010628978
4909,0.053743914
4910,0.99290484
4911,0.13537244
4912,0.012094482
4913,0.90375733
4914,0.04305828
4915,0.9886432
4916,0.6112393
4917,0.46551365
4918,0.9866876
4919,0.70518833
4920,0.012784294
4921,0.9844285
4922,0.99416625
4923,0.0011697811
4924,0.9718285
4925,0.053883847
4926,0.016847331
4927,0.9052078
4928,0.5272194
4929,0.006552661
4930,0.99092263
4931,0.9002187
4932,0.8003816
4933,0.9984598
4934,0.05010004
4935,0.028519105
4936,0.019624801
4937,0.6624866
4938,0.012578053
4939,0.9848557
4940,0.006163744
4941,0.012350756
4942,0.51899576
4943,0.0016404571
4944,0.025810681
4945,0.18519382
4946,0.054972604
4947,0.05517899
4948,0.12060727
4949,0.95774895
4950,0.25933802
4951,0.086728804
4952,0.34569207
4953,0.06009974
4954,0.72264844
4955,0.4692812
4956,0.08362792
4957,0.08115969
4958,0.9945589
4959,0.47310928
4960,0.0005305793
4961,0.26724914
4962,0.09191686
4963,0.17960128
4964,0.9711128
4965,0.0072217165
4966,0.013926777
4967,0.3206944
4968,0.001676418
4969,0.08632835
4970,0.98834455
4971,0.080576874
4972,0.040630277
4973,0.0035713608
4974,0.027269557
4975,0.95053077
4976,0.19726098
4977,0.8091007
4978,0.009302961
4979,0.9073875
4980,0.491417
4981,0.0019977079
4982,0.09389372
4983,0.9093108
4984,0.70441926
4985,0.58582014
4986,0.99336725
4987,0.9796596
4988,0.015983073
4989,0.00048804877
4990,0.0021973953
4991,0.56384
4992,0.0096743405
4993,0.028960267
4994,0.12393518
4995,0.0034470817
4996,0.9629355
4997,0.010128949
4998,0.42048666
4999,0.6155195
5000,0.0102978805
5001,0.014068837
5002,0.08198858
5003,0.47563365
5004,0.42842874
5005,0.064428374
5006,0.009386971
5007,0.85670924
5008,0.978974
5009,0.01735743
5010,0.0011471382
5011,0.5657496
5012,0.020461151
5013,0.107711226
5014,0.11246843
5015,0.48501423
5016,0.9508656
5017,0.42526323
5018,0.989801
5019,0.9778234
5020,0.015347979
5021,0.17602108
5022,0.005382826
5023,0.00062369765
5024,0.37530026
5025,0.036840927
5026,0.018372253
5027,0.15047757
5028,0.9976966
5029,0.78564847
5030,0.011716441
5031,0.018258534
5032,0.12763181
5033,0.98506814
5034,0.97386646
5035,0.02208986
5036,0.03643775
5037,0.00065022754
5038,0.0073629254
5039,0.36174875
5040,0.92961174
5041,0.19065593
5042,0.98597974
5043,0.017390814
5044,0.0033237685
5045,0.24825077
5046,0.023009753
5047,0.001031288
5048,0.6873805
5049,0.08220385
5050,0.07943563
5051,0.87492555
5052,0.0036707402
5053,0.084521934
5054,0.2216922
5055,0.0053966553
5056,0.9219843
5057,0.025157327
5058,0.9870952
5059,0.06935745
5060,0.19499047
5061,0.03451186
5062,0.005448939
5063,0.003756204
5064,0.025969392
5065,0.47104582
5066,0.34287462
5067,0.033280775
5068,0.9903065
5069,0.7208869
5070,0.9803091
5071,0.11884806
5072,0.015612143
5073,0.0097750975
5074,0.004544716
5075,0.5273018
5076,0.3573328
5077,0.055710956
5078,0.0871261
5079,0.9767694
5080,0.035707984
5081,0.00091203605
5082,0.10927773
5083,0.050159447
5084,0.00059675326
5085,0.9796118
5086,0.9983986
5087,0.002388276
5088,0.04150883
5089,0.02667979
5090,0.18142807
5091,0.016476218
5092,0.99892896
5093,0.3988901
5094,0.02725044
5095,0.08628153
5096,0.017598156
5097,0.0056811185
5098,0.099115595
5099,0.0008105658
5100,0.033848915
5101,0.25104368
5102,0.56225556
5103,0.003253181
5104,0.0025222362
5105,0.04390825
5106,0.99937576
5107,0.9888206
5108,0.73171675
5109,0.9585161
5110,0.0107795065
5111,0.9948902
5112,0.9766641
5113,0.10713628
5114,0.99400467
5115,0.96892965
5116,0.8828221
5117,0.8087479
5118,0.9707266
5119,0.018856259
5120,0.99500954
5121,0.013466894
5122,0.032541163
5123,0.9319742
5124,0.0040879804
5125,0.9841155
5126,0.065463506
5127,0.6577117
5128,0.050976023
5129,0.5073226
5130,0.02368198
5131,0.012327522
5132,0.048900295
5133,0.17466757
5134,0.8082705
5135,0.48130476
5136,0.0019211767
5137,0.72152895
5138,0.024054006
5139,0.29885638
5140,0.073550135
5141,0.34585854
5142,0.10624874
5143,0.0011337132
5144,0.00420639
5145,0.0013742298
5146,0.017457724
5147,0.013098968
5148,0.005498453
5149,0.003950539
5150,0.10825071
5151,0.8648917
5152,0.03495239
5153,0.050989475
5154,0.9965733
5155,0.11225329
5156,0.0023775378
5157,0.009671472
5158,0.0023997987
5159,0.046449877
5160,0.15638347
5161,0.010310047
5162,0.0013903526
5163,0.06750796
5164,0.009225038
5165,0.20023033
5166,0.48154798
5167,0.056143172
5168,0.0516515
5169,0.04359484
5170,0.07082323
5171,0.5043902
5172,0.69841427
5173,0.044700045
5174,0.008968511
5175,0.99893886
5176,0.21316719
5177,0.98981744
5178,0.95530885
5179,0.94207066
5180,0.018766018
5181,0.017432118
5182,0.07677351
5183,0.001066636
5184,0.048531584
5185,0.03750635
5186,0.0005762552
5187,0.051523786
5188,0.9930737
5189,0.03955734
5190,0.094271645
5191,0.48114294
5192,0.045745634
5193,0.13313684
5194,0.19155622
5195,0.3277229
5196,0.056614656
5197,0.041481208
5198,0.037858464
5199,0.005740076
5200,0.002824797
5201,0.138411
5202,0.061319605
5203,0.0053560664
5204,0.20808914
5205,0.0011110023
5206,0.059256647
5207,0.4503939
5208,0.021362646
5209,0.62215185
5210,0.9866107
5211,0.9661487
5212,0.26555365
5213,0.26982978
5214,0.027570117
5215,0.7905509
5216,0.97217566
5217,0.020016335
5218,0.38643014
5219,0.00076554174
5220,0.97031677
5221,0.015379155
5222,0.05424838
5223,0.09067046
5224,0.573602
5225,0.0015412509
5226,0.99066305
5227,0.8720671
5228,0.97743726
5229,0.99581194
5230,0.015702412
5231,0.24886842
5232,0.9799675
5233,0.035735235
5234,0.012823422
5235,0.006669522
5236,0.0022891436
5237,0.9733386
5238,0.17118889
5239,0.009764875
5240,0.015681207
5241,0.01665993
5242,0.026041226
5243,0.07813173
5244,0.9929368
5245,0.77651185
5246,0.12002428
5247,0.055408914
5248,0.032110203
5249,0.1664912
5250,0.23378494
5251,0.30409202
5252,0.5563228
5253,0.024941396
5254,0.028989421
5255,0.35632816
5256,0.0022985765
5257,0.3206905
5258,0.892883
5259,0.91668445
5260,0.050743442
5261,0.0029627064
5262,0.9674448
5263,0.005321478
5264,0.5236028
5265,0.029821424
5266,0.99433535
5267,0.0020954001
5268,0.02216243
5269,0.015291378
5270,0.4264077
5271,0.1677941
5272,0.9873515
5273,0.0076177777
5274,0.4409617
5275,0.91311336
5276,0.1704469
5277,0.8083766
5278,0.20124167
5279,0.0077192136
5280,0.0060760938
5281,0.0015044665
5282,0.99387145
5283,0.12563404
5284,0.014959617
5285,0.0016118529
5286,0.01203823
5287,0.043476183
5288,0.03818907
5289,0.021213425
5290,0.0020562361
5291,0.9983827
5292,0.9502362
5293,0.08653308
5294,0.8775148
5295,0.023167646
5296,0.12692009
5297,0.0013230502
5298,0.6702227
5299,0.0015571335
5300,0.0077932505
5301,0.16970852
5302,0.32621878
5303,0.13073342
5304,0.18204291
5305,0.05729867
5306,0.07868468
5307,0.9202522
5308,0.0580165
5309,0.041006695
5310,0.01777179
5311,0.9114959
5312,0.26386926
5313,0.01392239
5314,0.6032161
5315,0.6206915
5316,0.056425817
5317,0.046903383
5318,0.003641474
5319,0.67041886
5320,0.012694032
5321,0.026530161
5322,0.08836297
5323,0.05661604
5324,0.93269974
5325,0.1424217
5326,0.0010716507
5327,0.004348344
5328,0.045447726
5329,0.9672831
5330,0.005866445
5331,0.09263332
5332,0.009280093
5333,0.026636504
5334,0.99082035
5335,0.62540776
5336,0.008984584
5337,0.060042847
5338,0.10546277
5339,0.042733137
5340,0.0043184776
5341,0.001044898
5342,0.95989263
5343,0.06709117
5344,0.07144724
5345,0.01559354
5346,0.24850376
5347,0.9746236
5348,0.02159154
5349,0.013618043
5350,0.91097474
5351,0.99811137
5352,0.79977804
5353,0.012667448
5354,0.35452402
5355,0.96013045
5356,0.03784058
5357,0.12568092
5358,0.9990688
5359,0.003895992
5360,0.02400917
5361,0.76457417
5362,0.091187514
5363,0.012288853
5364,0.0043306425
5365,0.98536634
5366,0.0015182298
5367,0.0006073369
5368,0.968933
5369,0.95546085
5370,0.059121042
5371,0.011500335
5372,0.0030828128
5373,0.25426516
5374,0.0021299913
5375,0.010693959
5376,0.029390644
5377,0.006265329
5378,0.022526393
5379,0.32296413
5380,0.589145
5381,0.016123602
5382,0.25425684
5383,0.0691717
5384,0.04207732
5385,0.020888442
5386,0.042542372
5387,0.7532997
5388,0.011021666
5389,0.9939499
5390,0.2717242
5391,0.005443342
5392,0.0012268043
5393,0.993664
5394,0.0130416425
5395,0.93348885
5396,0.05516872
5397,0.14932707
5398,0.060789708
5399,0.34830382
5400,0.02405735
5401,0.2707554
5402,0.0056175403
5403,0.12759972
5404,0.014391553
5405,0.09845097
5406,0.9571102
5407,0.8803379
5408,0.02879057
5409,0.0058770278
5410,0.1126126
5411,0.11042744
5412,0.9815797
5413,0.084078744
5414,0.0012981471
5415,0.9936858
5416,0.054811157
5417,0.12441251
5418,0.0497578
5419,0.19898726
5420,0.018101247
5421,0.047389008
5422,0.018792251
5423,0.013609994
5424,0.97843754
5425,0.9882685
5426,0.03305953
5427,0.011611177
5428,0.0029138264
5429,0.001556505
5430,0.71038115
5431,0.033193525
5432,0.8756306
5433,0.14051971
5434,0.9842106
5435,0.80955774
5436,0.9949627
5437,0.026618998
5438,0.14596967
5439,0.5877257
5440,0.9787323
5441,0.0045570177
5442,0.03390844
5443,0.47062165
5444,0.0056623104
5445,0.97864234
5446,0.20878656
5447,0.15295602
5448,0.07050677
5449,0.0018722428
5450,0.9869578
5451,0.0010610052
5452,0.9933541
5453,0.06558518
5454,0.04540452
5455,0.96431446
5456,0.0030367682
5457,0.026666192
5458,0.0022457445
5459,0.98302794
5460,0.99193114
5461,0.007037659
5462,0.022629881
5463,0.04414047
5464,0.003221126
5465,0.13810582
5466,0.6939443
5467,0.9922484
5468,0.04859797
5469,0.049882725
5470,0.99861073
5471,0.55956143
5472,0.04234192
5473,0.0012571597
5474,0.2751517
5475,0.005028173
5476,0.040906876
5477,0.75612754
5478,0.22484373
5479,0.99097544
5480,0.07683303
5481,0.025500275
5482,0.005120361
5483,0.28070906
5484,0.55108255
5485,0.13376018
5486,0.0547071
5487,0.2368512
5488,0.06188997
5489,0.33608902
5490,0.014923395
5491,0.6037051
5492,0.038700204
5493,0.022077553
5494,0.84395033
5495,0.86839336
5496,0.014233374
5497,0.1383391
5498,0.04237819
5499,0.0045890994
5500,0.0007870241
5501,0.2865541
5502,0.0067374483
5503,0.037682276
5504,0.9541759
5505,0.9812983
5506,0.011637204
5507,0.09435851
5508,0.04245669
5509,0.9911249
5510,0.002232386
5511,0.9951664
5512,0.0025780615
5513,0.020495327
5514,0.16458279
5515,0.008345023
5516,0.060464356
5517,0.074932136
5518,0.21950729
5519,0.030473534
5520,0.018966513
5521,0.99746704
5522,0.8283242
5523,0.16800492
5524,0.99254274
5525,0.077351674
5526,0.08334994
5527,0.9250842
5528,0.008328863
5529,0.006694055
5530,0.083156765
5531,0.049090385
5532,0.05007418
5533,0.069036365
5534,0.14013612
5535,0.05309757
5536,0.03954183
5537,0.009100251
5538,0.0050218883
5539,0.028652264
5540,0.9461775
5541,0.001528123
5542,0.07171108
5543,0.0027932222
5544,0.0042981594
5545,0.9939844
5546,0.55732244
5547,0.047119126
5548,0.015671952
5549,0.9945623
5550,0.026821576
5551,0.17536415
5552,0.0153470645
5553,0.05932698
5554,0.6575352
5555,0.11575105
5556,0.16835262
5557,0.41545746
5558,0.9924172
5559,0.16072682
5560,0.99693274
5561,0.8154643
5562,0.0029694622
5563,0.069781736
5564,0.010048265
5565,0.997894
5566,0.45242873
5567,0.018757503
5568,0.03147173
5569,0.04674295
5570,0.99582076
5571,0.015454663
5572,0.0009098892
5573,0.032783646
5574,0.9517335
5575,0.17903507
5576,0.017418206
5577,0.020062324
5578,0.14452456
5579,0.29802886
5580,0.9971584
5581,0.19074069
5582,0.0051920176
5583,0.024326794
5584,0.5363207
5585,0.008414701
5586,0.2830052
5587,0.6311462
5588,0.056256365
5589,0.10218084
5590,0.047893725
5591,0.023100333
5592,0.5004103
5593,0.001870684
5594,0.08085382
5595,0.04216015
5596,0.38725358
5597,0.97773355
5598,0.01611297
5599,0.92107886
5600,0.99398685
5601,0.03914675
5602,0.06111
5603,0.5418368
5604,0.0025107386
5605,0.85865325
5606,0.15405034
5607,0.00061498315
5608,0.35185158
5609,0.97289723
5610,0.013621976
5611,0.038474508
5612,0.05103407
5613,0.13155204
5614,0.19358678
5615,0.0009534454
5616,0.04981277
5617,0.8477918
5618,0.99904186
5619,0.09285852
5620,0.017747227
5621,0.17306522
5622,0.006237732
5623,0.00081137486
5624,0.14419702
5625,0.36671394
5626,0.093080185
5627,0.9992481
5628,0.04566068
5629,0.08320217
5630,0.9956506
5631,0.03241448
5632,0.0090179825
5633,0.0055662654
5634,0.70724684
5635,0.028139414
5636,0.0016209448
5637,0.080848806
5638,0.72908425
5639,0.0022582565
5640,0.00872089
5641,0.10584027
5642,0.013035407
5643,0.9231925
5644,0.03188378
5645,0.01824139
5646,0.93650323
5647,0.026372585
5648,0.014467162
5649,0.031747248
5650,0.0055975984
5651,0.110136524
5652,0.008862208
5653,0.012546126
5654,0.013629051
5655,0.98260146
5656,0.20235889
5657,0.17519873
5658,0.022065207
5659,0.072226845
5660,0.009880476
5661,0.9810097
5662,0.0072971457
5663,0.27280727
5664,0.009363026
5665,0.9447648
5666,0.057836182
5667,0.9751331
5668,0.9990231
5669,0.63213927
5670,0.98491967
5671,0.07084024
5672,0.008880273
5673,0.30689237
5674,0.94136006
5675,0.2813131
5676,0.99912864
5677,0.039101873
5678,0.056597658
5679,0.9915412
5680,0.0061725304
5681,0.057252664
5682,0.5387872
5683,0.1418351
5684,0.044744246
5685,0.08956903
5686,0.12625511
5687,0.16391714
5688,0.023738857
5689,0.018370928
5690,0.011455657
5691,0.0040288656
5692,0.013268168
5693,0.39584756
5694,0.053849187
5695,0.41194305
5696,0.13192633
5697,0.44286653
5698,0.016035248
5699,0.28579918
5700,0.05905111
5701,0.98948073
5702,0.026421888
5703,0.35875043
5704,0.93911374
5705,0.8237296
5706,0.054876655
5707,0.014935338
5708,0.12368591
5709,0.9720776
5710,0.99669135
5711,0.045286328
5712,0.0010094974
5713,0.010071244
5714,0.36207902
5715,0.020886693
5716,0.0017623008
5717,0.8740039
5718,0.97966343
5719,0.00087823573
5720,0.5837367
5721,0.0024461942
5722,0.9961892
5723,0.5238723
5724,0.011739786
5725,0.06534068
5726,0.32338884
5727,0.97208697
5728,0.8685778
5729,0.0028272711
5730,0.40464312
5731,0.9925598
5732,0.0067357635
5733,0.16641006
5734,0.9987991
5735,0.020850219
5736,0.0011842343
5737,0.97141
5738,0.897746
5739,0.005185424
5740,0.2206066
5741,0.058160152
5742,0.08857959
5743,0.9065008
5744,0.25474358
5745,0.0018180558
5746,0.03591068
5747,0.056103934
5748,0.040836778
5749,0.44538635
5750,0.9910732
5751,0.0034756565
5752,0.09911381
5753,0.0062972354
5754,0.003780717
5755,0.024382602
5756,0.001493271
5757,0.13369949
5758,0.9359761
5759,0.08575396
5760,0.016412882
5761,0.00083584734
5762,0.58722156
5763,0.9521808
5764,0.00079684344
5765,0.71128273
5766,0.9948965
5767,0.03774577
5768,0.93822944
5769,0.0012098633
5770,0.10432427
5771,0.9990293
5772,0.10867907
5773,0.65709406
5774,0.9953473
5775,0.08264525
5776,0.9731126
5777,0.0010206316
5778,0.036551192
5779,0.0087286215
5780,0.032468554
5781,0.60878503
5782,0.03991203
5783,0.4882064
5784,0.96793103
5785,0.8981579
5786,0.0007543367
5787,0.15278053
5788,0.9967584
5789,0.010677426
5790,0.992105
5791,0.99922454
5792,0.011974015
5793,0.121249124
5794,0.142697
5795,0.10562362
5796,0.04968041
5797,0.9708926
5798,0.99805
5799,0.035068873
5800,0.20361798
5801,0.120131515
5802,0.9838615
5803,0.4445226
5804,0.031324703
5805,0.07377199
5806,0.97859174
5807,0.023199167
5808,0.99862933
5809,0.007266719
5810,0.035552893
5811,0.9647066
5812,0.99492466
5813,0.9470043
5814,0.9580532
5815,0.98907554
5816,0.9874986
5817,0.9847073
5818,0.039183706
5819,0.99864346
5820,0.28156784
5821,0.032986585
5822,0.99735826
5823,0.0029697262
5824,0.9159121
5825,0.017168323
5826,0.014491276
5827,0.017680742
5828,0.9816097
5829,0.21115863
5830,0.0418965
5831,0.045660336
5832,0.4745608
5833,0.04462915
5834,0.015702337
5835,0.94592667
5836,0.09244924
5837,0.75528735
5838,0.004955055
5839,0.0019362301
5840,0.0024420773
5841,0.97898203
5842,0.062575325
5843,0.08657628
5844,0.09447678
5845,0.49589843
5846,0.98895603
5847,0.08084244
5848,0.07149838
5849,0.015860649
5850,0.9953644
5851,0.95308065
5852,0.8146728
5853,0.20205288
5854,0.8663555
5855,0.0064919684
5856,0.11566719
5857,0.0625468
5858,0.4621132
5859,0.030252622
5860,0.9918538
5861,0.016526788
5862,0.6188195
5863,0.10895709
5864,0.18307051
5865,0.13824184
5866,0.018171813
5867,0.05735762
5868,0.05161621
5869,0.033903513
5870,0.0009927294
5871,0.18588765
5872,0.0018511923
5873,0.017719883
5874,0.99506927
5875,0.9986117
5876,0.059440564
5877,0.97050315
5878,0.13993205
5879,0.021089409
5880,0.10750758
5881,0.20989332
5882,0.010433594
5883,0.11317824
5884,0.6295284
5885,0.0066929553
5886,0.61761236
5887,0.9358837
5888,0.5427017
5889,0.97289455
5890,0.00217541
5891,0.020397607
5892,0.6928232
5893,0.03628236
5894,0.03264701
5895,0.039351255
5896,0.010614255
5897,0.017809985
5898,0.73571306
5899,0.073073894
5900,0.11162598
5901,0.4249641
5902,0.40601495
5903,0.98142976
5904,0.9180776
5905,0.35180846
5906,0.04705089
5907,0.9960232
5908,0.018861033
5909,0.0466372
5910,0.06141918
5911,0.13844243
5912,0.9975313
5913,0.002554046
5914,0.03374798
5915,0.113944426
5916,0.0030293553
5917,0.007822466
5918,0.9710423
5919,0.060233578
5920,0.9896465
5921,0.039528985
5922,0.038555488
5923,0.059496503
5924,0.19796506
5925,0.07985744
5926,0.9859095
5927,0.22314315
5928,0.02940733
5929,0.0037563343
5930,0.1101336
5931,0.9791773
5932,0.03278934
5933,0.96690804
5934,0.62013304
5935,0.06414465
5936,0.005363759
5937,0.085555755
5938,0.45266995
5939,0.0028982756
5940,0.9748849
5941,0.0405003
5942,0.09723527
5943,0.051800728
5944,0.44485465
5945,0.99343336
5946,0.061972093
5947,0.022878522
5948,0.06335562
5949,0.77217627
5950,0.005828521
5951,0.4408901
5952,0.040436603
5953,0.40099582
5954,0.41480663
5955,0.036210295
5956,0.9466597
5957,0.9259591
5958,0.9638196
5959,0.17445567
5960,0.094114326
5961,0.0011382521
5962,0.20528655
5963,0.0032433465
5964,0.9083589
5965,0.0600111
5966,0.03575213
5967,0.0030573516
5968,0.03491451
5969,0.49053186
5970,0.9553707
5971,0.02175679
5972,0.9831051
5973,0.054291938
5974,0.89599335
5975,0.73545456
5976,0.0038813115
5977,0.11412752
5978,0.24616979
5979,0.9730978
5980,0.18638556
5981,0.44800612
5982,0.019092746
5983,0.020572893
5984,0.9692572
5985,0.027769644
5986,0.20456123
5987,0.010182943
5988,0.73320675
5989,0.96499157
5990,0.00783218
5991,0.9984806
5992,0.01203684
5993,0.56121325
5994,0.0040133246
5995,0.051502746
5996,0.011797505
5997,0.974001
5998,0.5144014
5999,0.74861383
6000,0.060226437
6001,0.6095614
6002,0.6815258
6003,0.23574573
6004,0.050748773
6005,0.0014545899
6006,0.8228237
6007,0.9846501
6008,0.7355554
6009,0.89849675
6010,0.021191807
6011,0.9570152
6012,0.051956777
6013,0.14367937
6014,0.013383408
6015,0.03382812
6016,0.073683605
6017,0.0127875935
6018,0.997954
6019,0.0065290746
6020,0.9862643
6021,0.29935628
6022,0.9804479
6023,0.94155097
6024,0.011804685
6025,0.035605364
6026,0.04478847
6027,0.63349485
6028,0.051586084
6029,0.54214245
6030,0.007476875
6031,0.02028758
6032,0.024181835
6033,0.006431179
6034,0.43169627
6035,0.15590155
6036,0.9908303
6037,0.5374635
6038,0.9743552
6039,0.0038123475
6040,0.061960544
6041,0.98055035
6042,0.9816426
6043,0.87171316
6044,0.9786259
6045,0.97065204
6046,0.028809052
6047,0.037540585
6048,0.119233
6049,0.54183567
6050,0.024010653
6051,0.11350134
6052,0.07155284
6053,0.0009905366
6054,0.0059297592
6055,0.019038396
6056,0.052822955
6057,0.010691084
6058,0.09984537
6059,0.81161845
6060,0.011701356
6061,0.38025475
6062,0.06918016
6063,0.98266405
6064,0.004047483
6065,0.014252801
6066,0.059504334
6067,0.002253293
6068,0.39911035
6069,0.00062571897
6070,0.05377699
6071,0.007655022
6072,0.9976897
6073,0.023365732
6074,0.21876577
6075,0.08720022
6076,0.12751111
6077,0.057310715
6078,0.29235545
6079,0.008180053
6080,0.86397916
6081,0.0046123276
6082,0.7876188
6083,0.004666325
6084,0.9948059
6085,0.10992635
6086,0.05051718
6087,0.027110191
6088,0.058862388
6089,0.03763315
6090,0.0061470084
6091,0.009013599
6092,0.98101276
6093,0.36804694
6094,0.07782496
6095,0.4634117
6096,0.9787385
6097,0.053409114
6098,0.00071855716
6099,0.9631383
6100,0.9902844
6101,0.8738577
6102,0.08918896
6103,0.15906028
6104,0.04306053
6105,0.006208408
6106,0.008550336
6107,0.74047405
6108,0.99129206
6109,0.0018889802
6110,0.27529994
6111,0.8969465
6112,0.01552253
6113,0.003844731
6114,0.060022347
6115,0.9915599
6116,0.87885326
6117,0.000799986
6118,0.048148528
6119,0.49346483
6120,0.46322027
6121,0.008609066
6122,0.022434935
6123,0.9881302
6124,0.07257517
6125,0.6302725
6126,0.0014704795
6127,0.9090567
6128,0.0017720753
6129,0.4887015
6130,0.013651159
6131,0.050996777
6132,0.98944116
6133,0.04464201
6134,0.48020896
6135,0.005397377
6136,0.8456821
6137,0.031546116
6138,0.017667355
6139,0.09593506
6140,0.0145951575
6141,0.99918777
6142,0.98435163
6143,0.86481255
6144,0.011974986
6145,0.9887406
6146,0.8018434
6147,0.006411037
6148,0.87633497
6149,0.15171833
6150,0.005059631
6151,0.031234391
6152,0.05274466
6153,0.05137706
6154,0.9069187
6155,0.0108842375
6156,0.28853574
6157,0.016887935
6158,0.09503091
6159,0.0070967306
6160,0.7992518
6161,0.4597049
6162,0.98308104
6163,0.9351393
6164,0.018281681
6165,0.28369305
6166,0.98083544
6167,0.9983802
6168,0.9581764
6169,0.45244816
6170,0.9263738
6171,0.13569878
6172,0.9309372
6173,0.3111514
6174,0.2012077
6175,0.82917726
6176,0.0094999615
6177,0.09247789
6178,0.9745738
6179,0.11856129
6180,0.9523798
6181,0.9794979
6182,0.07608543
6183,0.010841528
6184,0.19481012
6185,0.71283776
6186,0.2718605
6187,0.0023007076
6188,0.051680323
6189,0.22951823
6190,0.08138822
6191,0.99849343
6192,0.22350839
6193,0.031666167
6194,0.9810931
6195,0.007264494
6196,0.99208826
6197,0.9952182
6198,0.82980233
6199,0.023890264
6200,0.98129004
6201,0.0055812667
6202,0.009790794
6203,0.0030730988
6204,0.1297424
6205,0.016402187
6206,0.029863207
6207,0.018939732
6208,0.99401927
6209,0.19357148
6210,0.7363655
6211,0.9813493
6212,0.0060037123
6213,0.008176707
6214,0.6621256
6215,0.039141342
6216,0.028971223
6217,0.02493143
6218,0.15770599
6219,0.0789853
6220,0.06450504
6221,0.29863295
6222,0.0018150546
6223,0.004172459
6224,0.0112895155
6225,0.0018269948
6226,0.002540861
6227,0.005340056
6228,0.023873296
6229,0.9861785
6230,0.0010738171
6231,0.03476368
6232,0.08320204
6233,0.008951393
6234,0.99905986
6235,0.25789702
6236,0.11334665
6237,0.17966944
6238,0.021205869
6239,0.52005804
6240,0.004788868
6241,0.74649954
6242,0.0031338304
6243,0.015381517
6244,0.000769264
6245,0.0007324231
6246,0.98793703
6247,0.051823378
6248,0.011262345
6249,0.2825881
6250,0.15319863
6251,0.0694163
6252,0.9789013
6253,0.9296685
6254,0.963722
6255,0.9835482
6256,0.9985696
6257,0.38995418
6258,0.9971616
6259,0.002225133
6260,0.0028500112
6261,0.031170392
6262,0.14457224
6263,0.18221135
6264,0.71103543
6265,0.068780206
6266,0.9770881
6267,0.04125516
6268,0.05820734
6269,0.005788166
6270,0.0527798
6271,0.008825192
6272,0.02572848
6273,0.037881423
6274,0.1528028
6275,0.0028406843
6276,0.9886825
6277,0.057620328
6278,0.0990447
6279,0.9917278
6280,0.27349156
6281,0.0012022033
6282,0.22647794
6283,0.1960367
6284,0.51746416
6285,0.34514827
6286,0.018881494
6287,0.097065106
6288,0.9914718
6289,0.963156
6290,0.04614178
6291,0.05588677
6292,0.024072506
6293,0.051308315
6294,0.78258103
6295,0.102279484
6296,0.87960565
6297,0.01208151
6298,0.1914728
6299,0.98579586
6300,0.92755944
6301,0.010512611
6302,0.01001013
6303,0.0066286484
6304,0.36208445
6305,0.86159235
6306,0.86991304
6307,0.6518656
6308,0.6892971
6309,0.0063309977
6310,0.91427594
6311,0.79837155
6312,0.9739613
6313,0.9993998
6314,0.011901293
6315,0.5798148
6316,0.30718535
6317,0.03566025
6318,0.2606661
6319,0.04277078
6320,0.1280977
6321,0.00094790076
6322,0.9994642
6323,0.0013922076
6324,0.19487588
6325,0.0009964653
6326,0.007302695
6327,0.36828232
6328,0.010810288
6329,0.025803693
6330,0.7775987
6331,0.015321476
6332,0.9990207
6333,0.9165237
6334,0.00440616
6335,0.9941605
6336,0.13661939
6337,0.7864311
6338,0.07326093
6339,0.13345957
6340,0.005665055
6341,0.0023246142
6342,0.77197385
6343,0.014661525
6344,0.01956626
6345,0.0071867183
6346,0.08592017
6347,0.049489178
6348,0.08098344
6349,0.9224331
6350,0.9414011
6351,0.42178413
6352,0.37926617
6353,0.030214498
6354,0.008318563
6355,0.041657966
6356,0.21239874
6357,0.19787125
6358,0.0019787364
6359,0.4291937
6360,0.09034877
6361,0.19408785
6362,0.006414288
6363,0.9938905
6364,0.010251301
6365,0.034286544
6366,0.001999631
6367,0.030008232
6368,0.2123276
6369,0.97277504
6370,0.10152367
6371,0.024435017
6372,0.002496052
6373,0.12999795
6374,0.03424446
6375,0.29863665
6376,0.3951323
6377,0.09783192
6378,0.04278493
6379,0.0071445475
6380,0.003373358
6381,0.17441192
6382,0.020189267
6383,0.042729277
6384,0.008343815
6385,0.9986846
6386,0.0706152
6387,0.008101125
6388,0.9713188
6389,0.9488007
6390,0.9309343
6391,0.9256009
6392,0.09175484
6393,0.0314074
6394,0.008935134
6395,0.88313454
6396,0.24889196
6397,0.99345845
6398,0.91087407
6399,0.98867536
6400,0.9919119
6401,0.9890772
6402,0.98152196
6403,0.00084722054
6404,0.00252099
6405,0.70196295
6406,0.9840502
6407,0.9766301
6408,0.4382904
6409,0.8548991
6410,0.03264747
6411,0.08660692
6412,0.105718136
6413,0.9502437
6414,0.0010416206
6415,0.9973884
6416,0.10948845
6417,0.71953374
6418,0.021366011
6419,0.08562907
6420,0.15856805
6421,0.010601464
6422,0.035555154
6423,0.11862312
6424,0.95581543
6425,0.6328902
6426,0.19154602
6427,0.14063981
6428,0.12963644
6429,0.98085666
6430,0.9920311
6431,0.046512432
6432,0.03325504
6433,0.0008568346
6434,0.057199463
6435,0.013703759
6436,0.090068415
6437,0.99284804
6438,0.037521888
6439,0.050708648
6440,0.008416578
6441,0.01261179
6442,0.004535369
6443,0.0041630208
6444,0.9705713
6445,0.98067915
6446,0.13710268
6447,0.012203907
6448,0.0051471777
6449,0.67545456
6450,0.036525197
6451,0.91171396
6452,0.07007203
6453,0.006662506
6454,0.15960021
6455,0.22324216
6456,0.9331444
6457,0.028217547
6458,0.85200024
6459,0.0057257465
6460,0.0038850228
6461,0.046389174
6462,0.022527525
6463,0.0012498022
6464,0.985179
6465,0.29810953
6466,0.038247235
6467,0.33919594
6468,0.012355252
6469,0.99211943
6470,0.98458993
6471,0.33030123
6472,0.03274297
6473,0.091518395
6474,0.3623075
6475,0.009622495
6476,0.21970287
6477,0.0017032081
6478,0.13165557
6479,0.94572574
6480,0.0067095268
6481,0.006443534
6482,0.83657837
6483,0.10325605
6484,0.041298352
6485,0.068811804
6486,0.30271095
6487,0.022219324
6488,0.051487166
6489,0.006695578
6490,0.55399317
6491,0.16112828
6492,0.99257267
6493,0.061637506
6494,0.10302055
6495,0.10364973
6496,0.03485555
6497,0.92418385
6498,0.8920328
6499,0.28096318
6500,0.99946505
6501,0.9982316
6502,0.0018503212
6503,0.9803674
6504,0.0044709537
6505,0.87827706
6506,0.9987116
6507,0.15186578
6508,0.074953936
6509,0.06269053
6510,0.16753395
6511,0.99228066
6512,0.02087398
6513,0.9911675
6514,0.012029189
6515,0.05407191
6516,0.000799116
6517,0.024016127
6518,0.09087229
6519,0.13675652
6520,0.94955736
6521,0.032183696
6522,0.00067545427
6523,0.35745707
6524,0.031132925
6525,0.15353712
6526,0.09014644
6527,0.003356583
6528,0.0059760227
6529,0.020459617
6530,0.0036402459
6531,0.9904366
6532,0.43194458
6533,0.38989967
6534,0.93486136
6535,0.13197625
6536,0.9268084
6537,0.02248233
6538,0.0030770267
6539,0.089730844
6540,0.026857957
6541,0.9902772
6542,0.0071229734
6543,0.006823661
6544,0.0026563169
6545,0.033758227
6546,0.058709536
6547,0.9357069
6548,0.09269652
6549,0.9966556
6550,0.03211841
6551,0.17800064
6552,0.7395983
6553,0.056347754
6554,0.10178702
6555,0.5767857
6556,0.9941725
6557,0.33379757
6558,0.98414236
6559,0.28267795
6560,0.8265548
6561,0.17633413
6562,0.8538304
6563,0.9743954
6564,0.0047322684
6565,0.5788206
6566,0.9924508
6567,0.095814906
6568,0.17355283
6569,0.22539636
6570,0.0439811
6571,0.014812563
6572,0.011577712
6573,0.9942767
6574,0.03840022
6575,0.9091372
6576,0.046902776
6577,0.043893207
6578,0.045348432
6579,0.26356187
6580,0.0022997404
6581,0.0011036914
6582,0.2688178
6583,0.1541078
6584,0.839052
6585,0.09044963
6586,0.42282164
6587,0.9220876
6588,0.0036510518
6589,0.103863895
6590,0.008589074
6591,0.016695347
6592,0.02199382
6593,0.07721425
6594,0.08077918
6595,0.8106379
6596,0.02043473
6597,0.0029639867
6598,0.29365188
6599,0.7728477
6600,0.14520754
6601,0.49849653
6602,0.012516865
6603,0.47247753
6604,0.0021788846
6605,0.009045667
6606,0.69944483
6607,0.008547086
6608,0.82172775
6609,0.0022335874
6610,0.021364506
6611,0.03261946
6612,0.98393583
6613,0.02112849
6614,0.30441377
6615,0.12350608
6616,0.02085945
6617,0.010903722
6618,0.9961702
6619,0.039926015
6620,0.2925257
6621,0.99834454
6622,0.83043784
6623,0.0017178039
6624,0.016658219
6625,0.05828628
6626,0.09072069
6627,0.020511243
6628,0.0044840956
6629,0.008514925
6630,0.18391152
6631,0.02967764
6632,0.010291317
6633,0.04760965
6634,0.009802433
6635,0.13091326
6636,0.0072832555
6637,0.0316977
6638,0.037667766
6639,0.9969156
6640,0.008477993
6641,0.058457114
6642,0.98833513
6643,0.06703165
6644,0.17015888
6645,0.16718547
6646,0.91861296
6647,0.07756164
6648,0.9438234
6649,0.9557687
6650,0.07431071
6651,0.9879929
6652,0.3369235
6653,0.3419393
6654,0.11323412
6655,0.032854382
6656,0.0006644581
6657,0.9153452
6658,0.062169477
6659,0.98362285
6660,0.019045874
6661,0.1775164
6662,0.9968311
6663,0.015263113
6664,0.03390792
6665,0.9590248
6666,0.0048183175
6667,0.5874879
6668,0.0097108055
6669,0.08310811
6670,0.12815836
6671,0.98850024
6672,0.04415065
6673,0.0028243945
6674,0.056786772
6675,0.8292681
6676,0.20136851
6677,0.015654689
6678,0.08393569
6679,0.048759043
6680,0.3254695
6681,0.146039
6682,0.019166332
6683,0.13316299
6684,0.018682497
6685,0.98991734
6686,0.7145932
6687,0.0010579535
6688,0.0011397533
6689,0.9812459
6690,0.9952089
6691,0.99895585
6692,0.0020281612
6693,0.3688004
6694,0.016257094
6695,0.9903526
6696,0.033077758
6697,0.04377697
6698,0.98839206
6699,0.78425264
6700,0.400825
6701,0.015280977
6702,0.9637056
6703,0.9318205
6704,0.1607097
6705,0.9873912
6706,0.009730075
6707,0.008037209
6708,0.015985878
6709,0.14270775
6710,0.04807562
6711,0.08957969
6712,0.0011817181
6713,0.38851172
6714,0.9854961
6715,0.007908081
6716,0.012112202
6717,0.737187
6718,0.9891945
6719,0.051679034
6720,0.00082029
6721,0.0007428136
6722,0.2218375
6723,0.055040743
6724,0.00400427
6725,0.9993481
6726,0.97166336
6727,0.9571737
6728,0.009465323
6729,0.965178
6730,0.1840751
6731,0.29054555
6732,0.10472403
6733,0.9883575
6734,0.012617183
6735,0.997035
6736,0.14307989
6737,0.9987569
6738,0.99407697
6739,0.0009241007
6740,0.005109881
6741,0.002445245
6742,0.11850305
6743,0.027384527
6744,0.017506933
6745,0.00087259326
6746,0.7469523
6747,0.38828763
6748,0.94278884
6749,0.13160396
6750,0.9910342
6751,0.11972435
6752,0.011345304
6753,0.24679877
6754,0.006409112
6755,0.25569573
6756,0.98876417
6757,0.1232049
6758,0.8006426
6759,0.018475171
6760,0.055340156
6761,0.006813834
6762,0.98420584
6763,0.0012546434
6764,0.040527962
6765,0.16971236
6766,0.9124598
6767,0.9928531
6768,0.94874126
6769,0.019751474
6770,0.009113021
6771,0.026701728
6772,0.9955161
6773,0.027263278
6774,0.017296238
6775,0.024295056
6776,0.0898298
6777,0.035928067
6778,0.09825384
6779,0.077296756
6780,0.9910919
6781,0.010006506
6782,0.047787745
6783,0.20206256
6784,0.00099017
6785,0.73063725
6786,0.52426773
6787,0.85442203
6788,0.94545114
6789,0.09959778
6790,0.007471233
6791,0.6552012
6792,0.9940999
6793,0.06541829
6794,0.33867553
6795,0.9840481
6796,0.7359989
6797,0.04946902
6798,0.30022067
6799,0.015023834
6800,0.6394687
6801,0.89485174
6802,0.16107847
6803,0.09052121
6804,0.8889521
6805,0.0011336581
6806,0.6926344
6807,0.0013718539
6808,0.0093025
6809,0.11644732
6810,0.8630314
6811,0.009115962
6812,0.017753238
6813,0.96153355
6814,0.0039485544
6815,0.20176354
6816,0.026974194
6817,0.01544429
6818,0.9925229
6819,0.004787534
6820,0.051632833
6821,0.98167706
6822,0.0068187276
6823,0.18873626
6824,0.0074003655
6825,0.017881017
6826,0.06154927
6827,0.0021303722
6828,0.97373223
6829,0.000713544
6830,0.9910268
6831,0.05479853
6832,0.0113312835
6833,0.08572705
6834,0.011201246
6835,0.4228551
6836,0.24845247
6837,0.99934083
6838,0.36956677
6839,0.061138008
6840,0.6721252
6841,0.035485335
6842,0.9670815
6843,0.000808478
6844,0.03718062
6845,0.9956252
6846,0.10279789
6847,0.009017143
6848,0.7876103
6849,0.02528012
6850,0.009324097
6851,0.4013811
6852,0.07434652
6853,0.97916245
6854,0.059197154
6855,0.01626016
6856,0.054265484
6857,0.9048995
6858,0.97599024
6859,0.94234675
6860,0.9584254
6861,0.007838211
6862,0.10514248
6863,0.050088707
6864,0.060156222
6865,0.0010253863
6866,0.22862133
6867,0.7653866
6868,0.9190353
6869,0.169626
6870,0.7282807
6871,0.9762063
6872,0.02323221
6873,0.015315313
6874,0.115279
6875,0.08411038
6876,0.98836505
6877,0.9437636
6878,0.0039752517
6879,0.015554289
6880,0.04203442
6881,0.5099724
6882,0.9663422
6883,0.50298405
6884,0.18212745
6885,0.1868868
6886,0.995955
6887,0.93302774
6888,0.6148342
6889,0.051696274
6890,0.97220707
6891,0.023931092
6892,0.0029531464
6893,0.030285371
6894,0.19676816
6895,0.023621919
6896,0.99955374
6897,0.050751287
6898,0.98862004
6899,0.013338201
6900,0.66662645
6901,0.0028160159
6902,0.04661232
6903,0.036948502
6904,0.019225921
6905,0.9941906
6906,0.95613134
6907,0.02704784
6908,0.04966632
6909,0.0015112278
6910,0.9150621
6911,0.014237837
6912,0.99403375
6913,0.98888075
6914,0.0012950574
6915,0.008236791
6916,0.99030167
6917,0.25594053
6918,0.85394925
6919,0.006163595
6920,0.07366615
6921,0.71860534
6922,0.0016200745
6923,0.014447268
6924,0.026685884
6925,0.004758157
6926,0.78561
6927,0.005766476
6928,0.0014016224
6929,0.0051862774
6930,0.4787493
6931,0.057614934
6932,0.06378515
6933,0.81304455
6934,0.025410028
6935,0.47017592
6936,0.0008107075
6937,0.0042277435
6938,0.07521149
6939,0.05595906
6940,0.98735785
6941,0.004540026
6942,0.8449831
6943,0.060468733
6944,0.9698425
6945,0.5851336
6946,0.0019899777
6947,0.9664404
6948,0.009157548
6949,0.026899625
6950,0.96298105
6951,0.43429762
6952,0.023870507
6953,0.0015067518
6954,0.006962806
6955,0.9788028
6956,0.03823031
6957,0.9985207
6958,0.98452514
6959,0.02883056
6960,0.105378516
6961,0.18985239
6962,0.92497903
6963,0.029054288
6964,0.5103722
6965,0.0028824676
6966,0.014884547
6967,0.0058176946
6968,0.9927147
6969,0.99874026
6970,0.0007074461
6971,0.0018763838
6972,0.06286726
6973,0.00524665
6974,0.29481465
6975,0.089429125
6976,0.019198418
6977,0.11440118
6978,0.002956889
6979,0.019283187
6980,0.678416
6981,0.05395709
6982,0.9991159
6983,0.17957021
6984,0.01988353
6985,0.13327469
6986,0.9566458
6987,0.0972453
6988,0.03242114
6989,0.0034567793
6990,0.00344796
6991,0.0015684435
6992,0.058738016
6993,0.6424199
6994,0.8184082
6995,0.025979564
6996,0.23656169
6997,0.9558435
6998,0.008135071
6999,0.08387131
7000,0.26841956
7001,0.14462596
7002,0.12657599
7003,0.072038345
7004,0.0006323635
7005,0.035172418
7006,0.0053991894
7007,0.98567504
7008,0.041312553
7009,0.026614895
7010,0.08372345
7011,0.9133359
7012,0.0021112303
7013,0.8146138
7014,0.73546064
7015,0.0010664038
7016,0.9854644
7017,0.062837675
7018,0.1483398
7019,0.012650862
7020,0.011032352
7021,0.004020074
7022,0.40575948
7023,0.122544095
7024,0.608942
7025,0.03340421
7026,0.005283383
7027,0.004582857
7028,0.05011396
7029,0.05883474
7030,0.42807782
7031,0.9696801
7032,0.0032056754
7033,0.8915533
7034,0.0827594
7035,0.31219724
7036,0.8004674
7037,0.9844566
7038,0.011994883
7039,0.0010113178
7040,0.08279457
7041,0.9807298
7042,0.008697872
7043,0.7562355
7044,0.021957925
7045,0.097040474
7046,0.6899329
7047,0.9211594
7048,0.97371835
7049,0.06879282
7050,0.1455398
7051,0.018598663
7052,0.016463472
7053,0.0879861
7054,0.013077565
7055,0.14445741
7056,0.05894364
7057,0.13078225
7058,0.7099812
7059,0.04024631
7060,0.015955394
7061,0.8135571
7062,0.97962785
7063,0.04385434
7064,0.005486503
7065,0.2450726
7066,0.12742543
7067,0.027745124
7068,0.026589653
7069,0.9922047
7070,0.9953555
7071,0.04397153
7072,0.002035712
7073,0.026518637
7074,0.038470328
7075,0.99859446
7076,0.72168374
7077,0.99333465
7078,0.99022627
7079,0.7846357
7080,0.017354064
7081,0.13334493
7082,0.041892733
7083,0.48603594
7084,0.053805456
7085,0.59291905
7086,0.2898977
7087,0.008737839
7088,0.017243892
7089,0.9564417
7090,0.16439588
7091,0.32052982
7092,0.015236368
7093,0.8559342
7094,0.67766374
7095,0.5337839
7096,0.27804977
7097,0.01047671
7098,0.9898788
7099,0.0028003529
7100,0.9980804
7101,0.93385005
7102,0.40377328
7103,0.99923384
7104,0.00054990017
7105,0.020248143
7106,0.0060160896
7107,0.09374503
7108,0.11739899
7109,0.00094060326
7110,0.00091620506
7111,0.16396934
7112,0.58970857
7113,0.18977068
7114,0.99513334
7115,0.020803237
7116,0.00808319
7117,0.45992273
7118,0.013913581
7119,0.42216736
7120,0.13019724
7121,0.032446343
7122,0.012194512
7123,0.030901011
7124,0.8849383
7125,0.04035167
7126,0.49255455
7127,0.14306463
7128,0.13465434
7129,0.88971865
7130,0.01755543
7131,0.9926287
7132,0.3546505
7133,0.005222
7134,0.98301446
7135,0.56555516
7136,0.017582007
7137,0.060026128
7138,0.6663322
7139,0.048169192
7140,0.061048146
7141,0.0044846064
7142,0.060814768
7143,0.0070730452
7144,0.99110913
7145,0.08074281
7146,0.012951914
7147,0.0016246043
7148,0.99828416
7149,0.18664844
7150,0.008719578
7151,0.0043034256
7152,0.023999235
7153,0.23630702
7154,0.03394116
7155,0.20248018
7156,0.0016443384
7157,0.036328316
7158,0.015316045
7159,0.03223189
7160,0.028879924
7161,0.9807689
7162,0.0017092013
7163,0.97290945
7164,0.9992361
7165,0.0143456105
7166,0.045391813
7167,0.67371494
7168,0.99247545
7169,0.12003847
7170,0.9962483
7171,0.34763438
7172,0.9905586
7173,0.97248465
7174,0.047617838
7175,0.02073034
7176,0.4861374
7177,0.9596914
7178,0.691411
7179,0.0026377449
7180,0.015876533
7181,0.099257514
7182,0.04256212
7183,0.9683821
7184,0.00925028
7185,0.22522472
7186,0.8578744
7187,0.028999118
7188,0.8196965
7189,0.6045337
7190,0.0109957345
7191,0.062492914
7192,0.012883236
7193,0.66113937
7194,0.045960687
7195,0.99458885
7196,0.015349485
7197,0.010025547
7198,0.018183315
7199,0.032942247
7200,0.03475239
7201,0.0118238125
7202,0.09221007
7203,0.012591777
7204,0.17954737
7205,0.09245862
7206,0.9416572
7207,0.97673666
7208,0.75806934
7209,0.80277914
7210,0.9271811
7211,0.0038125215
7212,0.25777382
7213,0.99433607
7214,0.024589706
7215,0.03435039
7216,0.004853374
7217,0.089855716
7218,0.017490586
7219,0.0017075243
7220,0.1271702
7221,0.44088215
7222,0.0007074121
7223,0.986283
7224,0.9730613
7225,0.14787458
7226,0.011649848
7227,0.004738287
7228,0.1687539
7229,0.19592258
7230,0.9826517
7231,0.02297395
7232,0.10088098
7233,0.03177967
7234,0.98899674
7235,0.031465527
7236,0.014712424
7237,0.37714246
7238,0.74375474
7239,0.6079894
7240,0.00091413106
7241,0.25450027
7242,0.10625643
7243,0.006761244
7244,0.9634905
7245,0.05281593
7246,0.0437167
7247,0.08426694
7248,0.9906747
7249,0.1101357
7250,0.0019617223
7251,0.7449473
7252,0.21867073
7253,0.1952807
7254,0.16200958
7255,0.13268824
7256,0.40570012
7257,0.91465795
7258,0.04415394
7259,0.020063503
7260,0.8870876
7261,0.988734
7262,0.027979936
7263,0.9830738
7264,0.005421253
7265,0.26610664
7266,0.040951096
7267,0.016702073
7268,0.003686534
7269,0.046314675
7270,0.014650048
7271,0.009127914
7272,0.45599407
7273,0.10896639
7274,0.010638192
7275,0.9085601
7276,0.0020328474
7277,0.026310887
7278,0.19593282
7279,0.043936543
7280,0.029415507
7281,0.9187573
7282,0.9932219
7283,0.0756974
7284,0.20434333
7285,0.054583058
7286,0.25427264
7287,0.000827525
7288,0.99019974
7289,0.98045015
7290,0.02086079
7291,0.07107951
7292,0.036845777
7293,0.3444152
7294,0.1342852
7295,0.019773612
7296,0.006031232
7297,0.7226294
7298,0.93344533
7299,0.75360703
7300,0.28591958
7301,0.96551406
7302,0.98252904
7303,0.18774408
7304,0.03540767
7305,0.08311195
7306,0.08434169
7307,0.071059786
7308,0.012518774
7309,0.0011230696
7310,0.044957597
7311,0.99155575
7312,0.007031391
7313,0.5330205
7314,0.040170893
7315,0.0065180263
7316,0.05904615
7317,0.1302335
7318,0.16190785
7319,0.87398374
7320,0.014087323
7321,0.96226877
7322,0.0015138555
7323,0.017450871
7324,0.9703649
7325,0.0104223555
7326,0.024300743
7327,0.4280699
7328,0.9910812
7329,0.00072294043
7330,0.99233997
7331,0.10550306
7332,0.019951867
7333,0.09387073
7334,0.0641327
7335,0.014941576
7336,0.0701561
7337,0.020494623
7338,0.04515373
7339,0.04209658
7340,0.13006942
7341,0.4787134
7342,0.026618047
7343,0.9978478
7344,0.11601254
7345,0.007443288
7346,0.9584617
7347,0.18170024
7348,0.003611858
7349,0.9829311
7350,0.32953057
7351,0.9992673
7352,0.29447138
7353,0.051031567
7354,0.067469776
7355,0.035461564
7356,0.9080583
7357,0.0040749516
7358,0.03902993
7359,0.15829886
7360,0.034742914
7361,0.0037209396
7362,0.0148931155
7363,0.84312516
7364,0.014377665
7365,0.010663286
7366,0.013493559
7367,0.30133885
7368,0.08791941
7369,0.014789625
7370,0.040204514
7371,0.026803067
7372,0.008311049
7373,0.02422835
7374,0.28484213
7375,0.9911265
7376,0.2674123
7377,0.001963878
7378,0.93430936
7379,0.98056567
7380,0.2472136
7381,0.005169126
7382,0.01524749
7383,0.0017093769
7384,0.03354813
7385,0.9943019
7386,0.050910674
7387,0.98861516
7388,0.0004294133
7389,0.9635765
7390,0.60674065
7391,0.02368269
7392,0.06224411
7393,0.00930464
7394,0.010372777
7395,0.90656596
7396,0.99925417
7397,0.0036600379
7398,0.08316469
7399,0.006631751
7400,0.0038581076
7401,0.004789538
7402,0.0030526796
7403,0.16743079
7404,0.00981514
7405,0.12265619
7406,0.97608614
7407,0.00901748
7408,0.122713275
7409,0.03174145
7410,0.16388473
7411,0.10294837
7412,0.99907744
7413,0.07352484
7414,0.011344903
7415,0.99839586
7416,0.73372614
7417,0.9765954
7418,0.0202335
7419,0.9350767
7420,0.86445534
7421,0.9114449
7422,0.039524693
7423,0.62416893
7424,0.109251775
7425,0.1743537
7426,0.009855285
7427,0.991413
7428,0.17967708
7429,0.904174
7430,0.98176205
7431,0.013175818
7432,0.0061230394
7433,0.09863844
7434,0.44788188
7435,0.36207706
7436,0.9883636
7437,0.06011326
7438,0.9515235
7439,0.027907424
7440,0.0006940984
7441,0.87029654
7442,0.011353341
7443,0.06178567
7444,0.053929802
7445,0.9847904
7446,0.15922345
7447,0.99604934
7448,0.4698847
7449,0.82715386
7450,0.4667536
7451,0.12742628
7452,0.014982842
7453,0.9971668
7454,0.012319879
7455,0.32087037
7456,0.110920236
7457,0.013580367
7458,0.049730185
7459,0.17547347
7460,0.007073223
7461,0.033438213
7462,0.81875896
7463,0.3210397
7464,0.020984754
7465,0.0013057683
7466,0.0022424818
7467,0.66737014
7468,0.14662416
7469,0.0075985743
7470,0.24390832
7471,0.45073333
7472,0.14002924
7473,0.010686864
7474,0.0069877296
7475,0.04676293
7476,0.002544817
7477,0.030872095
7478,0.0014463575
7479,0.0041916
7480,0.71116614
7481,0.08577284
7482,0.0016165267
7483,0.9986815
7484,0.022819636
7485,0.006964686
7486,0.17556225
7487,0.10722389
7488,0.04294921
7489,0.04956868
7490,0.0009692596
7491,0.12243688
7492,0.052255824
7493,0.15313998
7494,0.005637793
7495,0.040844243
7496,0.12921108
7497,0.025097761
7498,0.041938283
7499,0.0023502335
7500,0.021813132
7501,0.22088353
7502,0.46599007
7503,0.97666943
7504,0.004741454
7505,0.0409812
7506,0.022963047
7507,0.030849718
7508,0.765257
7509,0.19115002
7510,0.9706671
7511,0.034530073
7512,0.09735683
7513,0.0017065516
7514,0.024803258
7515,0.3724072
7516,0.037899118
7517,0.01463203
7518,0.016471613
7519,0.979764
7520,0.06297521
7521,0.0022999167
7522,0.004240985
7523,0.9788584
7524,0.06950903
7525,0.9813809
7526,0.008844123
7527,0.99903476
7528,0.13592686
7529,0.09867273
7530,0.06116337
7531,0.005073397
7532,0.98965245
7533,0.10075875
7534,0.010368631
7535,0.96169823
7536,0.9261534
7537,0.123098366
7538,0.0029482434
7539,0.020005615
7540,0.8916667
7541,0.022999534
7542,0.90236396
7543,0.16606049
7544,0.027023133
7545,0.93736094
7546,0.9985676
7547,0.0496501
7548,0.12565629
7549,0.097099885
7550,0.016823668
7551,0.98759544
7552,0.5554213
7553,0.21660614
7554,0.108298205
7555,0.9554479
7556,0.1652954
7557,0.012177005
7558,0.20159023
7559,0.109862775
7560,0.668845
7561,0.16829139
7562,0.06612091
7563,0.066891514
7564,0.43470353
7565,0.11216186
7566,0.27634507
7567,0.9246335
7568,0.06210161
7569,0.9936631
7570,0.049413756
7571,0.011630017
7572,0.062415075
7573,0.005788487
7574,0.052944377
7575,0.09792709
7576,0.005120786
7577,0.119559854
7578,0.03319317
7579,0.94935197
7580,0.99265975
7581,0.08637247
7582,0.5278602
7583,0.97694576
7584,0.016027704
7585,0.54977065
7586,0.057670735
7587,0.9505816
7588,0.0034276538
7589,0.99526817
7590,0.21995
7591,0.07002163
7592,0.008763909
7593,0.011383787
7594,0.048582163
7595,0.9980959
7596,0.020012693
7597,0.95471
7598,0.41574705
7599,0.023551699
7600,0.0118993865
7601,0.002220878
7602,0.022671657
7603,0.9597129
7604,0.008934268
7605,0.17214984
7606,0.9533145
7607,0.20275636
7608,0.061670125
7609,0.0021832138
7610,0.1604182
7611,0.0039031673
7612,0.077489235
7613,0.039706357
7614,0.111816645
7615,0.77869546
7616,0.3430881
7617,0.011680859
7618,0.52240485
7619,0.077608265
7620,0.030543303
7621,0.03059984
7622,0.9792221
7623,0.9937987
7624,0.051473837
7625,0.1623303
7626,0.09868416
7627,0.99616843
7628,0.9635939
7629,0.08763978
7630,0.9908785
7631,0.01564262
7632,0.18769583
7633,0.25761777
7634,0.0005384394
7635,0.47800875
7636,0.27050734
7637,0.32100305
7638,0.96321535
7639,0.0033303718
7640,0.043240506
7641,0.15649469
7642,0.11450096
7643,0.03666049
7644,0.0015876559
7645,0.15656717
7646,0.018710807
7647,0.033670112
7648,0.0025604751
7649,0.0127103105
7650,0.99428743
7651,0.9947636
7652,0.8159913
7653,0.009096759
7654,0.06861086
7655,0.9853477
7656,0.4610177
7657,0.57356375
7658,0.049012993
7659,0.46725738
7660,0.08934488
7661,0.032303076
7662,0.008079555
7663,0.27269393
7664,0.69515574
7665,0.0011277803
7666,0.0037822563
7667,0.019604519
7668,0.016238505
7669,0.061728712
7670,0.098357245
7671,0.6806378
7672,0.9762649
7673,0.8614826
7674,0.04828513
7675,0.24509905
7676,0.16042702
7677,0.19944263
7678,0.79851365
7679,0.014110748
7680,0.005630204
7681,0.00087365275
7682,0.0018936864
7683,0.98044384
7684,0.014040729
7685,0.9677219
7686,0.9994168
7687,0.006812879
7688,0.034509357
7689,0.91754556
7690,0.021151397
7691,0.012083366
7692,0.31232283
7693,0.10268881
7694,0.57153493
7695,0.0029037513
7696,0.07535579
7697,0.2854042
7698,0.005079772
7699,0.06585592
7700,0.005823357
7701,0.06818346
7702,0.12951472
7703,0.99034846
7704,0.97924644
7705,0.0036503808
7706,0.2496805
7707,0.56413335
7708,0.038188484
7709,0.065858416
7710,0.012146352
7711,0.06666964
7712,0.032294933
7713,0.58994955
7714,0.00093083474
7715,0.25288382
7716,0.0007139174
7717,0.050771393
7718,0.53710485
7719,0.91496176
7720,0.09829472
7721,0.022759533
7722,0.05090177
7723,0.18163192
7724,0.012773389
7725,0.013596256
7726,0.42236432
7727,0.9681484
7728,0.020183042
7729,0.64463145
7730,0.86750144
7731,0.14041182
7732,0.9939792
7733,0.008924617
7734,0.028356105
7735,0.036489308
7736,0.0070299827
7737,0.13583939
7738,0.18257816
7739,0.124799185
7740,0.9981346
7741,0.99929094
7742,0.005935414
7743,0.60143125
7744,0.9903915
7745,0.97894144
7746,0.03661112
7747,0.95882267
7748,0.28962612
7749,0.4088108
7750,0.012272264
7751,0.03525851
7752,0.97397804
7753,0.14226936
7754,0.015518531
7755,0.4491081
7756,0.4255923
7757,0.08059391
7758,0.8040451
7759,0.050604835
7760,0.03984445
7761,0.5962848
7762,0.11911899
7763,0.10712694
7764,0.027388552
7765,0.032604903
7766,0.0041823094
7767,0.020262983
7768,0.99866354
7769,0.86481875
7770,0.7423429
7771,0.18462642
7772,0.005437258
7773,0.10464164
7774,0.9519188
7775,0.83596325
7776,0.043278713
7777,0.05023365
7778,0.99511695
7779,0.9309391
7780,0.06588049
7781,0.1747665
7782,0.9417817
7783,0.042079568
7784,0.050009347
7785,0.9991308
7786,0.9525514
7787,0.9798844
7788,0.9840381
7789,0.17207432
7790,0.9841578
7791,0.9964734
7792,0.9642606
7793,0.1528344
7794,0.9739391
7795,0.7836072
7796,0.038230732
7797,0.025063418
7798,0.052853037
7799,0.9992649
7800,0.3964621
7801,0.28802428
7802,0.01066888
7803,0.002444483
7804,0.002383296
7805,0.0768408
7806,0.9487214
7807,0.95747787
7808,0.80442476
7809,0.0060469517
7810,0.98881525
7811,0.9886578
7812,0.023250338
7813,0.98333067
7814,0.9980356
7815,0.4642586
7816,0.21643709
7817,0.001563377
7818,0.00081883743
7819,0.059959743
7820,0.01131886
7821,0.0025216546
7822,0.07671299
7823,0.99120086
7824,0.0041577104
7825,0.9928756
7826,0.628527
7827,0.11733046
7828,0.9890882
7829,0.7800392
7830,0.5493188
7831,0.919919
7832,0.06374505
7833,0.9992793
7834,0.0053262124
7835,0.07750591
7836,0.9948932
7837,0.017583841
7838,0.017495412
7839,0.026456108
7840,0.97926885
7841,0.022091275
7842,0.16031602
7843,0.028101714
7844,0.92250365
7845,0.008713159
7846,0.9473646
7847,0.0010575715
7848,0.64400774
7849,0.63961
7850,0.2486276
7851,0.0010518378
7852,0.6473201
7853,0.0035655096
7854,0.3064307
7855,0.9597034
7856,0.015404831
7857,0.012854178
7858,0.011571782
7859,0.996061
7860,0.17701468
7861,0.3827682
7862,0.07757462
7863,0.013511693
7864,0.08467278
7865,0.010966567
7866,0.9899565
7867,0.0062353793
7868,0.45706046
7869,0.74777925
7870,0.62885207
7871,0.03399227
7872,0.3711279
7873,0.9885367
7874,0.9572758
7875,0.0336525
7876,0.09738547
7877,0.97569567
7878,0.9982309
7879,0.9603595
7880,0.9980648
7881,0.14165983
7882,0.9987041
7883,0.5037679
7884,0.0063311355
7885,0.09874167
7886,0.002665045
7887,0.014453761
7888,0.98181343
7889,0.013868147
7890,0.9118921
7891,0.024691762
7892,0.10471294
7893,0.6923007
7894,0.0009464776
7895,0.14157073
7896,0.0067112814
7897,0.046340715
7898,0.097877234
7899,0.053260908
7900,0.5045123
7901,0.072322875
7902,0.004825715
7903,0.7489724
7904,0.002921742
7905,0.042253427
7906,0.14063606
7907,0.7684317
7908,0.33976892
7909,0.035309166
7910,0.024577271
7911,0.9955778
7912,0.011049382
7913,0.0056333384
7914,0.0026636347
7915,0.8940172
7916,0.01640648
7917,0.5831564
7918,0.06466785
7919,0.1299233
7920,0.98924506
7921,0.09719652
7922,0.01748725
7923,0.004608627
7924,0.005690791
7925,0.15564534
7926,0.0995389
7927,0.13357188
7928,0.24195051
7929,0.072909735
7930,0.9499377
7931,0.0052470337
7932,0.017315853
7933,0.031537034
7934,0.0034931623
7935,0.2949778
7936,0.05305715
7937,0.10673305
7938,0.28210616
7939,0.030331284
7940,0.10333703
7941,0.0044231485
7942,0.026483767
7943,0.24729371
7944,0.13745391
7945,0.0039953263
7946,0.26742393
7947,0.063334554
7948,0.1454053
7949,0.9777583
7950,0.042197146
7951,0.95468575
7952,0.9612084
7953,0.6482673
7954,0.036133423
7955,0.35161152
7956,0.19730946
7957,0.009697439
7958,0.32300487
7959,0.037834622
7960,0.046051327
7961,0.025414916
7962,0.005917374
7963,0.53099793
7964,0.3659553
7965,0.07087985
7966,0.98607427
7967,0.033245977
7968,0.8702189
7969,0.008739404
7970,0.9967843
7971,0.0009270263
7972,0.0069766603
7973,0.02173885
7974,0.0010707685
7975,0.19499798
7976,0.8404186
7977,0.075256154
7978,0.9597785
7979,0.021328872
7980,0.83868134
7981,0.03115993
7982,0.07337276
7983,0.19102134
7984,0.0038644134
7985,0.003504977
7986,0.04164962
7987,0.03771665
7988,0.023434289
7989,0.012380385
7990,0.30450442
7991,0.9926945
7992,0.29590327
7993,0.17404903
7994,0.9877043
7995,0.010277979
7996,0.44274145
7997,0.98772883
7998,0.019992456
7999,0.9923443
8000,0.0019764286
8001,0.008187391
8002,0.9006022
8003,0.067765
8004,0.05802975
8005,0.21089007
8006,0.24439761
8007,0.085458994
8008,0.2097198
8009,0.0035567905
8010,0.01975305
8011,0.32270706
8012,0.3915324
8013,0.2558694
8014,0.9884316
8015,0.072717994
8016,0.050382096
8017,0.23079859
8018,0.7384113
8019,0.0091663
8020,0.00062579714
8021,0.030096345
8022,0.06535679
8023,0.05332396
8024,0.8993167
8025,0.0042576143
8026,0.8101599
8027,0.0040737423
8028,0.34069663
8029,0.09677534
8030,0.49482033
8031,0.9289937
8032,0.02225518
8033,0.0022296857
8034,0.106279485
8035,0.1176274
8036,0.00079220725
8037,0.009846499
8038,0.024879042
8039,0.0027077713
8040,0.004869051
8041,0.02358615
8042,0.8503947
8043,0.70279366
8044,0.0046380274
8045,0.05337875
8046,0.0108893
8047,0.29628995
8048,0.99928313
8049,0.044793602
8050,0.20796376
8051,0.98127776
8052,0.0034202733
8053,0.9893953
8054,0.006856062
8055,0.012325189
8056,0.990458
8057,0.9860751
8058,0.073504284
8059,0.03642633
8060,0.00061997253
8061,0.027225107
8062,0.2952474
8063,0.019840304
8064,0.113767505
8065,0.47820517
8066,0.29728645
8067,0.110082224
8068,0.0041938038
8069,0.08348976
8070,0.5208136
8071,0.96821356
8072,0.24268644
8073,0.99635446
8074,0.90888274
8075,0.002651894
8076,0.9953649
8077,0.98844564
8078,0.06292556
8079,0.99514836
8080,0.0891668
8081,0.065949745
8082,0.0027271179
8083,0.8823754
8084,0.0004920184
8085,0.8542981
8086,0.004301844
8087,0.0036807621
8088,0.023018405
8089,0.9884974
8090,0.014059733
8091,0.9982495
8092,0.9855157
8093,0.04933918
8094,0.65869474
8095,0.014901637
8096,0.99758494
8097,0.018122982
8098,0.00157092
8099,0.5621072
8100,0.31215754
8101,0.10020183
8102,0.0016360312
8103,0.0040616128
8104,0.9124328
8105,0.22712904
8106,0.0009536394
8107,0.2505075
8108,0.8456887
8109,0.52431065
8110,0.27669638
8111,0.0051713753
8112,0.9725778
8113,0.023348263
8114,0.03883856
8115,0.03891972
8116,0.9919001
8117,0.8497571
8118,0.074981704
8119,0.053503454
8120,0.010727235
8121,0.00073703757
8122,0.99840003
8123,0.010590007
8124,0.08349451
8125,0.018915609
8126,0.566366
8127,0.98239523
8128,0.10341492
8129,0.009060121
8130,0.8071826
8131,0.10066008
8132,0.002127462
8133,0.14601557
8134,0.9823924
8135,0.5719025
8136,0.058268853
8137,0.036074292
8138,0.001475218
8139,0.012064954
8140,0.0038132276
8141,0.07087762
8142,0.38339123
8143,0.11688919
8144,0.08274201
8145,0.34820813
8146,0.008473601
8147,0.6208624
8148,0.08113173
8149,0.39620617
8150,0.03226054
8151,0.9958216
8152,0.8260805
8153,0.0074650906
8154,0.08450694
8155,0.28207907
8156,0.035740305
8157,0.0136242565
8158,0.09951133
8159,0.0021490157
8160,0.8290267
8161,0.11457916
8162,0.009592033
8163,0.006905319
8164,0.32175547
8165,0.0076035843
8166,0.05877873
8167,0.99075305
8168,0.026636034
8169,0.89450127
8170,0.09349111
8171,0.015656989
8172,0.23184307
8173,0.8862341
8174,0.060359187
8175,0.90921336
8176,0.052446317
8177,0.03128609
8178,0.5699633
8179,0.069739856
8180,0.001620859
8181,0.108754545
8182,0.98562485
8183,0.56304145
8184,0.033136655
8185,0.012760335
8186,0.22283009
8187,0.49454442
8188,0.98967093
8189,0.08719094
8190,0.15252262
8191,0.079333805
8192,0.97702426
8193,0.038782183
8194,0.0190363
8195,0.04259569
8196,0.9883599
8197,0.23924077
8198,0.46756262
8199,0.04966739
8200,0.3371042
8201,0.1763029
8202,0.005842874
8203,0.13640064
8204,0.84825945
8205,0.06702491
8206,0.09729887
8207,0.098725185
8208,0.9943486
8209,0.7624855
8210,0.3466478
8211,0.016577234
8212,0.0012995172
8213,0.0015103532
8214,0.8898056
8215,0.06726083
8216,0.05453941
8217,0.4701087
8218,0.16916865
8219,0.0032148215
8220,0.06984083
8221,0.9837638
8222,0.029292725
8223,0.10565553
8224,0.1703465
8225,0.3165088
8226,0.29251704
8227,0.010508981
8228,0.023448294
8229,0.0005285449
8230,0.09051951
8231,0.008022457
8232,0.9981018
8233,0.03902656
8234,0.4464155
8235,0.9895866
8236,0.99850607
8237,0.0043232143
8238,0.011453119
8239,0.013832944
8240,0.92324114
8241,0.9983689
8242,0.022611504
8243,0.053769454
8244,0.124634326
8245,0.25061914
8246,0.0782784
8247,0.995193
8248,0.34289822
8249,0.3250962
8250,0.3970713
8251,0.06687107
8252,0.29999068
8253,0.21874663
8254,0.12021101
8255,0.9581162
8256,0.11019535
8257,0.0010211996
8258,0.41239098
8259,0.18154533
8260,0.0021073802
8261,0.0074274237
8262,0.40256014
8263,0.056762345
8264,0.0017586881
8265,0.047746904
8266,0.13082384
8267,0.9921227
8268,0.017300379
8269,0.565818
8270,0.025669713
8271,0.11799022
8272,0.23473889
8273,0.07359883
8274,0.03401372
8275,0.986091
8276,0.09274795
8277,0.19438145
8278,0.08207679
8279,0.114726335
8280,0.14722459
8281,0.0010395308
8282,0.010451525
8283,0.99831045
8284,0.3083109
8285,0.98742616
8286,0.024483953
8287,0.008180091
8288,0.89167005
8289,0.30646694
8290,0.012442567
8291,0.013821182
8292,0.003977779
8293,0.05737492
8294,0.42754337
8295,0.3893536
8296,0.021550018
8297,0.8686758
8298,0.42189062
8299,0.99416614
8300,0.015025534
8301,0.0067806765
8302,0.067078665
8303,0.01675613
8304,0.017850427
8305,0.004583009
8306,0.4486523
8307,0.9778685
8308,0.0010009797
8309,0.1693816
8310,0.33778843
8311,0.9805103
8312,0.96413875
8313,0.14450125
8314,0.013847992
8315,0.99582577
8316,0.9298243
8317,0.023644626
8318,0.01529147
8319,0.023844061
8320,0.0063006375
8321,0.006527176
8322,0.4803267
8323,0.0618295
8324,0.0058112694
8325,0.0045955167
8326,0.33953995
8327,0.023145195
8328,0.01641055
8329,0.27798602
8330,0.9949032
8331,0.10115184
8332,0.23036009
8333,0.0007502729
8334,0.46482822
8335,0.9273732
8336,0.7539087
8337,0.059397034
8338,0.001378058
8339,0.02919912
8340,0.032978937
8341,0.23947158
8342,0.99073255
8343,0.044037044
8344,0.9961378
8345,0.005584592
8346,0.97832084
8347,0.008724736
8348,0.0699357
8349,0.17312184
8350,0.13579789
8351,0.016877204
8352,0.98709273
8353,0.413054
8354,0.0018189446
8355,0.96018267
8356,0.026619036
8357,0.52579916
8358,0.06955955
8359,0.86966956
8360,0.99059075
8361,0.18784854
8362,0.9385542
8363,0.106592715
8364,0.9989379
8365,0.66913366
8366,0.010271616
8367,0.50116956
8368,0.72681135
8369,0.0014000669
8370,0.052978784
8371,0.6137748
8372,0.048971634
8373,0.61695975
8374,0.32403573
8375,0.37212446
8376,0.050008986
8377,0.008777263
8378,0.13238136
8379,0.0041861124
8380,0.51341784
8381,0.39805365
8382,0.9992878
8383,0.0036947797
8384,0.0025782736
8385,0.03212891
8386,0.95520896
8387,0.9966248
8388,0.1142684
8389,0.07952268
8390,0.0015790474
8391,0.054469183
8392,0.010417331
8393,0.8105514
8394,0.2924481
8395,0.14882566
8396,0.11507552
8397,0.9990125
8398,0.98704135
8399,0.07516409
8400,0.055667773
8401,0.5711419
8402,0.9737592
8403,0.72002536
8404,0.020110559
8405,0.9080408
8406,0.06423311
8407,0.99162674
8408,0.0013765863
8409,0.017589593
8410,0.08298321
8411,0.09502248
8412,0.04925514
8413,0.051815495
8414,0.008577672
8415,0.2606757
8416,0.0010434525
8417,0.045704115
8418,0.03750029
8419,0.82645935
8420,0.0025029227
8421,0.998357
8422,0.07581631
8423,0.19297774
8424,0.0015156912
8425,0.68885124
8426,0.9994235
8427,0.47393924
8428,0.9869819
8429,0.10146535
8430,0.06592655
8431,0.28898492
8432,0.017596375
8433,0.8671575
8434,0.24912113
8435,0.20862451
8436,0.94232255
8437,0.9215824
8438,0.015436447
8439,0.10029317
8440,0.007041929
8441,0.69458073
8442,0.007317657
8443,0.254557
8444,0.030296754
8445,0.0026406893
8446,0.007910112
8447,0.14360563
8448,0.056337345
8449,0.6553216
8450,0.012866703
8451,0.055075526
8452,0.0007680034
8453,0.9982834
8454,0.6094879
8455,0.1696612
8456,0.5388433
8457,0.024595276
8458,0.99884474
8459,0.39814267
8460,0.12339617
8461,0.053913005
8462,0.03497324
8463,0.011070474
8464,0.11050247
8465,0.031241493
8466,0.9661194
8467,0.0032483358
8468,0.7955073
8469,0.061840855
8470,0.020278852
8471,0.99444664
8472,0.99858224
8473,0.06062763
8474,0.0041359277
8475,0.96368533
8476,0.19699451
8477,0.32668728
8478,0.80829144
8479,0.0013334112
8480,0.0025097213
8481,0.0013597673
8482,0.005600221
8483,0.008870152
8484,0.34857208
8485,0.10800357
8486,0.13535336
8487,0.012432851
8488,0.0007937152
8489,0.78177744
8490,0.06865974
8491,0.81508034
8492,0.7323169
8493,0.0066650882
8494,0.020454915
8495,0.9906707
8496,0.19970363
8497,0.03824185
8498,0.16202778
8499,0.1310524
8500,0.041019563
8501,0.23130228
8502,0.049593598
8503,0.8251451
8504,0.053360246
8505,0.014784297
8506,0.037449688
8507,0.051281128
8508,0.043484177
8509,0.0110918665
8510,0.01995484
8511,0.010841681
8512,0.009862104
8513,0.005504547
8514,0.011039201
8515,0.42102525
8516,0.03985679
8517,0.030018799
8518,0.10934407
8519,0.01839685
8520,0.0045215045
8521,0.095369786
8522,0.96304375
8523,0.07228696
8524,0.9950734
8525,0.006589522
8526,0.56304055
8527,0.02034662
8528,0.083013006
8529,0.7955683
8530,0.5797709
8531,0.89936584
8532,0.826312
8533,0.020582056
8534,0.016946945
8535,0.9977763
8536,0.130632
8537,0.09338844
8538,0.5319405
8539,0.028956762
8540,0.17471987
8541,0.26371506
8542,0.0643516
8543,0.95461416
8544,0.98203516
8545,0.097936906
8546,0.0828914
8547,0.107128255
8548,0.8916569
8549,0.07061651
8550,0.016035007
8551,0.067174606
8552,0.04659223
8553,0.09711661
8554,0.24431738
8555,0.014386284
8556,0.24351877
8557,0.86117613
8558,0.99305445
8559,0.8431991
8560,0.9958306
8561,0.5758843
8562,0.057780646
8563,0.033636972
8564,0.015098537
8565,0.006815551
8566,0.9636178
8567,0.868357
8568,0.98352605
8569,0.09828918
8570,0.8620392
8571,0.015473588
8572,0.99940956
8573,0.542544
8574,0.03962055
8575,0.053751457
8576,0.0014122011
8577,0.78663856
8578,0.991285
8579,0.039410856
8580,0.6376608
8581,0.5528073
8582,0.012484989
8583,0.5288085
8584,0.86779463
8585,0.03688752
8586,0.016308712
8587,0.014299142
8588,0.25398266
8589,0.005412421
8590,0.3110364
8591,0.99130064
8592,0.14125119
8593,0.09249616
8594,0.0022984422
8595,0.9896685
8596,0.59483457
8597,0.0049327915
8598,0.9018704
8599,0.92289215
8600,0.07288568
8601,0.06825829
8602,0.0646173
8603,0.065506354
8604,0.42986372
8605,0.02145085
8606,0.05345452
8607,0.34068915
8608,0.99249434
8609,0.0062706275
8610,0.028169319
8611,0.84571
8612,0.099045925
8613,0.9917753
8614,0.9728061
8615,0.04945487
8616,0.088975206
8617,0.033006284
8618,0.7387402
8619,0.013483052
8620,0.03427901
8621,0.92908776
8622,0.054958623
8623,0.9701628
8624,0.004566751
8625,0.06229005
8626,0.027661793
8627,0.02518796
8628,0.20087297
8629,0.0032726077
8630,0.97363204
8631,0.10204671
8632,0.0819751
8633,0.9646435
8634,0.51308
8635,0.8463933
8636,0.9474051
8637,0.99682295
8638,0.006278712
8639,0.5799364
8640,0.018358786
8641,0.18105185
8642,0.0027288236
8643,0.8381773
8644,0.003988687
8645,0.0020927426
8646,0.4026673
8647,0.2162546
8648,0.049652006
8649,0.49953806
8650,0.0016449491
8651,0.0032269796
8652,0.6785122
8653,0.0018833489
8654,0.017227134
8655,0.0035481602
8656,0.0026215108
8657,0.2532029
8658,0.16898176
8659,0.09097946
8660,0.0014367522
8661,0.17460847
8662,0.0010394611
8663,0.026529301
8664,0.00063822506
8665,0.0028987539
8666,0.99197805
8667,0.021680463
8668,0.013779785
8669,0.0741255
8670,0.0025331215
8671,0.32404852
8672,0.98974705
8673,0.023136904
8674,0.010019798
8675,0.9895354
8676,0.9416147
8677,0.0025904705
8678,0.05302847
8679,0.0672015
8680,0.18331471
8681,0.10790919
8682,0.9892111
8683,0.91582286
8684,0.13875951
8685,0.005904894
8686,0.040070646
8687,0.008011456
8688,0.923018
8689,0.044262834
8690,0.049154706
8691,0.9904013
8692,0.11086283
8693,0.043383565
8694,0.99908125
8695,0.99251294
8696,0.018340878
8697,0.9828399
8698,0.063740104
8699,0.033934567
8700,0.012101036
8701,0.9689716
8702,0.06074757
8703,0.019615648
8704,0.00101017
8705,0.759114
8706,0.99929893
8707,0.008601085
8708,0.0029135314
8709,0.0043575405
8710,0.099919215
8711,0.0444866
8712,0.010751232
8713,0.17128348
8714,0.9165877
8715,0.014264049
8716,0.0032526879
8717,0.60305744
8718,0.9587237
8719,0.009379241
8720,0.030016294
8721,0.041026782
8722,0.97548246
8723,0.0043205856
8724,0.0027276378
8725,0.05689836
8726,0.026921878
8727,0.020688726
8728,0.083403036
8729,0.99861443
8730,0.8273125
8731,0.7072831
8732,0.880469
8733,0.836436
8734,0.01384848
8735,0.038198765
8736,0.77085626
8737,0.9636878
8738,0.11307651
8739,0.108572766
8740,0.9825461
8741,0.99311453
8742,0.9991104
8743,0.028068466
8744,0.001333422
8745,0.0756507
8746,0.12471978
8747,0.159255
8748,0.022949897
8749,0.08321171
8750,0.034130316
8751,0.06725974
8752,0.5621857
8753,0.8509161
8754,0.3152709
8755,0.986021
8756,0.18045785
8757,0.11290532
8758,0.02287308
8759,0.17359443
8760,0.007797245
8761,0.9047695
8762,0.006657645
8763,0.99310476
8764,0.15532625
8765,0.35979965
8766,0.0022966769
8767,0.086450584
8768,0.015048806
8769,0.06284795
8770,0.023626324
8771,0.0053097038
8772,0.02265322
8773,0.0056814877
8774,0.5996929
8775,0.0049713864
8776,0.013723855
8777,0.23782569
8778,0.10878298
8779,0.008903714
8780,0.0024815071
8781,0.95286757
8782,0.041952796
8783,0.025003105
8784,0.0024616567
8785,0.0050671906
8786,0.118037395
8787,0.0028258895
8788,0.9756059
8789,0.029695211
8790,0.98848164
8791,0.11173462
8792,0.018334564
8793,0.06062883
8794,0.9559152
8795,0.92381257
8796,0.005015997
8797,0.8834641
8798,0.87440026
8799,0.024552016
8800,0.008715639
8801,0.007935332
8802,0.007085165
8803,0.83159757
8804,0.009230775
8805,0.04694536
8806,0.08171691
8807,0.020493316
8808,0.29836196
8809,0.193001
8810,0.012766481
8811,0.34334236
8812,0.98345333
8813,0.006332834
8814,0.6129942
8815,0.9568244
8816,0.95691985
8817,0.9906911
8818,0.9787935
8819,0.1323495
8820,0.53338104
8821,0.09585358
8822,0.83193
8823,0.9828418
8824,0.003212112
8825,0.022142375
8826,0.24951528
8827,0.7448015
8828,0.051145088
8829,0.037507225
8830,0.008232944
8831,0.07976138
8832,0.29577023
8833,0.008338314
8834,0.53529525
8835,0.0022079109
8836,0.038074497
8837,0.13536096
8838,0.26453918
8839,0.14943346
8840,0.04693335
8841,0.99455535
8842,0.99353915
8843,0.012826502
8844,0.6869265
8845,0.05582486
8846,0.0010094258
8847,0.023067366
8848,0.99033177
8849,0.021489194
8850,0.9805361
8851,0.1312099
8852,0.9726581
8853,0.10453174
8854,0.00076610775
8855,0.01912892
8856,0.015876459
8857,0.018633896
8858,0.12121557
8859,0.4453972
8860,0.0649507
8861,0.017480886
8862,0.06370832
8863,0.18433653
8864,0.0014672008
8865,0.86881036
8866,0.9904033
8867,0.007923741
8868,0.9772043
8869,0.091046005
8870,0.026638025
8871,0.20767291
8872,0.01728266
8873,0.008555749
8874,0.47005853
8875,0.070978515
8876,0.0023249658
8877,0.99884784
8878,0.00067857996
8879,0.08397273
8880,0.003345246
8881,0.16257364
8882,0.29716358
8883,0.079466216
8884,0.9704823
8885,0.09807844
8886,0.10888618
8887,0.0074867294
8888,0.032906894
8889,0.031018095
8890,0.06328503
8891,0.21038616
8892,0.13840804
8893,0.3497072
8894,0.15434055
8895,0.9719597
8896,0.56181735
8897,0.6480094
8898,0.21666728
8899,0.038662225
8900,0.111043595
8901,0.22020261
8902,0.9976942
8903,0.18028775
8904,0.3678139
8905,0.8631986
8906,0.9584803
8907,0.110922806
8908,0.070515566
8909,0.9431421
8910,0.6614525
8911,0.009942275
8912,0.26022094
8913,0.05676106
8914,0.02678658
8915,0.060102418
8916,0.016522434
8917,0.07367552
8918,0.034238875
8919,0.11113495
8920,0.03165985
8921,0.19517182
8922,0.97852385
8923,0.031914968
8924,0.7628314
8925,0.6265126
8926,0.010719481
8927,0.6295606
8928,0.96393085
8929,0.5756933
8930,0.49058378
8931,0.13880455
8932,0.9913995
8933,0.036509346
8934,0.096194334
8935,0.5692224
8936,0.8845248
8937,0.00901699
8938,0.98553467
8939,0.0625038
8940,0.22618207
8941,0.0017726471
8942,0.22675258
8943,0.48302442
8944,0.7433957
8945,0.51386213
8946,0.089411736
8947,0.96451837
8948,0.15390208
8949,0.40389168
8950,0.82881933
8951,0.9964785
8952,0.06504853
8953,0.00565796
8954,0.040844265
8955,0.9753694
8956,0.87125546
8957,0.97256875
8958,0.97352964
8959,0.22153623
8960,0.005409698
8961,0.9236019
8962,0.01780364
8963,0.97507024
8964,0.43511933
8965,0.042483162
8966,0.1730164
8967,0.006667548
8968,0.0067592906
8969,0.007489281
8970,0.0033283653
8971,0.009598232
8972,0.010577788
8973,0.53681874
8974,0.009096914
8975,0.8813368
8976,0.09474191
8977,0.043377966
8978,0.42921698
8979,0.00080409396
8980,0.01984162
8981,0.9187506
8982,0.063638575
8983,0.7316909
8984,0.0012973684
8985,0.01721239
8986,0.011197501
8987,0.035844546
8988,0.004882062
8989,0.23402037
8990,0.010942291
8991,0.15340126
8992,0.00586033
8993,0.05537342
8994,0.9833853
8995,0.78673315
8996,0.014013816
8997,0.9922782
8998,0.015026762
8999,0.026424237
9000,0.14988317
9001,0.085661635
9002,0.0028749355
9003,0.99151975
9004,0.039300237
9005,0.9362803
9006,0.9870547
9007,0.13335449
9008,0.023639042
9009,0.026349004
9010,0.9286965
9011,0.9700561
9012,0.009811568
9013,0.004409992
9014,0.13671148
9015,0.005894907
9016,0.27986753
9017,0.03355238
9018,0.893216
9019,0.28590354
9020,0.012648903
9021,0.48400745
9022,0.113346845
9023,0.12900963
9024,0.02758612
9025,0.5326682
9026,0.33768806
9027,0.9970176
9028,0.09133019
9029,0.008060295
9030,0.65657747
9031,0.04698362
9032,0.31367198
9033,0.99560046
9034,0.01648608
9035,0.009146478
9036,0.01988812
9037,0.030209668
9038,0.044860404
9039,0.05209381
9040,0.016860621
9041,0.41632116
9042,0.055571232
9043,0.5327517
9044,0.0038888466
9045,0.022998093
9046,0.0038434747
9047,0.085654944
9048,0.024811925
9049,0.9807823
9050,0.058073986
9051,0.9905241
9052,0.017144516
9053,0.045137823
9054,0.060859878
9055,0.43923223
9056,0.43508503
9057,0.056697767
9058,0.9979068
9059,0.032704864
9060,0.04254399
9061,0.3482608
9062,0.9743027
9063,0.0137581695
9064,0.008639035
9065,0.34033483
9066,0.038632795
9067,0.30657375
9068,0.027283045
9069,0.012582781
9070,0.035470534
9071,0.07383738
9072,0.86619836
9073,0.43317935
9074,0.9653057
9075,0.0017870475
9076,0.95054585
9077,0.010680992
9078,0.050979875
9079,0.7597149
9080,0.7902597
9081,0.8268977
9082,0.62646455
9083,0.35593608
9084,0.04142718
9085,0.98582494
9086,0.95390326
9087,0.99287474
9088,0.93462425
9089,0.08164979
9090,0.23080891
9091,0.28709948
9092,0.47689912
9093,0.011519861
9094,0.008466557
9095,0.7527982
9096,0.9842324
9097,0.0014660227
9098,0.047756042
9099,0.12818994
9100,0.0019846796
9101,0.77084327
9102,0.042401813
9103,0.83073795
9104,0.14144054
9105,0.009292073
9106,0.14737561
9107,0.0062794047
9108,0.4149329
9109,0.27424094
9110,0.0007803032
9111,0.9686928
9112,0.0076421592
9113,0.5143116
9114,0.011740152
9115,0.8582598
9116,0.0481899
9117,0.9565853
9118,0.21204403
9119,0.6644268
9120,0.045772173
9121,0.5965083
9122,0.04096494
9123,0.2618714
9124,0.008998257
9125,0.6271851
9126,0.06616393
9127,0.035983868
9128,0.002376693
9129,0.007818218
9130,0.47797248
9131,0.9860859
9132,0.051692136
9133,0.0078024
9134,0.05773618
9135,0.40453526
9136,0.0031717329
9137,0.016857024
9138,0.03025146
9139,0.03538454
9140,0.964068
9141,0.043691278
9142,0.016822683
9143,0.9021294
9144,0.16630764
9145,0.031595554
9146,0.0019153841
9147,0.07885894
9148,0.038967695
9149,0.08004518
9150,0.09838468
9151,0.0021778657
9152,0.67569745
9153,0.12917143
9154,0.8533637
9155,0.9964676
9156,0.48571923
9157,0.9822416
9158,0.2747253
9159,0.0021566204
9160,0.2779372
9161,0.009178924
9162,0.10613513
9163,0.003093841
9164,0.055517998
9165,0.01652338
9166,0.9912646
9167,0.015099701
9168,0.18948106
9169,0.98889357
9170,0.9143449
9171,0.99079704
9172,0.9518222
9173,0.596439
9174,0.032334447
9175,0.040537167
9176,0.001718392
9177,0.18381366
9178,0.3465947
9179,0.053794194
9180,0.0040345485
9181,0.3572981
9182,0.0014123309
9183,0.005032335
9184,0.3888795
9185,0.011183424
9186,0.056909773
9187,0.01977589
9188,0.012484902
9189,0.9597322
9190,0.0033831417
9191,0.019250814
9192,0.99440855
9193,0.0006067415
9194,0.0057187174
9195,0.009684438
9196,0.7796442
9197,0.020153217
9198,0.0030647803
9199,0.05419713
9200,0.05465238
9201,0.9983961
9202,0.015824242
9203,0.017421054
9204,0.20041531
9205,0.0031008495
9206,0.6730658
9207,0.67600554
9208,0.0024826145
9209,0.009719522
9210,0.9840097
9211,0.96000147
9212,0.65356594
9213,0.032789145
9214,0.030915486
9215,0.05014766
9216,0.17353946
9217,0.01566481
9218,0.057793535
9219,0.01837642
9220,0.016479602
9221,0.57148635
9222,0.031563237
9223,0.99804085
9224,0.053711854
9225,0.9851011
9226,0.9984255
9227,0.017054675
9228,0.010036002
9229,0.0053490624
9230,0.17592205
9231,0.013751992
9232,0.93074644
9233,0.0031844976
9234,0.05672895
9235,0.121814236
9236,0.005996591
9237,0.08919168
9238,0.1278857
9239,0.11996494
9240,0.81425154
9241,0.3852424
9242,0.00053296157
9243,0.9984843
9244,0.0087594
9245,0.032256715
9246,0.31211025
9247,0.05996093
9248,0.9976342
9249,0.9985073
9250,0.014318498
9251,0.43762648
9252,0.0198479
9253,0.0016854977
9254,0.09282317
9255,0.99933714
9256,0.073778555
9257,0.35393167
9258,0.8651751
9259,0.013633262
9260,0.08205854
9261,0.98209274
9262,0.57003945
9263,0.01913719
9264,0.020361006
9265,0.020758782
9266,0.8957076
9267,0.80159193
9268,0.06760612
9269,0.7670031
9270,0.0045732153
9271,0.0012009238
9272,0.014008157
9273,0.028835181
9274,0.03309795
9275,0.024520727
9276,0.0050480263
9277,0.17148957
9278,0.9943328
9279,0.06818836
9280,0.591595
9281,0.9906459
9282,0.14147003
9283,0.8259379
9284,0.04164172
9285,0.24000317
9286,0.10107623
9287,0.3222008
9288,0.09870266
9289,0.07416591
9290,0.053131394
9291,0.056941964
9292,0.4111545
9293,0.43847656
9294,0.06373823
9295,0.1087986
9296,0.046576317
9297,0.99023205
9298,0.05963934
9299,0.0041474723
9300,0.04196057
9301,0.30755815
9302,0.030466188
9303,0.058306146
9304,0.019567218
9305,0.0027798964
9306,0.0743942
9307,0.33311006
9308,0.9893657
9309,0.9903088
9310,0.03146364
9311,0.8462772
9312,0.7932373
9313,0.9513612
9314,0.003868314
9315,0.5424446
9316,0.95037174
9317,0.3124802
9318,0.0027090104
9319,0.04187598
9320,0.03426585
9321,0.91856235
9322,0.8832865
9323,0.24335638
9324,0.0057243295
9325,0.008232624
9326,0.24229924
9327,0.054109313
9328,0.7031855
9329,0.07406382
9330,0.86930466
9331,0.049354505
9332,0.017578522
9333,0.04244069
9334,0.2565352
9335,0.006567235
9336,0.039584316
9337,0.77461076
9338,0.08638171
9339,0.06613544
9340,0.17101839
9341,0.041312724
9342,0.050954275
9343,0.0217268
9344,0.073874675
9345,0.0011920859
9346,0.12085389
9347,0.08552023
9348,0.020743767
9349,0.08229099
9350,0.058604192
9351,0.010571864
9352,0.042491075
9353,0.034678362
9354,0.034216307
9355,0.2135875
9356,0.18175189
9357,0.05734325
9358,0.20096241
9359,0.9943579
9360,0.05590178
9361,0.00092849677
9362,0.0062299804
9363,0.06185592
9364,0.30837193
9365,0.001118964
9366,0.04881793
9367,0.9877413
9368,0.100039266
9369,0.017034087
9370,0.99353725
9371,0.38160786
9372,0.018590355
9373,0.0017082383
9374,0.009206072
9375,0.28163823
9376,0.71477866
9377,0.11228854
9378,0.9989146
9379,0.09293841
9380,0.009087021
9381,0.99099267
9382,0.10054636
9383,0.9777675
9384,0.46124417
9385,0.9924469
9386,0.0033802697
9387,0.40300554
9388,0.30969644
9389,0.5736736
9390,0.011750258
9391,0.076629005
9392,0.015794313
9393,0.015468882
9394,0.31015623
9395,0.943625
9396,0.03215226
9397,0.9991574
9398,0.007092223
9399,0.0007705527
9400,0.42916295
9401,0.012059686
9402,0.07925297
9403,0.0042983103
9404,0.99510205
9405,0.42871982
9406,0.0010700485
9407,0.0025553228
9408,0.24057369
9409,0.29294792
9410,0.8919272
9411,0.16088663
9412,0.017496077
9413,0.018493606
9414,0.013463341
9415,0.20771888
9416,0.0049794177
9417,0.015161179
9418,0.020151438
9419,0.21944039
9420,0.98973477
9421,0.07344837
9422,0.99893934
9423,0.027798949
9424,0.87961566
9425,0.9927804
9426,0.5344288
9427,0.100968294
9428,0.06337741
9429,0.70443857
9430,0.0007406305
9431,0.92384714
9432,0.003903855
9433,0.9396104
9434,0.0029676727
9435,0.9986584
9436,0.99113184
9437,0.0021110615
9438,0.45620787
9439,0.005201595
9440,0.35979798
9441,0.57416695
9442,0.04161042
9443,0.023711598
9444,0.035933226
9445,0.96454185
9446,0.004931174
9447,0.9891704
9448,0.017220344
9449,0.010505317
9450,0.10607075
9451,0.0056723845
9452,0.99486333
9453,0.16760533
9454,0.019669631
9455,0.03365397
9456,0.0016138563
9457,0.3231344
9458,0.0045448476
9459,0.17297581
9460,0.016719121
9461,0.96040857
9462,0.061721083
9463,0.070072666
9464,0.14475703
9465,0.0008034085
9466,0.3991128
9467,0.93790394
9468,0.1063599
9469,0.00054815994
9470,0.99261487
9471,0.008022586
9472,0.97561896
9473,0.10070586
9474,0.98266035
9475,0.015657635
9476,0.03019187
9477,0.07794998
9478,0.8822736
9479,0.03431645
9480,0.94917375
9481,0.97126174
9482,0.11554772
9483,0.9776203
9484,0.10741567
9485,0.20240772
9486,0.98645914
9487,0.93266
9488,0.98874146
9489,0.18380103
9490,0.006356688
9491,0.020581076
9492,0.9979286
9493,0.023080198
9494,0.07597478
9495,0.0010071237
9496,0.004487929
9497,0.08818191
9498,0.5442007
9499,0.98657227
9500,0.18154714
9501,0.08640136
9502,0.9724267
9503,0.9950498
9504,0.41286802
9505,0.8324744
9506,0.9987206
9507,0.016252695
9508,0.009212694
9509,0.036544878
9510,0.008339587
9511,0.14318363
9512,0.183425
9513,0.7678485
9514,0.21463954
9515,0.061237358
9516,0.23641934
9517,0.017440172
9518,0.012552147
9519,0.09603955
9520,0.0012737487
9521,0.0054877107
9522,0.3567438
9523,0.043857574
9524,0.07654396
9525,0.00043444845
9526,0.30840984
9527,0.027449284
9528,0.054475874
9529,0.3298944
9530,0.010163314
9531,0.01814195
9532,0.01414908
9533,0.35874382
9534,0.8073245
9535,0.8436239
9536,0.0026504113
9537,0.99886775
9538,0.028390916
9539,0.29716942
9540,0.99412787
9541,0.2118907
9542,0.44710523
9543,0.0036319934
9544,0.025030617
9545,0.109441705
9546,0.98849165
9547,0.6622668
9548,0.0059859506
9549,0.21747045
9550,0.7961277
9551,0.7361928
9552,0.9919777
9553,0.49535108
9554,0.9941104
9555,0.20805205
9556,0.008232017
9557,0.9860249
9558,0.079864055
9559,0.030911509
9560,0.0006015951
9561,0.06835372
9562,0.9970624
9563,0.12572008
9564,0.9903052
9565,0.0025472061
9566,0.037641827
9567,0.9942873
9568,0.011553661
9569,0.049681257
9570,0.28687695
9571,0.0553015
9572,0.1512781
9573,0.90955883
9574,0.5074271
9575,0.06955108
9576,0.9589851
9577,0.16924451
9578,0.0028272618
9579,0.0040534004
9580,0.96758056
9581,0.9679213
9582,0.022961812
9583,0.95376724
9584,0.9243584
9585,0.0076902667
9586,0.009450746
9587,0.012385208
9588,0.98209524
9589,0.0069968607
9590,0.10992488
9591,0.3229987
9592,0.6413147
9593,0.029373795
9594,0.97918624
9595,0.9932231
9596,0.013927976
9597,0.9129147
9598,0.99410534
9599,0.081518576
9600,0.932242
9601,0.86842024
9602,0.0042778086
9603,0.02034582
9604,0.06546457
9605,0.07401003
9606,0.000977274
9607,0.06721982
9608,0.2599446
9609,0.6231157
9610,0.0030303393
9611,0.0012507907
9612,0.0065272194
9613,0.016348898
9614,0.45798525
9615,0.18268313
9616,0.96706903
9617,0.013480199
9618,0.30716318
9619,0.1645275
9620,0.0041915104
9621,0.31402555
9622,0.016607283
9623,0.5232841
9624,0.31589052
9625,0.00377376
9626,0.04927685
9627,0.04785865
9628,0.99470973
9629,0.7800984
9630,0.9745209
9631,0.9975681
9632,0.9987576
9633,0.04676162
9634,0.12177534
9635,0.99880135
9636,0.99421555
9637,0.0020763949
9638,0.024692873
9639,0.037392836
9640,0.21934967
9641,0.014807874
9642,0.14032628
9643,0.10002923
9644,0.9852232
9645,0.12768042
9646,0.758519
9647,0.44608548
9648,0.0009952376
9649,0.5019854
9650,0.008813375
9651,0.9949362
9652,0.6640817
9653,0.4514072
9654,0.40489203
9655,0.0276897
9656,0.41383845
9657,0.9795926
9658,0.9990351
9659,0.020202449
9660,0.016844748
9661,0.030760732
9662,0.98688275
9663,0.0063073854
9664,0.004958061
9665,0.042100668
9666,0.012642872
9667,0.023314595
9668,0.121758394
9669,0.09132277
9670,0.19765474
9671,0.5394114
9672,0.020581322
9673,0.09635859
9674,0.695791
9675,0.13245036
9676,0.13997976
9677,0.002852659
9678,0.9601896
9679,0.07470597
9680,0.514692
9681,0.47112745
9682,0.13031864
9683,0.950986
9684,0.012522553
9685,0.82708037
9686,0.0731909
9687,0.042571455
9688,0.009370012
9689,0.0057835793
9690,0.22886617
9691,0.93012774
9692,0.05325218
9693,0.010671252
9694,0.742621
9695,0.003550175
9696,0.9866188
9697,0.5302719
9698,0.02947177
9699,0.005912408
9700,0.03129863
9701,0.031356987
9702,0.9982687
9703,0.06607985
9704,0.032811593
9705,0.19567685
9706,0.8229741
9707,0.03672451
9708,0.0063063484
9709,0.052371327
9710,0.78592235
9711,0.11730668
9712,0.5338604
9713,0.63225466
9714,0.017526489
9715,0.040392987
9716,0.239796
9717,0.006240038
9718,0.028461007
9719,0.047288366
9720,0.9967625
9721,0.98942846
9722,0.09357053
9723,0.007274883
9724,0.20706731
9725,0.88123876
9726,0.08158701
9727,0.06397944
9728,0.24896958
9729,0.009270431
9730,0.9815352
9731,0.014574619
9732,0.003268967
9733,0.008382491
9734,0.011599018
9735,0.14390545
9736,0.049467202
9737,0.034337297
9738,0.03868397
9739,0.98471916
9740,0.10319036
9741,0.04036785
9742,0.0425873
9743,0.7188753
9744,0.011065494
9745,0.81550187
9746,0.016978487
9747,0.36317024
9748,0.779166
9749,0.9862769
9750,0.0050549884
9751,0.99463814
9752,0.012118862
9753,0.98704314
9754,0.36606073
9755,0.99699956
9756,0.09076275
9757,0.9769533
9758,0.20636915
9759,0.010860413
9760,0.0040525687
9761,0.2139435
9762,0.00080090057
9763,0.06641481
9764,0.9655209
9765,0.057153657
9766,0.09721407
9767,0.9944807
9768,0.32139415
9769,0.005728875
9770,0.50527483
9771,0.035619643
9772,0.024940757
9773,0.6316551
9774,0.0075786
9775,0.052933082
9776,0.0015013044
9777,0.12444245
9778,0.19397809
9779,0.120266974
9780,0.9969984
9781,0.15622883
9782,0.7489426
9783,0.09954189
9784,0.42657232
9785,0.9881749
9786,0.48855293
9787,0.10216602
9788,0.0017839863
9789,0.3481695
9790,0.09503245
9791,0.02968683
9792,0.021072056
9793,0.039662283
9794,0.5628812
9795,0.0883765
9796,0.022403864
9797,0.8387958
9798,0.35477307
9799,0.037610017
9800,0.07599994
9801,0.009230077
9802,0.08031551
9803,0.020390892
9804,0.75640506
9805,0.0034195858
9806,0.8904018
9807,0.021331755
9808,0.01235974
9809,0.042377234
9810,0.012477567
9811,0.021926768
9812,0.010420816
9813,0.0016202119
9814,0.11816666
9815,0.25983304
9816,0.507756
9817,0.010330166
9818,0.4132487
9819,0.9656736
9820,0.14794065
9821,0.03332793
9822,0.0038025775
9823,0.98554426
9824,0.29602364
9825,0.9912651
9826,0.004515049
9827,0.9967957
9828,0.35951266
9829,0.7810034
9830,0.99593866
9831,0.008888133
9832,0.05930707
9833,0.1462164
9834,0.050927438
9835,0.3165537
9836,0.9870991
9837,0.99694616
9838,0.0009958867
9839,0.030525746
9840,0.99948967
9841,0.025479281
9842,0.19153099
9843,0.80057186
9844,0.029431703
9845,0.00086724106
9846,0.79774076
9847,0.44674322
9848,0.010398103
9849,0.0028723846
9850,0.12533532
9851,0.06341409
9852,0.06442819
9853,0.0027900948
9854,0.15443939
9855,0.3362336
9856,0.03336812
9857,0.9749264
9858,0.04028606
9859,0.9141055
9860,0.07404438
9861,0.041476347
9862,0.037695985
9863,0.0019559183
9864,0.9865926
9865,0.9978537
9866,0.02072499
9867,0.0011870521
9868,0.66637474
9869,0.07492667
9870,0.9236617
9871,0.9933268
9872,0.071937904
9873,0.017891118
9874,0.9802608
9875,0.099458106
9876,0.111041665
9877,0.07159287
9878,0.099919625
9879,0.88186395
9880,0.0044310424
9881,0.97543925
9882,0.91736805
9883,0.050905444
9884,0.020300545
9885,0.053071458
9886,0.078163706
9887,0.01299372
9888,0.9889107
9889,0.9991571
9890,0.17782214
9891,0.012646015
9892,0.053454947
9893,0.20439665
9894,0.06118409
9895,0.041211523
9896,0.864418
9897,0.066715956
9898,0.012352134
9899,0.090874575
9900,0.24136528
9901,0.043068223
9902,0.05568233
9903,0.034934253
9904,0.7031834
9905,0.025187662
9906,0.060308922
9907,0.74020314
9908,0.010399394
9909,0.9883521
9910,0.95964193
9911,0.14009711
9912,0.021693822
9913,0.018094715
9914,0.16069569
9915,0.9976629
9916,0.111812994
9917,0.02679619
9918,0.0046891966
9919,0.6127689
9920,0.00935921
9921,0.27501795
9922,0.00054449576
9923,0.43331677
9924,0.099897966
9925,0.2453049
9926,0.14919978
9927,0.09394574
9928,0.0041634343
9929,0.9787249
9930,0.9870429
9931,0.18661273
9932,0.09950844
9933,0.144406
9934,0.004361879
9935,0.9245584
9936,0.9950506
9937,0.48224214
9938,0.6294873
9939,0.025703825
9940,0.1152275
9941,0.0097782975
9942,0.07266729
9943,0.009082231
9944,0.049949892
9945,0.98252594
9946,0.049831815
9947,0.074192904
9948,0.015663553
9949,0.0032514653
9950,0.037191827
9951,0.25897038
9952,0.0029947134
9953,0.99822253
9954,0.9624199
9955,0.093492344
9956,0.44718173
9957,0.0072155995
9958,0.9977005
9959,0.31998822
9960,0.9229187
9961,0.014579201
9962,0.015092398
9963,0.011705441
9964,0.32651657
9965,0.035088878
9966,0.0036027285
9967,0.004553016
9968,0.13579847
9969,0.0026067335
9970,0.097525656
9971,0.99305433
9972,0.025188347
9973,0.0034641195
9974,0.01884454
9975,0.97673917
9976,0.14540608
9977,0.09499462
9978,0.1425986
9979,0.0021321634
9980,0.11369039
9981,0.11739161
9982,0.0038040606
9983,0.09210118
9984,0.010036423
9985,0.0017834065
9986,0.016298104
9987,0.11924062
9988,0.043628126
9989,0.0065920786
9990,0.08548249
9991,0.9841632
9992,0.023609415
9993,0.06049187
9994,0.7614275
9995,0.00073468173
9996,0.11937343
9997,0.84415084
9998,0.9959825
9999,0.025191128
10000,0.16255383
10001,0.9703836
10002,0.19487602
10003,0.34747973
10004,0.0049124914
10005,0.9844503
10006,0.98234814
10007,0.008661246
10008,0.9941052
10009,0.98012197
10010,0.15696321
10011,0.044824656
10012,0.8518122
10013,0.020211497
10014,0.103655525
10015,0.111599505
10016,0.04484913
10017,0.014047326
10018,0.0012562141
10019,0.040261317
10020,0.01234755
10021,0.052405752
10022,0.9925563
10023,0.9941578
10024,0.6736272
10025,0.012586543
10026,0.013771867
10027,0.029541776
10028,0.90021473
10029,0.06957183
10030,0.0014079778
10031,0.075691625
10032,0.74835265
10033,0.73959434
10034,0.0033984256
10035,0.0038923873
10036,0.14462811
10037,0.9858891
10038,0.005293605
10039,0.2403611
10040,0.09269321
10041,0.0039495016
10042,0.9567201
10043,0.011509836
10044,0.20742223
10045,0.0072039
10046,0.0017761379
10047,0.8105413
10048,0.10854366
10049,0.6782747
10050,0.007183323
10051,0.43709671
10052,0.9923477
10053,0.16440628
10054,0.80422294
10055,0.5115309
10056,0.0040795715
10057,0.982499
10058,0.9847097
10059,0.057337943
10060,0.9602829
10061,0.096642226
10062,0.0005469525
10063,0.05451065
10064,0.9798544
10065,0.2888984
10066,0.08249313
10067,0.018229023
10068,0.01383128
10069,0.026271854
10070,0.019732175
10071,0.66947854
10072,0.9104571
10073,0.5485296
10074,0.13380986
10075,0.87946427
10076,0.9642842
10077,0.06438537
10078,0.02529057
10079,0.106262796
10080,0.10569039
10081,0.04048252
10082,0.19217393
10083,0.0040377458
10084,0.07349846
10085,0.20926729
10086,0.05653669
10087,0.86947036
10088,0.010352497
10089,0.8549087
10090,0.0011863557
10091,0.02975043
10092,0.0013455605
10093,0.027295334
10094,0.47842672
10095,0.010746877
10096,0.026072415
10097,0.989214
10098,0.41115138
10099,0.12494717
10100,0.0061416687
10101,0.0040364536
10102,0.016436731
10103,0.0068261363
10104,0.98146844
10105,0.0042376155
10106,0.09457057
10107,0.006790138
10108,0.1572418
10109,0.063067846
10110,0.08882964
10111,0.0069268914
10112,0.009935687
10113,0.10136454
10114,0.04291033
10115,0.004885093
10116,0.67262655
10117,0.051408872
10118,0.051091887
10119,0.077969536
10120,0.55611914
10121,0.17120668
10122,0.26402777
10123,0.120512374
10124,0.002235045
10125,0.05550048
10126,0.98943967
10127,0.030894961
10128,0.07746661
10129,0.024540152
10130,0.15478224
10131,0.55153215
10132,0.29049864
10133,0.06485977
10134,0.994158
10135,0.06457684
10136,0.0040464266
10137,0.00665348
10138,0.5553641
10139,0.91904974
10140,0.15946898
10141,0.052114807
10142,0.004802826
10143,0.1266411
10144,0.002634841
10145,0.007998827
10146,0.08164055
10147,0.38116106
10148,0.63313663
10149,0.850913
10150,0.045214552
10151,0.019649863
10152,0.0038831113
10153,0.9753745
10154,0.09802735
10155,0.015824413
10156,0.70536876
10157,0.26930422
10158,0.9687158
10159,0.26724595
10160,0.9901516
10161,0.018347222
10162,0.9699537
10163,0.9982498
10164,0.0030317483
10165,0.012936733
10166,0.00097387965
10167,0.9467852
10168,0.4103904
10169,0.89526325
10170,0.00393966
10171,0.19760917
10172,0.07954955
10173,0.13933909
10174,0.0013277618
10175,0.21417378
10176,0.0022336524
10177,0.9986908
10178,0.0030946676
10179,0.025599452
10180,0.06801746
10181,0.0039019478
10182,0.02042635
10183,0.95290536
10184,0.99886036
10185,0.9229125
10186,0.37347916
10187,0.057938766
10188,0.046542335
10189,0.0024386945
10190,0.0007368318
10191,0.99569315
10192,0.9922471
10193,0.121957846
10194,0.029074809
10195,0.01728167
10196,0.6513317
10197,0.011514346
10198,0.05133516
10199,0.046783168
10200,0.012555345
10201,0.005267834
10202,0.06821265
10203,0.010546284
10204,0.9474651
10205,0.0064873938
10206,0.99824595
10207,0.020264307
10208,0.9789588
10209,0.32903025
10210,0.99009573
10211,0.6663754
10212,0.93716216
10213,0.23128594
10214,0.25384593
10215,0.008941888
10216,0.21991675
10217,0.8601206
10218,0.003964885
10219,0.045291945
10220,0.09622383
10221,0.0026618456
10222,0.0013605795
10223,0.9729944
10224,0.8618226
10225,0.08159223
10226,0.06627028
10227,0.9987974
10228,0.008127584
10229,0.5575769
10230,0.99870276
10231,0.006550743
10232,0.17147012
10233,0.20568843
10234,0.11459804
10235,0.017738618
10236,0.027492953
10237,0.34133565
10238,0.023187002
10239,0.9668683
10240,0.042022336
10241,0.06847849
10242,0.11456713
10243,0.050005585
10244,0.0015298424
10245,0.9837572
10246,0.014094816
10247,0.3859013
10248,0.3410625
10249,0.8043234
10250,0.002779258
10251,0.01723406
10252,0.0073065883
10253,0.7792259
10254,0.16355582
10255,0.05802037
10256,0.9935888
10257,0.6995737
10258,0.009297509
10259,0.016027028
10260,0.98912317
10261,0.00334541
10262,0.0012149301
10263,0.9017784
10264,0.5862343
10265,0.012712661
10266,0.8893978
10267,0.8534306
10268,0.013679103
10269,0.04477829
10270,0.5009558
10271,0.005416332
10272,0.06746632
10273,0.9014944
10274,0.86262596
10275,0.20864709
10276,0.046799827
10277,0.13602455
10278,0.080215804
10279,0.98725986
10280,0.013381576
10281,0.61344165
10282,0.024857039
10283,0.42764285
10284,0.35970044
10285,0.0485313
10286,0.1030423
10287,0.3337932
10288,0.952292
10289,0.8428273
10290,0.053771906
10291,0.02876669
10292,0.025392782
10293,0.06380126
10294,0.5390549
10295,0.050096918
10296,0.98721814
10297,0.17111926
10298,0.016419373
10299,0.23108502
10300,0.9567352
10301,0.0006684306
10302,0.89828295
10303,0.05449266
10304,0.08774213
10305,0.008964791
10306,0.9408109
10307,0.04624101
10308,0.10747135
10309,0.053170394
10310,0.0254971
10311,0.13219579
10312,0.9886436
10313,0.033260506
10314,0.0005366596
10315,0.76881653
10316,0.28131083
10317,0.109575905
10318,0.43045196
10319,0.009273514
10320,0.1727643
10321,0.037039183
10322,0.12145231
10323,0.037834667
10324,0.00077987276
10325,0.21443684
10326,0.5672168
10327,0.007726222
10328,0.93875533
10329,0.060849227
10330,0.017353298
10331,0.04235833
10332,0.033155587
10333,0.17564239
10334,0.9731541
10335,0.98332524
10336,0.6118548
10337,0.47209868
10338,0.18223271
10339,0.8650726
10340,0.64222646
10341,0.035762347
10342,0.593664
10343,0.95012987
10344,0.8443964
10345,0.006605501
10346,0.97689223
10347,0.9717571
10348,0.0031995468
10349,0.89119595
10350,0.07498842
10351,0.99675554
10352,0.00991133
10353,0.98447186
10354,0.5763902
10355,0.113086104
10356,0.12759323
10357,0.06895143
10358,0.9882123
10359,0.010012503
10360,0.9761716
10361,0.9785558
10362,0.0029331858
10363,0.014453855
10364,0.1545987
10365,0.009880163
10366,0.04161453
10367,0.00652152
10368,0.98851985
10369,0.03066529
10370,0.0062096613
10371,0.30685398
10372,0.021453988
10373,0.38167778
10374,0.9951533
10375,0.00060284114
10376,0.009527173
10377,0.15372051
10378,0.31137493
10379,0.031031592
10380,0.083313644
10381,0.03364616
10382,0.95978737
10383,0.99895763
10384,0.007223836
10385,0.06726548
10386,0.036267616
10387,0.0027318476
10388,0.047209546
10389,0.023961728
10390,0.47311142
10391,0.0046585468
10392,0.0892755
10393,0.005533782
10394,0.9595495
10395,0.07559905
10396,0.49224067
10397,0.10983482
10398,0.97496694
10399,0.07933039
10400,0.3584892
10401,0.3805809
10402,0.40511188
10403,0.053289358
10404,0.008628542
10405,0.5211446
10406,0.5164759
10407,0.005354225
10408,0.9618019
10409,0.26767084
10410,0.48676935
10411,0.011848408
10412,0.030293863
10413,0.012166462
10414,0.9850771
10415,0.08252937
10416,0.6692016
10417,0.020667844
10418,0.98054975
10419,0.057249404
10420,0.8104193
10421,0.95925313
10422,0.50306165
10423,0.020511463
10424,0.2493064
10425,0.28003034
10426,0.031393323
10427,0.028150821
10428,0.011584606
10429,0.0074152877
10430,0.14439656
10431,0.84041286
10432,0.9886064
10433,0.045098
10434,0.0027232156
10435,0.013748779
10436,0.057778597
10437,0.0049282573
10438,0.0023623754
10439,0.0018657722
10440,0.001013502
10441,0.65841556
10442,0.9548708
10443,0.4003307
10444,0.42331478
10445,0.02192438
10446,0.003746597
10447,0.9155448
10448,0.021942053
10449,0.9883493
10450,0.99835026
10451,0.094662234
10452,0.9965048
10453,0.85772395
10454,0.13111006
10455,0.005128724
10456,0.0045377943
10457,0.0027059447
10458,0.96578705
10459,0.031951215
10460,0.0942146
10461,0.32759878
10462,0.17833678
10463,0.010942997
10464,0.99026674
10465,0.007011062
10466,0.10993519
10467,0.010441193
10468,0.7550496
10469,0.37706873
10470,0.65866
10471,0.01670642
10472,0.89113384
10473,0.1714087
10474,0.21352269
10475,0.012163712
10476,0.09983269
10477,0.993447
10478,0.84490407
10479,0.0358774
10480,0.99346715
10481,0.97249717
10482,0.20102407
10483,0.031119602
10484,0.98070186
10485,0.026684055
10486,0.054977946
10487,0.03785353
10488,0.17917849
10489,0.5580899
10490,0.94836587
10491,0.039902683
10492,0.0008048103
10493,0.9963676
10494,0.12088073
10495,0.98764616
10496,0.036961485
10497,0.05345997
10498,0.12551048
10499,0.035193786
10500,0.99287003
10501,0.4634377
10502,0.56311655
10503,0.96312577
10504,0.17944568
10505,0.09260168
10506,0.2829573
10507,0.16608371
10508,0.05780678
10509,0.02380508
10510,0.9568559
10511,0.38937986
10512,0.008729175
10513,0.10900892
10514,0.95665693
10515,0.008527156
10516,0.82546484
10517,0.013689684
10518,0.16415669
10519,0.4730362
10520,0.9982571
10521,0.1266277
10522,0.002227973
10523,0.00883806
10524,0.75027186
10525,0.3627899
10526,0.26820907
10527,0.48501188
10528,0.84796274
10529,0.98878944
10530,0.04742265
10531,0.06558428
10532,0.0077349083
10533,0.030722413
10534,0.123719595
10535,0.10671279
10536,0.99732566
10537,0.10304688
10538,0.006490529
10539,0.024343444
10540,0.5004964
10541,0.95259404
10542,0.101619065
10543,0.9594403
10544,0.9214661
10545,0.96759933
10546,0.9990097
10547,0.9092652
10548,0.024426015
10549,0.9906871
10550,0.14104643
10551,0.0040551447
10552,0.004069467
10553,0.014874426
10554,0.9784152
10555,0.010741003
10556,0.10734389
10557,0.05859818
10558,0.968671
10559,0.9617701
10560,0.010758117
10561,0.0010238995
10562,0.10039745
10563,0.9655903
10564,0.6986835
10565,0.0025848844
10566,0.5679971
10567,0.039227318
10568,0.07667013
10569,0.14510863
10570,0.36393195
10571,0.03995809
10572,0.251555
10573,0.20060992
10574,0.98646355
10575,0.0069925324
10576,0.006392669
10577,0.99169767
10578,0.8472458
10579,0.020615298
10580,0.0013230074
10581,0.047774132
10582,0.9782371
10583,0.9881848
10584,0.02202513
10585,0.9375197
10586,0.46250793
10587,0.8700857
10588,0.009560379
10589,0.13526505
10590,0.36336148
10591,0.004439161
10592,0.80401564
10593,0.033127267
10594,0.009882421
10595,0.002938294
10596,0.054753367
10597,0.971217
10598,0.1264465
10599,0.11349314
10600,0.044590984
10601,0.62063384
10602,0.041068066
10603,0.9795084
10604,0.0011110139
10605,0.9740684
10606,0.9925005
10607,0.00779217
10608,0.030459123
10609,0.1288992
10610,0.048550125
10611,0.95840603
10612,0.010703513
10613,0.028632522
10614,0.007011779
10615,0.023111435
10616,0.14189197
10617,0.44947493
10618,0.9862731
10619,0.0110006295
10620,0.976071
10621,0.09657564
10622,0.64150697
10623,0.07754444
10624,0.07662049
10625,0.089184895
10626,0.049190916
10627,0.101192795
10628,0.3127079
10629,0.0018530092
10630,0.9938589
10631,0.00081674004
10632,0.024380095
10633,0.0091017345
10634,0.5881865
10635,0.97569627
10636,0.8996762
10637,0.99924195
10638,0.1286897
10639,0.7097398
10640,0.09099857
10641,0.29737848
10642,0.53940743
10643,0.0021598819
10644,0.0046216017
10645,0.99964845
10646,0.0035153865
10647,0.0057209465
10648,0.0016807361
10649,0.9753752
10650,0.16614014
10651,0.15323777
10652,0.99775654
10653,0.5292726
10654,0.8478143
10655,0.15130329
10656,0.9915609
10657,0.26147676
10658,0.24030992
10659,0.022389373
10660,0.00089714484
10661,0.9706259
10662,0.01105756
10663,0.07947309
10664,0.14461769
10665,0.006324824
10666,0.3495087
10667,0.39959872
10668,0.46436507
10669,0.005678369
10670,0.020693019
10671,0.0014126464
10672,0.0011471688
10673,0.14718844
10674,0.23209824
10675,0.65795296
10676,0.013968216
10677,0.9861172
10678,0.029425595
10679,0.05049108
10680,0.0021412189
10681,0.76936334
10682,0.015864288
10683,0.53639877
10684,0.021621546
10685,0.98934525
10686,0.99761933
10687,0.0059252135
10688,0.008362111
10689,0.828281
10690,0.0033575515
10691,0.44535187
10692,0.95372397
10693,0.95121574
10694,0.00445788
10695,0.5935006
10696,0.036153242
10697,0.0047842613
10698,0.944977
10699,0.99920565
10700,0.96719134
10701,0.08505456
10702,0.004585448
10703,0.9399655
10704,0.4359284
10705,0.9942101
10706,0.8029247
10707,0.9543341
10708,0.0026652617
10709,0.082591854
10710,0.001891944
10711,0.000809969
10712,0.15803055
10713,0.05167628
10714,0.0018395372
10715,0.102901645
10716,0.8811028
10717,0.049784828
10718,0.0005856156
10719,0.4829828
10720,0.7700204
10721,0.9600684
10722,0.9718512
10723,0.99058
10724,0.002190092
10725,0.19038533
10726,0.277598
10727,0.9979539
10728,0.05227334
10729,0.042118017
10730,0.005188295
10731,0.9982151
10732,0.0854621
10733,0.042203274
10734,0.12233943
10735,0.99065137
10736,0.005229737
10737,0.2990072
10738,0.0004983014
10739,0.9767594
10740,0.14794229
10741,0.11264532
10742,0.99253196
10743,0.0061129727
10744,0.8382113
10745,0.21972471
10746,0.8803723
10747,0.024143832
10748,0.969283
10749,0.9981293
10750,0.8386778
10751,0.015827429
10752,0.038531482
10753,0.17610967
10754,0.7147509
10755,0.008273421
10756,0.15134515
10757,0.9834662
10758,0.2682549
10759,0.0567288
10760,0.33056545
10761,0.002300258
10762,0.033804726
10763,0.6324926
10764,0.97336787
10765,0.9051809
10766,0.030872563
10767,0.07453972
10768,0.0030464502
10769,0.15289068
10770,0.9987445
10771,0.030480867
10772,0.010638072
10773,0.0012116238
10774,0.013745489
10775,0.31509873
10776,0.2900448
10777,0.010525575
10778,0.064028606
10779,0.94302225
10780,0.0046695396
10781,0.069871634
10782,0.00090410816
10783,0.8669447
10784,0.11509577
10785,0.1499694
10786,0.987123
10787,0.03794728
10788,0.0083061615
10789,0.997844
10790,0.26707724
10791,0.07441794
10792,0.004408581
10793,0.8944227
10794,0.17220972
10795,0.14653233
10796,0.027171753
10797,0.01587619
10798,0.9082404
10799,0.18396181
10800,0.16968344
10801,0.034541473
10802,0.013154266
10803,0.063218914
10804,0.9941135
10805,0.8927231
10806,0.060482867
10807,0.056419242
10808,0.053243008
10809,0.16186038
10810,0.9645268
10811,0.015257805
10812,0.01224526
10813,0.012389904
10814,0.019923123
10815,0.16941588
10816,0.071957804
10817,0.96870273
10818,0.13062212
10819,0.09453349
10820,0.0024533896
10821,0.041520048
10822,0.020631932
10823,0.06993315
10824,0.0026650196
10825,0.061917752
10826,0.032396838
10827,0.001018174
10828,0.96735406
10829,0.083225556
10830,0.0678406
10831,0.3573998
10832,0.46197557
10833,0.012436605
10834,0.02294267
10835,0.16984949
10836,0.0061802748
10837,0.5096489
10838,0.5695065
10839,0.12739524
10840,0.01646772
10841,0.18132357
10842,0.92437875
10843,0.99288875
10844,0.5125326
10845,0.09539636
10846,0.023441123
10847,0.014361214
10848,0.14944832
10849,0.045090985
10850,0.12690909
10851,0.20035164
10852,0.90381795
10853,0.015661428
10854,0.00070263364
10855,0.0147059485
10856,0.06888653
10857,0.010751947
10858,0.07929504
10859,0.9893634
10860,0.18671474
10861,0.030835189
10862,0.05951831
10863,0.0819869
10864,0.9620924
10865,0.22254
10866,0.05242005
10867,0.043491993
10868,0.0072619286
10869,0.98635256
10870,0.20625575
10871,0.045543734
10872,0.01588649
10873,0.095004626
10874,0.9977368
10875,0.13787445
10876,0.039636645
10877,0.022772064
10878,0.001245466
10879,0.9645756
10880,0.020648284
10881,0.9724873
10882,0.9178785
10883,0.70087296
10884,0.9860722
10885,0.0072079585
10886,0.6928856
10887,0.04516942
10888,0.9668725
10889,0.06669451
10890,0.91846085
10891,0.0069276174
10892,0.0016343996
10893,0.99610376
10894,0.99108875
10895,0.98102313
10896,0.045943953
10897,0.008995417
10898,0.016174385
10899,0.0052194647
10900,0.012965015
10901,0.30402192
10902,0.075850345
10903,0.03823737
10904,0.015447306
10905,0.7228891
10906,0.06697567
10907,0.053459488
10908,0.8015539
10909,0.016119285
10910,0.9827946
10911,0.9907142
10912,0.007424384
10913,0.97582203
10914,0.99919623
10915,0.7734966
10916,0.99527186
10917,0.04917982
10918,0.30410337
10919,0.15139118
10920,0.9802837
10921,0.9943287
10922,0.98223317
10923,0.9362512
10924,0.8734604
10925,0.024595732
10926,0.77349514
10927,0.0068096304
10928,0.6080312
10929,0.97824544
10930,0.11589695
10931,0.15093407
10932,0.008674403
10933,0.117166415
10934,0.123474024
10935,0.992523
10936,0.32608673
10937,0.17150262
10938,0.9899586
10939,0.08686832
10940,0.93122107
10941,0.9984669
10942,0.5331646
10943,0.007844457
10944,0.016115427
10945,0.17261606
10946,0.024085453
10947,0.03858883
10948,0.0016816998
10949,0.011035245
10950,0.007255998
10951,0.9745353
10952,0.031058406
10953,0.009559087
10954,0.04078265
10955,0.26468796
10956,0.7209714
10957,0.0011145789
10958,0.008811604
10959,0.0021390528
10960,0.9846762
10961,0.27116242
10962,0.70260453
10963,0.20394813
10964,0.0010774944
10965,0.84070617
10966,0.98846394
10967,0.9816975
10968,0.242947
10969,0.03922903
10970,0.05295325
10971,0.17431033
10972,0.48324347
10973,0.41270244
10974,0.34101334
10975,0.79724085
10976,0.053846486
10977,0.9874194
10978,0.11435449
10979,0.0034663032
10980,0.9839298
10981,0.38411278
10982,0.9916277
10983,0.056815207
10984,0.05549589
10985,0.86944395
10986,0.027482873
10987,0.014145183
10988,0.14780484
10989,0.039270576
10990,0.040545896
10991,0.11014181
10992,0.015451578
10993,0.07638154
10994,0.0013101352
10995,0.15371437
10996,0.4179766
10997,0.014023774
10998,0.030881932
10999,0.03447873
11000,0.0142298015
11001,0.008023895
11002,0.29840505
11003,0.58925235
11004,0.9938623
11005,0.0036315671
11006,0.0041667786
11007,0.13273655
11008,0.14621393
11009,0.012631995
11010,0.057103574
11011,0.002966856
11012,0.1649337
11013,0.49778447
11014,0.035025008
11015,0.08510703
11016,0.0051073623
11017,0.930028
11018,0.006123272
11019,0.13369294
11020,0.93683666
11021,0.010122401
11022,0.10912895
11023,0.0017031295
11024,0.7965468
11025,0.1712301
11026,0.8192999
11027,0.11171069
11028,0.87971413
11029,0.02506347
11030,0.029839668
11031,0.0062372237
11032,0.9561005
11033,0.042889617
11034,0.009471785
11035,0.9855134
11036,0.15096931
11037,0.9967073
11038,0.21215211
11039,0.99262816
11040,0.010014989
11041,0.054452002
11042,0.98878795
11043,0.032859217
11044,0.15950683
11045,0.9651729
11046,0.013215053
11047,0.4974529
11048,0.010188529
11049,0.0070443535
11050,0.8918551
11051,0.19716989
11052,0.18459712
11053,0.24505247
11054,0.99484456
11055,0.9326292
11056,0.08150428
11057,0.013352528
11058,0.044445798
11059,0.01500435
11060,0.22762607
11061,0.6148041
11062,0.9936479
11063,0.0009803645
11064,0.89881194
11065,0.9958805
11066,0.018396195
11067,0.046046544
11068,0.979263
11069,0.98947793
11070,0.05223179
11071,0.021049231
11072,0.98298967
11073,0.09272748
11074,0.99710006
11075,0.04464728
11076,0.16975884
11077,0.014711255
11078,0.67832386
11079,0.0047351173
11080,0.0014998127
11081,0.017526496
11082,0.82448775
11083,0.18203668
11084,0.0148768015
11085,0.09610017
11086,0.19013204
11087,0.005346506
11088,0.0041495035
11089,0.9950394
11090,0.98242766
11091,0.006410752
11092,0.97952354
11093,0.92372835
11094,0.13129975
11095,0.9340648
11096,0.16078481
11097,0.045847822
11098,0.075300954
11099,0.9720497
11100,0.071611285
11101,0.13822502
11102,0.041428857
11103,0.9915148
11104,0.0708842
11105,0.10745748
11106,0.9881986
11107,0.9941369
11108,0.2394692
11109,0.99267185
11110,0.044406902
11111,0.9532771
11112,0.016531153
11113,0.0013634579
11114,0.089859806
11115,0.29128653
11116,0.3858778
11117,0.98847944
11118,0.0402079
11119,0.9802643
11120,0.0035174065
11121,0.1067415
11122,0.00322771
11123,0.99769455
11124,0.8453025
11125,0.99359
11126,0.029982192
11127,0.17320447
11128,0.96962804
11129,0.01323052
11130,0.047643848
11131,0.991126
11132,0.028496087
11133,0.82469153
11134,0.116711214
11135,0.9575923
11136,0.3500486
11137,0.0036213256
11138,0.9946721
11139,0.01565882
11140,0.93525994
11141,0.024126189
11142,0.045172118
11143,0.9784344
11144,0.0054978817
11145,0.09672272
11146,0.9765509
11147,0.006853443
11148,0.9911221
11149,0.010977418
11150,0.9277614
11151,0.13146022
11152,0.012751963
11153,0.8771378
11154,0.01411358
11155,0.23116021
11156,0.027001157
11157,0.23267795
11158,0.995719
11159,0.0058673685
11160,0.9734167
11161,0.9914051
11162,0.24383886
11163,0.8597855
11164,0.013235627
11165,0.20042099
11166,0.08539564
11167,0.02539966
11168,0.99767834
11169,0.8191192
11170,0.012535314
11171,0.95977366
11172,0.022176933
11173,0.003026465
11174,0.023238879
11175,0.15318298
11176,0.026281793
11177,0.99264866
11178,0.0032714042
11179,0.009226289
11180,0.9054287
11181,0.24632663
11182,0.9837609
11183,0.7922428
11184,0.0023567674
11185,0.9496058
11186,0.07641423
11187,0.9940149
11188,0.056850106
11189,0.108370565
11190,0.103774875
11191,0.99701893
11192,0.19681962
11193,0.045209486
11194,0.15442383
11195,0.087017655
11196,0.005592107
11197,0.03853855
11198,0.8816832
11199,0.9736757
11200,0.18954204
11201,0.0035791784
11202,0.00079735427
11203,0.0357519
11204,0.0041820654
11205,0.035593476
11206,0.0039641904
11207,0.13302511
11208,0.008581302
11209,0.9846948
11210,0.0067392606
11211,0.025493344
11212,0.06419512
11213,0.0062219976
11214,0.93885577
11215,0.06482131
11216,0.126635
11217,0.059051715
11218,0.089508764
11219,0.99620557
11220,0.11311143
11221,0.32945025
11222,0.092470504
11223,0.0016287272
11224,0.02777381
11225,0.9984463
11226,0.011234354
11227,0.16343226
11228,0.23711589
11229,0.0654069
11230,0.0016224633
11231,0.9961474
