index,target
0,5.415398837470397e-06
1,0.7875078258574463
2,0.11936595796681168
3,0.0016304880723179284
4,0.9999856524101792
5,0.0002757426887507609
6,0.95408884519248
7,0.001123479539504223
8,0.003388454751463597
9,0.9674181825599516
10,2.4914739970312447e-05
11,3.2966394792014275e-05
12,0.008083499021166191
13,0.871697949011096
14,0.6807152522315173
15,0.7812412111537501
16,0.004125112888175321
17,0.9999802840230808
18,0.5960140463512598
19,0.9982803471077494
20,0.0004954924955475605
21,0.9358004427022519
22,0.9648507629858782
23,0.09906307070481062
24,0.9925618587439237
25,1.990434193934943e-05
26,2.9893205571439776e-06
27,2.136124925143205e-05
28,0.0002204999917053222
29,0.00041111755474632067
30,0.005547100274485936
31,0.00034391164596495115
32,0.00042002093718865227
33,0.005029303100363538
34,0.08263855447007758
35,0.7529683776238489
36,0.9371291482670595
37,8.629585450292393e-05
38,0.15005564527727988
39,0.6675587682074846
40,0.45983590112480854
41,0.9862303329940784
42,2.6128198228220762e-05
43,0.9675720137683567
44,0.8561324884989205
45,0.9979876115156499
46,0.0023229111976090476
47,0.00011030936565300438
48,0.9679195696850814
49,0.21598496420049623
50,0.08917592353877446
51,0.0009007646090358143
52,0.09393292534469952
53,0.0006773670416459124
54,0.009259848488306457
55,3.0851560874143386e-06
56,0.01944657435440887
57,0.988176590751694
58,0.016542835174901294
59,0.007664848271568085
60,0.7065081566814538
61,0.00010256840709221028
62,0.9306119900115154
63,0.9045493395555915
64,0.07830346067163348
65,1.2730920171981507e-05
66,0.004774204529235985
67,0.6976848906285704
68,0.7389656970478926
69,0.720535956738011
70,0.007020975135389921
71,0.013650668588524421
72,0.0006499121733875504
73,0.35204434984270466
74,0.47506309510179956
75,4.6626109763284586e-05
76,0.001850581303971177
77,9.790163720003863e-05
78,0.009041102956440753
79,0.8337361550893575
80,0.03247722490750725
81,0.7342435790774008
82,0.0011732343508801758
83,0.007333771993722567
84,0.0023076235617566546
85,0.5434887384373458
86,0.2945690502951577
87,0.003523197691228828
88,0.010986716139881988
89,0.013201207867899786
90,0.8666145426194563
91,0.16521285142737113
92,0.7512496371095148
93,0.06361964328016716
94,0.034532082317947
95,0.7517104420958503
96,0.0035887692984411966
97,0.152709524359524
98,0.9916180992555822
99,0.888203706645665
100,5.254190681934085e-05
101,0.04235416127007301
102,0.5102698750957256
103,0.6028346206047284
104,0.03800091318263128
105,0.07790615880435708
106,0.6851575635776196
107,0.8772750585298085
108,0.0019173404515223425
109,0.7548631950956537
110,0.9823146005374629
111,0.0007497531871029895
112,0.09908836764460764
113,1.7224665638933068e-05
114,0.008791983019675376
115,0.0019091172801568611
116,0.9910624433126236
117,0.3004727605681187
118,0.8663905445032795
119,0.9341796453642559
120,0.9924004808414045
121,0.0006529896541098314
122,0.008766890565569996
123,0.16926060643780835
124,0.006859606372465744
125,0.00567624734318672
126,0.03623891517791
127,0.36503028268518894
128,0.005860267137452457
129,0.0014750371245555857
130,0.00041707195600082384
131,0.003169485344954785
132,0.9999752330563629
133,0.12574425301033362
134,0.56187205639243
135,0.44210130862139885
136,0.9868444785767763
137,0.9078494380341134
138,0.9110926560729304
139,0.001118560808194782
140,0.015791378001893026
141,0.8593474261273745
142,0.087037408297191
143,0.002368982170918111
144,2.214446070291794e-05
145,0.9934853860348491
146,0.9181629382683214
147,0.9810239274684484
148,0.9854410508930582
149,0.6565562661271106
150,0.8193920260871207
151,0.0527642932885017
152,0.00997506704012368
153,7.085960704664473e-05
154,0.16420917957991912
155,0.012080180634050017
156,0.5720184563266963
157,0.9290926832681426
158,0.7512087278683748
159,0.006619005122150358
160,8.872335825101655e-06
161,0.3761315309357952
162,0.001875617085876691
163,0.9728432630644727
164,0.05317424592151767
165,0.01461246099444382
166,0.2534323198102311
167,0.2525650739850005
168,0.9841365329397701
169,1.260451232759209e-05
170,0.019248368451239794
171,3.0845252033134793e-05
172,0.4600910924355792
173,0.8524343545094915
174,0.0002940154060155009
175,1.3132946143735003e-05
176,0.9972476023123465
177,0.9730791689642306
178,0.0009034051171556014
179,0.9411802981784978
180,0.5609696871845867
181,0.00019066462603197155
182,0.06449683860616563
183,0.04291942097982896
184,0.9313007104639729
185,0.11555458126957674
186,0.0003290425751480634
187,0.0009500660978605428
188,0.02609159274597677
189,0.009613599286223528
190,0.0004118694932166347
191,0.9798156329303918
192,0.03355887667215823
193,0.1227721407103182
194,0.03675403575543731
195,0.9500590895020352
196,0.09334363496983775
197,0.9906613189103584
198,0.00010911368465784158
199,0.12050045087262323
200,0.8238644997829698
201,0.010061749267802738
202,0.9890719122533563
203,7.948930401245188e-07
204,0.003428297989891767
205,0.35323307695939915
206,0.26093365513318284
207,0.15876840325619293
208,0.011239901586581004
209,0.9999809591233707
210,0.023989962849859377
211,0.005743206042632968
212,0.6436186668747724
213,3.535318961771261e-05
214,0.0336360198931578
215,0.014559888887203446
216,0.007126306154521638
217,0.0021309334022304063
218,0.6745460185611538
219,0.04515085919927569
220,0.3733659224371302
221,0.16517517869412332
222,1.4744487023788848e-05
223,0.025422449090481358
224,0.6753583315635617
225,0.9994712958719578
226,0.9374935615826843
227,0.00010305647370980821
228,0.9719847001113445
229,0.0015834456331785271
230,0.000855798384244739
231,0.9951899075579816
232,0.13064172562619708
233,0.4048016229159734
234,0.2917750156056218
235,0.1439670564407805
236,0.4727919722812429
237,0.3220550789863634
238,0.0016578262847600843
239,0.9720296966049731
240,0.22536444104931375
241,0.8856809562583229
242,0.028526325097587294
243,0.6813065283418508
244,0.9270791228147204
245,0.009330836009539977
246,0.00142061434288401
247,0.005926244063160926
248,0.26474888087523063
249,0.9999826670108833
250,0.6594632023201825
251,0.0003856993205380175
252,0.25809981481095173
253,0.0005639390166000167
254,0.035553021286492785
255,0.08060688931120193
256,0.7771949775739551
257,0.7055505737659066
258,0.0007691010347691955
259,0.004863970822350359
260,0.6681601944749278
261,4.115754442819084e-06
262,0.9998128057515591
263,0.7722968687685474
264,0.0005907855648508973
265,0.0001056125180722227
266,0.8975564637713439
267,0.2703549855902283
268,0.005398797227717297
269,0.0024531298188053092
270,0.8575646143062113
271,0.6597116220949238
272,0.0016359170727454097
273,0.0001058370130981101
274,0.9986291480297249
275,0.9999760503135859
276,0.19127864748601625
277,1.3733195394498887e-05
278,1.915511217709811e-05
279,0.1534257773771837
280,0.7310555937249066
281,0.40797152676181425
282,0.9999037518965552
283,2.3116279440392902e-06
284,0.274643854757918
285,0.4005224587154901
286,0.00026819663629349663
287,0.014711332018616565
288,0.9671582903471203
289,0.012595333013685794
290,0.46375075514505315
291,0.9990747617937479
292,0.8648167129432518
293,0.9982495166654614
294,6.235625036245024e-05
295,0.009107077968099592
296,0.01109842767230876
297,0.0018426079429945768
298,0.00051136128868452
299,0.9992076300183501
300,0.02055208574125447
301,0.967333857455601
302,0.00016857798950741976
303,0.002619016188353759
304,0.8607075986291048
305,0.8067514225990235
306,0.0012549381054552681
307,0.5634883282794613
308,0.9949996334214852
309,0.849088419617684
310,0.996172398882828
311,0.07772301398332268
312,0.8953026570977163
313,0.0008763026943551521
314,0.09888235931112642
315,0.05825952062931804
316,0.9821827839929027
317,0.3754651354877661
318,5.2947858067598945e-06
319,0.9617891571193345
320,0.000803413722554492
321,0.04504080828820854
322,9.466843256633682e-05
323,0.00036442615291409675
324,0.00037323847927873055
325,0.9226243125755672
326,0.0002965939849548093
327,0.9689556218305106
328,0.0023620704942836092
329,0.0025884296319691135
330,0.9683168298189153
331,9.146733051795408e-05
332,0.06543427051120304
333,0.0015663704769321822
334,0.9905024392329222
335,0.281404858732776
336,0.1140734835980981
337,0.9994938580608038
338,0.008019739935415012
339,0.10172035743277558
340,0.0139874916183821
341,0.9991422047141528
342,0.9810637914488161
343,0.010441647140683368
344,0.0035336983694809433
345,0.8296292760422767
346,0.8368290080425825
347,0.013565232423819778
348,0.0009363444479280283
349,0.0015642534773668366
350,0.9999834776583123
351,0.29381515260738467
352,0.01009890093561053
353,0.0036799518222008962
354,0.6248078088708833
355,2.5480333816328397e-05
356,0.9827551642950847
357,2.0997836419164045e-05
358,0.9855352263531242
359,0.07769401656323718
360,0.13643584442852327
361,0.047521206252087896
362,0.002105735822262404
363,0.8104529759908415
364,0.0010749424681351107
365,0.3354221782686899
366,0.0002098862791522793
367,0.1934457065265085
368,0.9505727339743273
369,0.9967466039707856
370,0.6599116075358662
371,0.7618969088187061
372,0.013887100762268251
373,0.2985252397443167
374,0.0005359043356671839
375,0.9026284280869048
376,0.312752751260706
377,0.13624290752318932
378,0.0008744626623986944
379,0.01003670410304164
380,0.00439504396526706
381,0.029187300541262857
382,0.9609687680039206
383,0.0825181165647536
384,0.009109880628053743
385,0.7818706816618617
386,0.12928186971644806
387,0.1463945231494913
388,0.1682530695665125
389,0.6459979569048676
390,0.879586667097821
391,0.03625677587808477
392,0.013348530043769971
393,0.9170636583335651
394,0.989169564498037
395,0.11242379156459209
396,0.9058368600175182
397,0.211254751478567
398,0.10877018605901062
399,1.5311209734699913e-06
400,0.018083004722988273
401,4.635103617007913e-05
402,0.0005543383918972255
403,0.12154541318712689
404,0.00023523263894106037
405,0.04663104731757582
406,0.9939902936209223
407,0.769211141791283
408,0.46146361900240535
409,0.02922270687987001
410,0.24749540210733165
411,0.9062780309947319
412,0.07670049901294629
413,0.7349162240147575
414,4.240258754920489e-06
415,0.012926310747066995
416,0.9758209826478954
417,0.673048119632667
418,1.2073618593335793e-05
419,0.9968803576629242
420,0.002033835038923075
421,0.0002831992210505732
422,0.09881110172034795
423,0.9962357244740687
424,0.7176877725722746
425,0.00012645798497315123
426,0.23259742411821793
427,0.015421495291944651
428,0.9998401500310181
429,0.9999464435520783
430,0.999769926796722
431,0.3108127656868715
432,0.042080848373617814
433,0.0003898479436805698
434,0.8226503678357237
435,0.009183735686205648
436,0.9997746082506629
437,0.82547157525957
438,0.14538271278687806
439,0.9956950126135092
440,0.8799433807231575
441,0.08121898966167503
442,0.06215233138537198
443,0.001730655726143276
444,0.99594945552563
445,0.04691784225941858
446,0.999956631284462
447,0.07700677996038324
448,0.0002400599127748011
449,0.5863989315545519
450,0.028340984382903663
451,0.8940887393008619
452,0.9739192007424532
453,0.34783822341142184
454,0.009904465939322286
455,0.3247136181418529
456,0.9707851640090976
457,0.0007478322550488764
458,0.00011964640367685308
459,0.7774752014459237
460,0.018617921852405957
461,0.9302477834330869
462,0.10872031853761373
463,0.9456274042974582
464,0.000981427706751614
465,0.9970973165679295
466,0.9997407272484141
467,2.0587166662122594e-05
468,0.021807781012712905
469,0.999965675681911
470,0.03649292841716411
471,0.26827983533556377
472,0.9998986780456811
473,0.0007292342254741866
474,0.00011042276120284371
475,0.009898500071371753
476,0.02373607724857951
477,0.014200443233308723
478,0.019920880660218555
479,0.8201142773022579
480,2.2706560176840382e-05
481,0.9965385782084728
482,0.001078600323909583
483,0.6464565318966334
484,0.9628159470592271
485,8.543832536529966e-05
486,0.0004012572445766671
487,0.18397063101786837
488,0.00010449231275451104
489,1.2548830502640966e-06
490,0.00825494963439546
491,0.033606999614441115
492,0.008568158608372638
493,0.013980476714662468
494,0.21106197161028145
495,0.19545925846266188
496,0.0015399000409014236
497,0.9962306254669446
498,0.018333941115210906
499,0.08290292321747329
500,0.15826021199130644
501,0.7055977582680569
502,0.007488001582380549
503,0.05462695047768363
504,0.9031706458657478
505,0.3520242784219639
506,0.0005443904988568887
507,0.992206445807583
508,0.9597185698677636
509,0.00021004999672311064
510,0.7656889698962313
511,0.713660719932443
512,0.0017796563679940984
513,0.9292713719907629
514,0.7701333241064832
515,0.9868943603225737
516,0.99877223153648
517,0.38986425584734313
518,0.3007476091748197
519,0.17864733245212808
520,0.05308916494408329
521,0.2929611888665341
522,0.9993007898312078
523,0.1538805453506516
524,0.5714249180014211
525,0.9930206045581699
526,0.01194193750517477
527,0.0004786685704298374
528,0.6932776462344307
529,0.9873486792638608
530,0.0013996099612991117
531,0.0003677763441374497
532,0.01981505662570745
533,1.5393939282577306e-06
534,0.00138932481121732
535,0.18899240300292114
536,0.08538596572684673
537,0.9599448991074596
538,0.0338473433447083
539,0.9245261577780036
540,0.39162298166642084
541,0.023403768410130327
542,0.001100370834445741
543,0.9071058276925624
544,0.9930072207115418
545,0.010199360513825617
546,0.9984270676898496
547,3.153036050441273e-07
548,0.018708610120261815
549,0.02716313170726706
550,0.9995807318158577
551,0.9428887109522069
552,0.9813582917478234
553,0.009604167149166424
554,0.9084841914966181
555,0.9896895297610804
556,0.00024040877857653455
557,0.024010238175453103
558,0.027559873192749492
559,3.1261422024458222e-06
560,2.3388691402554892e-05
561,0.39389289182680065
562,0.9918692412021677
563,0.6674371275655188
564,0.0003528292466332051
565,0.8053093984980302
566,0.5591231899636036
567,0.00011558368490965221
568,0.7313308871278471
569,0.34156963449505845
570,0.19603757852968742
571,0.15628544678494968
572,0.8938270320751566
573,8.147021955520708e-06
574,0.08807393397256241
575,0.01993731432219182
576,0.8365393327698596
577,0.0019692503498608617
578,0.017313014899665823
579,0.15166316346466371
580,0.0005156901936768237
581,0.003356031197121498
582,0.0016051664225007448
583,0.0003663451589091306
584,0.0007306041286751338
585,0.9342382489113688
586,0.9587619150556439
587,0.7067983305551053
588,9.279378684576833e-06
589,0.6112053491731466
590,0.004600043740629134
591,9.537240081734896e-05
592,0.0009094115897429591
593,0.0001436966074323622
594,0.247459044475216
595,0.07616791460703874
596,0.15353528182944412
597,3.916989453052245e-05
598,0.05679555680793038
599,0.5306232707746883
600,0.5060332718781251
601,0.0002900937969369686
602,9.3908099855501e-05
603,0.00010100787137407994
604,0.6302038384850943
605,0.02938340895771068
606,0.1302818089054523
607,0.00014341053913934256
608,4.703830351526295e-05
609,0.0006909335902366155
610,0.09209107378427454
611,0.06345120547228192
612,0.0036638827774129502
613,0.000371433246387908
614,0.1357249804045383
615,0.017508162184818557
616,1.2112808619419379e-05
617,0.5030001821623858
618,0.0004058883153426435
619,0.0020378337693112577
620,0.004425560020096156
621,2.7685232615874276e-05
622,0.002027918214348506
623,0.0006010344696567147
624,0.000848296366158228
625,0.04290551070946405
626,0.8154883177280899
627,0.9866374266864862
628,0.005916305031779801
629,0.916546543418139
630,1.4790250822778953e-05
631,0.0005428569931118489
632,0.8787644081643519
633,0.9937347880470473
634,0.0004679043203256453
635,0.10104311053273199
636,5.828802873008897e-06
637,0.0023151921243385414
638,0.032389877610100974
639,0.8267218057612489
640,0.5044598839954675
641,0.9989367998525769
642,0.015056943207973598
643,0.00010164357720253599
644,0.9383934071439424
645,2.1250741442724066e-05
646,0.00018453475700119692
647,0.1645900339212509
648,0.3989934672430154
649,0.002147140685578726
650,3.0339716627623747e-05
651,0.992457964271117
652,0.9855121941078403
653,0.00044995162977282474
654,0.06459763394234354
655,0.002617151242376081
656,0.0028516544905531236
657,0.972106906522361
658,0.20226868592501734
659,0.0036339781338734873
660,0.00019816928801049392
661,0.2653913966297997
662,0.13986418503670026
663,0.1384102501289255
664,0.15065251671758478
665,0.03633243812743365
666,0.010178278757847657
667,0.9450929566300904
668,0.15149170373586865
669,0.0738492091181028
670,0.000757194252768119
671,0.8351908125240823
672,0.0024257259640806782
673,0.006370052950521611
674,0.9999885942830696
675,0.0001639407343848364
676,0.03276874988537993
677,0.9408283395021783
678,0.1088391713421215
679,0.868130052177848
680,0.2061611788909759
681,0.036813128468554245
682,0.9910807974236594
683,0.33910462649987
684,0.7407015731449664
685,0.02841995468225677
686,0.000238392825748211
687,0.0065883742884336426
688,0.9531628713705965
689,0.013062681810335413
690,0.9931656664962318
691,0.0003116635147798723
692,0.0003339682038561058
693,0.019214355725798597
694,0.029979432706032122
695,0.6933059521842136
696,1.5121812620443927e-05
697,0.04010640978278454
698,0.9991589837934174
699,4.878737985970706e-05
700,5.933082996917298e-06
701,0.7928789748539817
702,3.81993277839807e-06
703,2.8392012632237953e-05
704,0.006856129200472986
705,0.001972357564469223
706,0.018622357854426966
707,0.22314231554745786
708,0.010392643062761095
709,0.004248707501392088
710,0.15830125757479305
711,0.000762451997352664
712,0.9996493284417601
713,0.5608726572774217
714,0.9994515512815788
715,0.0006279118222086221
716,0.0005703380245264428
717,0.16590004411051776
718,0.7297275176917344
719,0.0008964527960919208
720,0.03480946684098362
721,0.0008140863652933878
722,0.05937801525274505
723,0.9759334406315406
724,0.9997632270011909
725,0.9822156517829097
726,0.0003081557551372989
727,0.9881573748961535
728,0.9775027081602382
729,0.2692642030069364
730,0.008052903899042929
731,0.00034794941903609793
732,0.9916390695065588
733,0.9819068880031048
734,0.6783781445568492
735,0.23764166786365204
736,0.9998848792450821
737,0.0003311752161810383
738,0.03665754910341211
739,0.00017726631048858252
740,0.9995668683663719
741,0.9004909422732109
742,0.631049001389816
743,0.003742009489000378
744,0.17399060916333317
745,2.7809896649060333e-05
746,0.9954160431305277
747,0.3948387137387041
748,0.31296245228390285
749,0.4549463050611178
750,0.0006742362518076812
751,0.013483505546406968
752,0.009151985972619623
753,0.012001982256943286
754,1.9473293052557998e-05
755,0.4701553130212446
756,0.1411411893249117
757,0.1168280101063472
758,0.001033274264225172
759,0.0017051235446975518
760,0.788243023663645
761,0.001132243441669075
762,0.8087843448714119
763,0.01055051351682954
764,0.0025300996066240245
765,0.9824463926515754
766,0.21353327961352098
767,0.9576796992346923
768,0.41392970593213557
769,0.5481521284485696
770,0.002704790117712195
771,0.014572726570291385
772,0.008195504234432648
773,3.6568078387945323e-06
774,0.26438168483834235
775,0.9999952016063607
776,0.42346762809600297
777,3.926721763169413e-05
778,0.829582644867476
779,0.0001537518166061985
780,0.00011751804556439161
781,1.3636644283410158e-06
782,0.0882860099551779
783,0.7265275439889857
784,0.45458240012090756
785,0.997545118838587
786,0.9619919477184071
787,8.585119450223774e-07
788,0.923879134262665
789,5.628160293229642e-05
790,0.9653386955819145
791,0.0019133693158627585
792,0.0016468540711989117
793,0.11358091012268216
794,0.3589375642865762
795,0.05663625688861936
796,0.006165380657917258
797,0.0001774091044766811
798,0.6278698012917506
799,0.046811144308266196
800,0.7236521549151924
801,0.7739505464426062
802,0.008018198987610704
803,0.012297870603394682
804,0.016347285162385785
805,0.5417456889347994
806,0.0005814574072080791
807,0.08103800343531517
808,0.32473617765460583
809,0.5973656513887858
810,0.001572695406839241
811,5.892011874697172e-05
812,0.9241453318575797
813,0.19059842177084782
814,0.9042055688344696
815,0.3278217856606902
816,0.11897235081623198
817,0.7066798023983342
818,0.9712577764481802
819,0.0002872581448983848
820,0.9986786144963099
821,0.9998290902277844
822,0.7310367484658766
823,0.4710073884326851
824,0.6009098323010853
825,0.00286938285381659
826,0.09418372273236658
827,9.833630475102795e-05
828,0.00026737191806594464
829,0.9885674115277779
830,0.9800232844561076
831,0.004408557275369025
832,0.9529125275692504
833,0.6619955608474895
834,0.9361298578762272
835,0.00012312354947988558
836,0.08305773254879527
837,0.7272068218419542
838,0.07421978754564046
839,0.9994967587069534
840,0.44381674890739736
841,0.8128491978487086
842,0.1823115913370989
843,0.0018219992722465633
844,0.32844658668331256
845,0.9997500094650882
846,0.9995202599537605
847,0.0018157863368758373
848,3.1204680232875285e-06
849,0.8709750585127499
850,0.3254135391537636
851,0.983746939544955
852,0.14572354420459158
853,0.0253338897154242
854,0.9998850701076786
855,5.909642796642684e-06
856,0.9349301492010822
857,0.996766876831611
858,0.0004565494391203948
859,0.9998760244558117
860,3.701082081895351e-05
861,0.9871303528758878
862,0.44283668637074947
863,0.9688123472814506
864,0.003656842073923898
865,0.31650140823347955
866,0.9503092176817871
867,0.0005961555005578768
868,0.024982012421541872
869,0.9710393174876336
870,0.0004667195089412777
871,0.9997499677679229
872,0.1083868173337622
873,0.0067013018724267565
874,0.9878790204863512
875,0.9884014114098224
876,4.9556187258478104e-05
877,0.9637066979606109
878,0.01947609552031686
879,0.9872857116404861
880,0.16381871456525707
881,2.921125853057455e-05
882,0.014109655288883199
883,0.1607430274681437
884,0.0014356759168898902
885,0.9914419594933981
886,3.991552918655045e-05
887,0.07111982321455247
888,0.0736358638649504
889,2.8570898560954524e-05
890,0.8878877822475116
891,0.8857229878432661
892,0.3364978311013731
893,0.017277698205993623
894,0.6992035416752231
895,0.496851292892296
896,0.635658321536113
897,0.8833742228277217
898,0.004324775099430208
899,0.7755226557979102
900,0.2479988465766853
901,4.9873996304520216e-05
902,0.9746216705396925
903,0.00644637803168963
904,0.0013157381717232785
905,0.0032998054844533935
906,0.5895569945855212
907,0.007529714223989993
908,0.9965363566686679
909,3.888824227460973e-06
910,0.023750408628780282
911,0.22669092030741383
912,0.006044284840046224
913,0.4370012928231112
914,0.017410341967915837
915,0.0025798368491056814
916,0.07975019099583286
917,0.08074811291012968
918,0.04181761226181307
919,0.012401929525047005
920,6.431581043377248e-05
921,0.024820458925192093
922,0.06309509504193464
923,0.9999774085755835
924,0.982382046726619
925,0.9713465401243166
926,0.06601816560050304
927,0.9772584310673179
928,4.7993513794484015e-06
929,0.5766819842702198
930,0.10689364770277718
931,0.00013523192328034127
932,0.9352490179694746
933,0.007440531166063722
934,0.00013312621487650652
935,0.1646756345765972
936,0.9998635693450763
937,0.000544511050033397
938,0.005007042420934556
939,0.8943593478879109
940,0.013648668825330529
941,0.9999968243102788
942,0.8104947212669381
943,0.9998440457537668
944,0.9002787901471345
945,0.9223634756888401
946,0.7230165547476538
947,0.9588830359799821
948,0.010368328282845214
949,0.1526307022561388
950,0.9999460588634926
951,0.014212976066904427
952,7.138025081944047e-06
953,2.7039716714320843e-05
954,0.0602429287414253
955,0.09528057510019544
956,0.9998114481669835
957,0.08075320489448748
958,3.590335553622514e-05
959,0.7886139936601078
960,0.00931343841371029
961,0.017670025605331166
962,0.053607041149456004
963,0.6250689528255516
964,0.6082572744079489
965,0.03364362123611698
966,0.9800896362781994
967,2.529261177967763e-05
968,0.001205143006781636
969,0.00038015972361844444
970,0.0034563985942383034
971,0.39983450468016823
972,0.9999681483056072
973,0.16879628273875064
974,0.9509559323935581
975,6.939867100855197e-05
976,0.0025441236104447556
977,0.7961924864658492
978,0.05120990155285012
979,0.9999961820335331
980,0.9894770426321875
981,0.9767644197524626
982,0.14307257694782927
983,0.8602881839136427
984,0.9911756615856259
985,2.4536818593690703e-06
986,0.9748515989552163
987,0.4919797777578413
988,0.0056414700709430535
989,0.9469512752985849
990,0.9804962322814706
991,0.0027449195568092625
992,0.15923937821076478
993,0.001577161809994051
994,0.7984876410034722
995,0.9992635804035677
996,0.0008379977207747843
997,3.744207972610908e-06
998,0.2410480625758428
999,0.9203369478003086
1000,0.8838950071372152
1001,0.9938815067658923
1002,0.00230685802230426
1003,0.001649943129457172
1004,0.8863740834699559
1005,0.9392982868717171
1006,0.9999985710579435
1007,0.00038023837962123156
1008,0.1600124928403693
1009,0.2469338456614266
1010,0.0039699131337412995
1011,0.4448600686886508
1012,0.03643478450342743
1013,0.01705720241495973
1014,0.028323071985317395
1015,0.0001377296963312827
1016,0.0018770635160645487
1017,0.41023864890206396
1018,0.6404422311120573
1019,0.02913052804797556
1020,0.15748556408855735
1021,0.9476752608326537
1022,0.9865598838254738
1023,0.8740540115948994
1024,0.0013805095325070803
1025,1.0003826831092351e-05
1026,0.00013762350574055338
1027,0.01948072647046729
1028,0.0008878603245238611
1029,0.24021871778015147
1030,0.4651485884800786
1031,0.0012675323264777975
1032,0.742799263383411
1033,0.001378228766074664
1034,0.9379893525491371
1035,0.0006179747416938956
1036,0.8620036861060418
1037,0.9999547965909634
1038,0.0003787771404044151
1039,0.7883917044173019
1040,0.02139116649995996
1041,0.03219850989577635
1042,0.006554107315401508
1043,0.7698929072903894
1044,0.0006555486140065501
1045,0.5359864636783879
1046,0.0023427260848965666
1047,2.348820243403152e-06
1048,0.7750221712032122
1049,0.7854908908817009
1050,0.004731267939319522
1051,0.005095766038034612
1052,0.03346756139617109
1053,0.9679974313307647
1054,0.3439127345867424
1055,0.07372070164731473
1056,0.4029111131267781
1057,0.2675332600364906
1058,7.830873880501262e-05
1059,0.9854388648160521
1060,2.8288911827024816e-05
1061,0.21704170631150968
1062,0.001306549527774358
1063,0.0007561272720946251
1064,0.8645792676687009
1065,0.041628523781940284
1066,1.6864495723534636e-05
1067,0.08880188566769762
1068,0.02120246976038035
1069,0.9983863240806482
1070,0.013443726561061263
1071,0.6622408982487461
1072,0.0040499509024198325
1073,0.52990310267755
1074,0.0015597355150951107
1075,1.491962479114827e-05
1076,0.0036106263809895355
1077,0.7933251076391902
1078,0.0009096332219073225
1079,0.989213117730513
1080,0.000569982359329739
1081,0.8302302499620972
1082,0.9806271552010004
1083,0.028004791150462942
1084,0.7115043041801342
1085,0.873559455701793
1086,0.5674789908291129
1087,0.024157636619134986
1088,0.001320139785622896
1089,0.9925698398540199
1090,0.012088647080515512
1091,0.9715728322350934
1092,0.00511903690496921
1093,0.013742505174561897
1094,0.9998623564016028
1095,0.44506432732709067
1096,7.4530812902433495e-06
1097,0.4538732417507925
1098,0.0001343248097171505
1099,0.8840732401358296
1100,0.08789726670756531
1101,9.469731996432183e-05
1102,0.151879214619111
1103,0.22973637096163305
1104,0.017479159124955502
1105,0.7700036705294989
1106,0.01733769055211993
1107,0.17387242606436845
1108,0.0011733649043059356
1109,0.0013140170921159663
1110,0.923882471650673
1111,0.7384409922693979
1112,0.002279487444021071
1113,0.5557113981115511
1114,0.2383218267048799
1115,0.4096033343886623
1116,0.0005849368051031391
1117,0.8957696279062212
1118,0.19373682623211314
1119,0.0011464610997941986
1120,0.01000089111675041
1121,0.012009611299721059
1122,0.9625601219160856
1123,0.26631503762009395
1124,0.011643383385893399
1125,0.11469186743665705
1126,0.8407821929664269
1127,0.6192119600120425
1128,0.00043948598922249725
1129,0.016182148637644174
1130,5.308249357727109e-06
1131,0.20050831010800996
1132,0.0013070844992420047
1133,0.00015555511802313552
1134,0.9999733718374499
1135,0.00047896610295515796
1136,0.0007522889011366714
1137,3.5830125288327985e-05
1138,0.07468197463729101
1139,0.8279991092016671
1140,0.8489363203721353
1141,0.9938317194040877
1142,6.077202160440016e-05
1143,2.0901250673840177e-05
1144,0.9969011063220129
1145,0.9995580283086191
1146,0.9999159287679563
1147,2.613110910195397e-06
1148,0.00013279298786377194
1149,0.46201217751307855
1150,0.29863199263241863
1151,0.0038227089000067434
1152,0.4255547130554847
1153,0.9979522720832066
1154,0.3699205213027161
1155,0.0001220623569339746
1156,0.39137663997623795
1157,5.650576421044248e-05
1158,0.8812482901180724
1159,0.7277252229872465
1160,0.012684487973872253
1161,0.0008222168493878249
1162,0.08490275866975715
1163,8.448269760122158e-05
1164,0.07302429113738775
1165,0.14434296070381736
1166,0.0010206483285987802
1167,0.870506556682726
1168,0.9801662286189897
1169,0.9521497144918007
1170,0.0033663396479162396
1171,0.0003533896768930605
1172,0.9479447391446707
1173,0.008455661770902127
1174,0.0006620189041822499
1175,0.10725303605147077
1176,0.024514970288661474
1177,0.0010913246239344046
1178,0.9427989636406147
1179,0.004358777711086956
1180,0.9957375394044574
1181,0.1051851613391825
1182,3.6946796485817374e-06
1183,0.09722170702995608
1184,0.08055037577149465
1185,0.00906906683407173
1186,0.9692529330752405
1187,6.536350693133736e-06
1188,7.019044669436144e-05
1189,0.0008125669205544641
1190,5.408158328528899e-06
1191,0.018364994643380768
1192,0.9977936180101379
1193,0.002230837299355949
1194,3.6474355369790284e-06
1195,3.904869079259429e-06
1196,0.12222264163700276
1197,0.9650167723461458
1198,0.17544717444032187
1199,0.9680879163129733
1200,0.05505421623403925
1201,0.05092608636087922
1202,0.012382022292008603
1203,0.038527244916180516
1204,0.30303838834987795
1205,0.0003453397651302843
1206,0.9257656175006675
1207,6.016901239976329e-06
1208,0.283956386971214
1209,0.0001866364003700453
1210,0.9998057031399148
1211,0.8691171478694106
1212,0.00023479503624025956
1213,0.034096568543798306
1214,0.005994968618620864
1215,0.0037510509205094726
1216,0.008070238114060784
1217,0.8938986529001545
1218,0.08172097301700418
1219,4.1057222715949405e-05
1220,0.9606099906600879
1221,0.0022240092693521186
1222,0.8617494442451044
1223,0.16451922647584746
1224,0.6211356991939462
1225,0.005531151625190964
1226,0.0969663420306612
1227,0.9835073406019295
1228,0.08028755188320802
1229,0.8993219257983118
1230,0.006182769863625773
1231,0.9864717574235976
1232,0.9998271707641168
1233,2.945795911430387e-05
1234,0.02908511595478514
1235,0.18739879714967136
1236,0.4245887558998196
1237,0.08929418509366334
1238,0.0651588281792656
1239,0.4360934807880386
1240,0.9207542481259171
1241,0.0022161504723334016
1242,2.4218808606415608e-05
1243,0.9960092438701301
1244,0.7399352391413964
1245,9.994364867024197e-05
1246,0.00011512201070198816
1247,0.028797763994090016
1248,0.00041842533736284983
1249,0.9998650714207267
1250,0.3736823814303116
1251,0.38093402525888753
1252,0.6449185789918676
1253,0.9776501751538901
1254,0.9999584893504747
1255,0.8763539844177083
1256,0.11105076542725703
1257,0.8986671136119517
1258,2.165864637922145e-05
1259,0.9994563179914088
1260,0.8547687027494463
1261,4.827349722470368e-05
1262,5.355903217088775e-06
1263,0.000538512216159523
1264,3.3812974765122673e-07
1265,0.9874449295264348
1266,0.016553425130248982
1267,0.9772550627015233
1268,0.1121594276056731
1269,5.9935531307081184e-05
1270,0.8025349633805489
1271,8.085612064016e-06
1272,0.5970213022391789
1273,0.0023306521599260497
1274,0.93590058274811
1275,0.4578464374089586
1276,0.6157238549222359
1277,0.010238052855924473
1278,0.3406969285580871
1279,0.002258610044176282
1280,0.9666272977285444
1281,3.276519981930294e-05
1282,0.9683836258717382
1283,0.00010287818461309106
1284,0.194464349454806
1285,0.10585596945011763
1286,0.827607271757363
1287,0.021216729873684052
1288,0.008470240432308795
1289,0.0014867210816374152
1290,0.9416593269438411
1291,0.01183888373002403
1292,0.1624934617676233
1293,0.3122062593493851
1294,0.002905879057675886
1295,0.7806121869012382
1296,0.2749196769781759
1297,0.00871687241870041
1298,0.0002728942216425727
1299,2.030835513348783e-05
1300,2.4078890274184877e-05
1301,0.07918296833737028
1302,0.008734877429012381
1303,0.897697062158831
1304,0.01645088128832768
1305,0.9994768794244255
1306,0.247913345647573
1307,0.06999348142856496
1308,2.4460298129097207e-06
1309,0.984998572137578
1310,0.039750513184859004
1311,0.032417912543440175
1312,0.0004834314265670147
1313,0.013137449207239619
1314,0.9918038524902479
1315,0.0008585837896046382
1316,0.07713385436481104
1317,0.9185583710786656
1318,0.05922447431637228
1319,0.304411259511873
1320,0.1954844022758948
1321,0.9999154751393141
1322,0.0037486197498771004
1323,0.7899229229557952
1324,0.269280507820292
1325,0.007426030691275786
1326,0.9965179893365506
1327,0.9850909314655968
1328,0.022997912836003723
1329,0.0015043992185599197
1330,0.70698632762139
1331,0.17131116143334993
1332,0.0005806179818566713
1333,0.03855224712861885
1334,0.9409103144189181
1335,0.4510439827896701
1336,0.0002688635155128686
1337,0.2799347242228572
1338,0.015653761323857398
1339,0.298689067185041
1340,0.4894141450007815
1341,0.8710204741167912
1342,0.9858105883543254
1343,0.0015256424454803152
1344,0.3253393627099755
1345,0.08244043829750074
1346,0.9998828919518635
1347,0.9635168463463586
1348,1.286959931858011e-05
1349,0.0010817635402306353
1350,0.03729574781757133
1351,0.03263247638073443
1352,0.2595951611947254
1353,0.08168187538873717
1354,0.0006855315467427622
1355,0.9833767709880197
1356,0.0028748455524773204
1357,0.0003978982866835403
1358,0.034126018105036265
1359,0.027720379798633902
1360,0.004387877987031315
1361,0.002804208222847392
1362,0.9772658551876041
1363,0.9703950919009032
1364,0.0002603093823332216
1365,0.9899670052999129
1366,0.231580954614659
1367,0.9779384611265524
1368,0.9095779971710897
1369,0.5588201071716725
1370,0.01838218171872172
1371,0.00012668714488532428
1372,5.698557966289773e-05
1373,0.40158046351118726
1374,0.25608405257035055
1375,0.9883440469257488
1376,0.0029827778775270383
1377,0.9999371325699755
1378,0.00036935490889386643
1379,0.007984270321946528
1380,0.03404784481276581
1381,0.5971502800525634
1382,0.0006776625298276912
1383,0.9939848852627778
1384,0.0009902770184047123
1385,0.5475918808174524
1386,0.5759296286284019
1387,0.9832601480743559
1388,0.734891702936826
1389,0.9997428213707485
1390,0.0050302213775619475
1391,0.9993287235568361
1392,0.21783331754400928
1393,0.6562382581072658
1394,0.005823517922031773
1395,0.9573462797034039
1396,0.02727679357879809
1397,0.00038859785044856104
1398,0.014513221978474157
1399,0.9998067705045037
1400,0.0017056392036769897
1401,0.0005709248526922566
1402,0.00034583843268379754
1403,0.3273486218141738
1404,0.005699001124170831
1405,2.1641458651979773e-05
1406,0.4808295702206319
1407,0.22884691483514022
1408,0.0072327255319933805
1409,0.00048514675004406277
1410,5.246067734351664e-05
1411,0.1985784647588718
1412,0.151842573656918
1413,0.8358133468716804
1414,0.9801120751884184
1415,0.05888749167521563
1416,0.998720479268696
1417,0.07523703167742185
1418,0.006192904211348004
1419,0.9439823592509303
1420,0.4920043006958911
1421,0.9796533767228374
1422,0.341091783208306
1423,0.003171192926586911
1424,8.254508114818139e-05
1425,5.1303704849883185e-05
1426,0.00034859312451565475
1427,0.00010125569327657422
1428,0.0002585358035609308
1429,0.5622539523250731
1430,0.38742720001066266
1431,0.9234175974480227
1432,0.20808331701399096
1433,0.008104462968280313
1434,0.8209112972980506
1435,0.9668176128857262
1436,5.7205993822049655e-06
1437,0.49900023372225366
1438,6.513162396821271e-05
1439,0.9934719260423119
1440,2.4531824610613166e-07
1441,0.7734055972744818
1442,0.9717777644556387
1443,0.022738952114504777
1444,0.010866999466519768
1445,0.8677283125946946
1446,0.9608983355519926
1447,0.01967638095168283
1448,0.001900875830679394
1449,0.9171761517122692
1450,0.04467961068210001
1451,0.00023905618621848044
1452,0.5431602305688485
1453,0.9921503874694519
1454,0.9970802107659991
1455,0.04933575830103646
1456,0.024858994475821742
1457,0.00023808461086109677
1458,0.9926574433522177
1459,0.9765077012514917
1460,0.00015774037605363232
1461,0.10639995067542377
1462,0.5404336156626459
1463,0.8132428017443909
1464,0.0015291632413238863
1465,5.034103583751675e-06
1466,0.2379127615785194
1467,0.7104307101413259
1468,0.9745527355269903
1469,0.8569541942665128
1470,0.9972501716680164
1471,0.09696964396523786
1472,0.15697900365877543
1473,0.9937851667886742
1474,0.002756007668276743
1475,0.16368792653725828
1476,0.9888180357748118
1477,0.7724604394064233
1478,0.0012925309480789216
1479,0.03479548070639973
1480,0.5392907818547009
1481,0.008236460306107802
1482,0.9999438921889082
1483,2.289528085663351e-05
1484,5.46836597370889e-06
1485,0.0400681097160265
1486,0.7462445595491629
1487,0.07726527723337975
1488,1.3141244256150528e-05
1489,0.003395422174168976
1490,0.004921783155250308
1491,0.004155016937592866
1492,0.9986698663913398
1493,0.9992432503762787
1494,0.9989965159078846
1495,0.03902468046951213
1496,0.9266280543867598
1497,0.0002507545241758536
1498,0.794763290926322
1499,0.8557454965542489
1500,0.0005123307512149569
1501,0.0030419355909272593
1502,0.0028136112492762283
1503,0.4144815048059355
1504,0.10101344974036919
1505,0.0007232446726442143
1506,2.410406955750127e-05
1507,0.9176991300573262
1508,0.006702077878319282
1509,0.00012760342782288685
1510,0.5592597698784395
1511,0.8497084719710262
1512,0.03781193603471188
1513,0.6752518865453524
1514,0.9517839142692671
1515,0.0023495896441465187
1516,0.07625732437632482
1517,1.4932523218434065e-05
1518,0.00044557787380277775
1519,0.10628071153468496
1520,0.0004169083135823907
1521,0.0005044357979453252
1522,0.05280727605152452
1523,0.000549074062921483
1524,0.918582170242726
1525,0.0001838935813279486
1526,0.0002663511720383215
1527,0.09753088439392525
1528,0.06094571759444203
1529,0.8727525925270863
1530,0.003996444603647901
1531,0.021924543517286545
1532,0.7530762567208636
1533,0.06801096603374389
1534,0.022648351183588718
1535,7.322498973924722e-06
1536,0.044813103341665425
1537,0.7569161898374102
1538,0.2661617539560291
1539,0.8054563199329227
1540,0.9952069256487426
1541,0.14811141665052868
1542,0.006691062037432717
1543,0.005438084508887167
1544,0.1473873612742114
1545,0.08766644838777249
1546,0.9357384702419321
1547,0.79737293729261
1548,0.18371997683176217
1549,0.9245920824928118
1550,0.952836827608569
1551,0.058126379591600476
1552,9.537924307126974e-06
1553,0.9956271283858776
1554,0.00018428348796463228
1555,0.0017249987203478204
1556,0.00027541249697896655
1557,2.3735221609575175e-06
1558,4.633297525185259e-05
1559,0.42474231277802377
1560,0.0013202199207611692
1561,0.12583141215855936
1562,0.3092022582544728
1563,0.928274437556088
1564,0.0005894783003656699
1565,0.0030330002644321664
1566,0.0007917105614868482
1567,0.7359046516079238
1568,0.006856884416958785
1569,0.2594816320319808
1570,0.3827338879426509
1571,0.6197606318361121
1572,0.7025898612298629
1573,0.028895023762163023
1574,0.9476488894355363
1575,0.0015990918736711178
1576,0.9846943635671754
1577,0.3545090453140454
1578,0.0006727828454258612
1579,0.5626869007902304
1580,0.9956477196757417
1581,0.9343349442483635
1582,0.7228540521063083
1583,0.0007475665840810809
1584,0.027174546098893526
1585,0.9713508598542969
1586,1.9964622532148932e-05
1587,1.1840532631067439e-05
1588,0.9941980587056088
1589,0.9969234950728718
1590,0.011950104930423462
1591,0.0048387221730380936
1592,0.000987252164727466
1593,0.06316543443031343
1594,0.00019991541094447815
1595,0.8977342028721721
1596,0.0014240671941164228
1597,0.6014302450927301
1598,0.19420926786302128
1599,0.14067884637545103
1600,0.090887959304658
1601,0.02037091341822961
1602,0.7284797159442764
1603,0.9937209748049098
1604,0.9463780720355564
1605,0.9684461216321515
1606,0.0004883002551819903
1607,0.17310047436836581
1608,0.022015515424378598
1609,0.8184732152810655
1610,0.9972946863988792
1611,0.9801837027362755
1612,0.03315116479646288
1613,0.0016252397619714715
1614,0.23357481362581237
1615,0.774313876311662
1616,0.0003673120838598123
1617,0.0002964897088847041
1618,0.04260768178805277
1619,0.0008598316288326298
1620,0.021940275479314625
1621,0.8848294014035059
1622,0.039984548109877525
1623,2.730440276333173e-06
1624,0.95268500317226
1625,0.00010868209260688241
1626,6.0314738533211595e-05
1627,0.9264830146504003
1628,0.9993982950229843
1629,0.00011299983973012751
1630,0.12923009347666992
1631,0.017290942153696483
1632,0.36612800499605225
1633,0.9984021375585086
1634,0.43810371525633474
1635,0.0005320364746789011
1636,0.00025124088545736684
1637,0.05945310083716994
1638,0.9998814222123923
1639,0.076306946776243
1640,0.015005006945488076
1641,0.1147187463758174
1642,1.5300352609221653e-05
1643,0.15555243171385008
1644,0.0033870028429586773
1645,0.03341629956488939
1646,0.004465492658739809
1647,0.17011545934608951
1648,0.009995275596991962
1649,0.0012343177193035698
1650,0.000517997442255776
1651,1.1677078208389451e-05
1652,0.17102238517557017
1653,0.03297293581541786
1654,0.3180390877963819
1655,2.897415841832615e-05
1656,0.027262834263104614
1657,0.017899303677845695
1658,0.8688437036200295
1659,0.16646200182432688
1660,0.0005182704536674304
1661,0.797261995698817
1662,0.48933798650140914
1663,0.03978390921540635
1664,0.0003353300581867031
1665,0.8302512601940949
1666,0.4077608310416079
1667,0.9771118520760791
1668,0.12787539825576927
1669,1.5123130009033989e-05
1670,0.0004044220417868024
1671,0.00037340327218121964
1672,0.05989525226383131
1673,0.0002560305058212269
1674,0.9967522360189225
1675,1.0191667201381368e-06
1676,1.0721586133096795e-05
1677,0.7517224961679133
1678,0.0063745271124732265
1679,0.0008362021452349124
1680,0.12928423724869595
1681,0.5059150735110449
1682,0.0007649846681028994
1683,0.00674132918758008
1684,0.002344361721814811
1685,0.032271429650493344
1686,0.0048508662257821765
1687,2.830615044526607e-05
1688,0.32409861808369317
1689,0.9995184060938799
1690,0.04857876781565059
1691,0.943539203668936
1692,0.9952329634304076
1693,0.9556997867678972
1694,0.8485084861674794
1695,0.9195120001829863
1696,0.9947856302379819
1697,0.24627031126757856
1698,0.02124242318873103
1699,0.23342544581161545
1700,0.7943047717130421
1701,0.009473744668299982
1702,0.003587074500482879
1703,0.9999234141949364
1704,0.0009799202803847625
1705,0.9772225601171997
1706,0.6552513235317251
1707,0.048313944619030255
1708,0.0002796597478624121
1709,0.9980806528310784
1710,0.006510160882923999
1711,0.7324055179559505
1712,0.00032859269468397224
1713,0.7782544454187932
1714,0.03644004676699224
1715,0.0024553702844547307
1716,0.0012922427752416377
1717,0.5689424004094372
1718,0.0005378334897410932
1719,0.13773896611953285
1720,0.0026341924396981226
1721,0.2656560618728481
1722,0.09387245599097559
1723,0.8720769957458693
1724,8.74187485158144e-05
1725,0.03274632287397289
1726,0.025495659452493973
1727,0.041422504083837706
1728,0.10231650044305454
1729,0.0003814438399376248
1730,0.999441675235946
1731,0.9999975021875186
1732,0.0001248549816601729
1733,0.9995250639048583
1734,0.9946961635370547
1735,0.007336710263344717
1736,0.05091909747561597
1737,0.999961950395887
1738,0.09520449902528422
1739,0.943032328665392
1740,0.04427523272860731
1741,0.9771125088138941
1742,0.08908921972492247
1743,5.150254120904953e-06
1744,6.818754032420869e-05
1745,0.06460119568033901
1746,0.20919062839066419
1747,0.00013449542073743154
1748,0.00021934354871032052
1749,0.7978121751742557
1750,0.07150626956868744
1751,0.0018523787265667666
1752,0.9868009860044535
1753,0.4967361535315026
1754,0.10163890614124052
1755,0.9847086379372162
1756,0.7633610618204998
1757,0.04473445125761656
1758,0.0003893967465226224
1759,1.5344990817981708e-05
1760,0.226912382190534
1761,0.002046944542671864
1762,0.9980937710940092
1763,0.3262331475137771
1764,0.04150464059869091
1765,0.00018519823805828183
1766,0.00029573196025820415
1767,0.7863529686419639
1768,0.9865119526183518
1769,0.0002560867022899895
1770,0.0014605881185330578
1771,0.9267029124923216
1772,0.9903844411243219
1773,0.999911638209058
1774,0.7003202934973694
1775,0.9882990316178571
1776,0.8690227106141857
1777,0.00028257890176189906
1778,0.8733698493288712
1779,0.42100294183682047
1780,0.00039557161947376964
1781,0.1489667684159126
1782,1.9067837555555732e-05
1783,0.7415070398408273
1784,0.8674502288736899
1785,4.2989446534599266e-05
1786,0.9507777974744078
1787,0.9755312385006396
1788,0.0007244256782734099
1789,0.010480058180713894
1790,0.00028132861751912087
1791,6.224857573448446e-05
1792,0.4310251935269647
1793,0.08179836126730561
1794,0.005248146091442371
1795,0.0021588941372904635
1796,0.30940950195003
1797,0.7284673586954434
1798,0.12752613080297348
1799,8.78208508712058e-05
1800,0.0016519347445468054
1801,0.05651441295170771
1802,0.009948982361073897
1803,0.8879891849934085
1804,0.001167707412962715
1805,0.0017607839715391815
1806,0.02542397924428301
1807,0.0009106829175673242
1808,0.03687548186358902
1809,0.999273301055375
1810,0.000177171598242564
1811,0.03150511099362193
1812,3.346021479408619e-05
1813,7.102932311428849e-06
1814,0.7268467087941684
1815,0.034576789682808216
1816,0.1214983528882459
1817,0.08327626118172038
1818,0.025401302259998728
1819,0.30001314869436246
1820,0.9999940899920726
1821,4.7895988220964235e-05
1822,0.015000337396366989
1823,2.5367930223582454e-05
1824,0.0013390260199509921
1825,0.9050192778772667
1826,0.8323114134287259
1827,0.9967060653476387
1828,3.087652120999934e-05
1829,0.08555046462005071
1830,0.7059641494575472
1831,0.22020816538824228
1832,0.0907316726092881
1833,0.9962229381041959
1834,0.11962460505583901
1835,7.375336274927134e-06
1836,3.451038294273136e-05
1837,0.9191266687430962
1838,0.00427094270525387
1839,0.1074301506030053
1840,0.6358203321450583
1841,0.9951655821348735
1842,0.411824318132434
1843,0.7756614115321954
1844,1.2447094934938907e-05
1845,0.9819235266824352
1846,0.5235796602990431
1847,0.003361147210949051
1848,0.16326426036884262
1849,0.08879348500272985
1850,0.9203789320651965
1851,0.06718048807959848
1852,0.006204305126797637
1853,0.822457857823225
1854,0.0023951959984427652
1855,0.05162514848602176
1856,0.9856878433197332
1857,0.1088486799460708
1858,0.0005507890866008246
1859,0.043199732336493435
1860,0.21996201687046477
1861,4.254337724129105e-05
1862,0.0001278582628278139
1863,0.0014650862299811032
1864,0.9210584420721654
1865,0.00013565914165050618
1866,0.002952549817175139
1867,0.00010322840744842736
1868,0.41717881839340193
1869,0.9924492413264564
1870,0.019682244097885725
1871,0.5887615780313609
1872,0.4607401763851483
1873,0.006408948352414306
1874,0.2264242066130006
1875,0.00045800900330834947
1876,0.00022129135141929555
1877,3.092376464447924e-05
1878,6.3912140455781e-05
1879,0.019194269925924042
1880,0.0001729217545180059
1881,4.998549813997886e-06
1882,0.002001025603589464
1883,0.9999875147255415
1884,0.9672463438032629
1885,6.821138880116198e-05
1886,0.5845728940580801
1887,0.12729018378632342
1888,0.9820429265205485
1889,0.00030508840301466484
1890,0.031891552182716866
1891,0.5911228416854841
1892,0.8821716607932519
1893,0.9013307747014001
1894,0.41920135399318764
1895,0.00023929981196959228
1896,0.9255672344726952
1897,1.8347898969848039e-06
1898,0.9413280002792406
1899,0.003930483429087739
1900,0.3529844231274698
1901,0.026439796249921852
1902,0.0015632134109124561
1903,1.5907217789180115e-05
1904,0.0005575287060956557
1905,0.24650051771036577
1906,0.9996074945983876
1907,0.3961801531762238
1908,0.00022608162320742636
1909,0.21778775888622548
1910,0.9988760179651254
1911,0.00023077766952126454
1912,0.4693749225169957
1913,0.9108731257186731
1914,0.12634862832472984
1915,0.9725242747809909
1916,0.003258924452158473
1917,0.9990128079747495
1918,0.9480391871733186
1919,0.8612363553881435
1920,0.10659379163266872
1921,0.9994945723636997
1922,0.7187206972232083
1923,0.00011214707039308364
1924,0.9999528405893929
1925,0.09837786609379347
1926,0.9946814113924808
1927,0.9953346874970509
1928,0.9600965485219491
1929,0.2501246121268446
1930,0.9687475612917337
1931,1.2164739560529127e-05
1932,0.00010203519550317564
1933,0.007634771352661849
1934,0.660319616766558
1935,0.999984493464932
1936,0.0909687991304956
1937,0.00013474067509778825
1938,0.9104227973330548
1939,0.004299933050105335
1940,0.9471792327203667
1941,3.697630915721357e-05
1942,0.9796830585940682
1943,0.012395195367640135
1944,0.00015830402580005034
1945,4.8822549813950696e-05
1946,0.18225303970305196
1947,0.0002917972777460998
1948,0.12161757343985863
1949,0.010552890066925093
1950,0.065073300708101
1951,0.6443743403705263
1952,0.4697055999811142
1953,0.06717844094046135
1954,0.006219749172447161
1955,0.0010189471254671552
1956,0.05095836599885291
1957,0.9823988764072
1958,0.27297945061012163
1959,0.03712487589946692
1960,0.7728375060302556
1961,0.24802438790496437
1962,0.2949397192930406
1963,0.2353102455650161
1964,6.228180219554676e-05
1965,0.0034707608513353328
1966,0.9767593287241356
1967,0.029450931313433272
1968,1.1133838578898419e-05
1969,0.0791951424781612
1970,0.02825407246784629
1971,0.9838966738231234
1972,0.3325093968035417
1973,0.07333241384598946
1974,0.9837143999782826
1975,0.7919755011741697
1976,0.016520998357326577
1977,0.99947501237425
1978,9.124789929521667e-05
1979,0.999965317496853
1980,0.9940430196900625
1981,0.6522078377223185
1982,0.13375505474211125
1983,0.003427499559464397
1984,0.03581452578182788
1985,0.024002463030930603
1986,0.12522463816217988
1987,0.8483607184239002
1988,0.0008940798480611996
1989,0.012816834036928813
1990,0.3322348871292128
1991,0.8876113264206296
1992,0.026498872840828965
1993,0.10863382475761588
1994,0.9732288119886052
1995,0.30238635950758447
1996,0.018688851436415462
1997,0.912616352886188
1998,0.920443956754173
1999,0.9651647547874124
2000,1.129589510017631e-05
2001,0.00015481324470138045
2002,0.0417983565831621
2003,0.9888453527666616
2004,0.0017284338062247963
2005,0.002813690683442565
2006,0.9648955950805882
2007,0.012966906411430551
2008,0.009541026960632363
2009,0.0024112798338803854
2010,0.9482480862340056
2011,0.5615376164549433
2012,0.949237017562933
2013,0.953121140292773
2014,0.9999749537040215
2015,0.045343223951993465
2016,0.6415656545618081
2017,0.9407603066086169
2018,0.00010582430088525835
2019,0.020018307107025575
2020,3.907788968279068e-06
2021,0.9628516047405211
2022,0.0001354687301058744
2023,0.0015414844588202792
2024,0.6772245825607169
2025,0.9202900425088381
2026,0.9125124535150116
2027,0.0001606467574213379
2028,0.1963118860530289
2029,0.0004086837247148165
2030,0.9714269940163502
2031,0.7463049703326022
2032,0.9976474785949156
2033,0.5071013556686326
2034,0.9624264933557165
2035,0.9730264132915857
2036,2.3628257569618094e-05
2037,0.0013607081010154245
2038,0.0397276260198448
2039,0.9974075781391695
2040,0.00035876278833315856
2041,0.6736000085213881
2042,0.33445431608751774
2043,0.9998957047120213
2044,0.9220435631368065
2045,0.0002714295082329629
2046,0.007226452442764832
2047,0.1436658609455367
2048,0.39776107386427334
2049,0.9982634962292568
2050,0.9970274252672501
2051,0.8948485681542796
2052,0.0774718390514569
2053,0.14304353682620588
2054,0.994434416056476
2055,2.470978942265087e-05
2056,0.03487201177060008
2057,0.882550469636686
2058,0.00037221014563273167
2059,0.000376891526529144
2060,0.0004019918307623758
2061,0.32350414699653557
2062,0.024069939750607706
2063,0.05013026214322862
2064,0.9032909898832142
2065,0.9469158600883925
2066,0.018640847395876393
2067,0.9894125754648502
2068,0.9525423883458947
2069,0.4886348729854444
2070,0.1276695680550002
2071,0.8430300470639444
2072,0.03159012956689577
2073,0.000676381734771617
2074,0.2897669801813839
2075,0.0747634223983571
2076,4.823588852064317e-06
2077,0.014433291214073083
2078,0.0003765856216999068
2079,0.10257727802158885
2080,0.0011101605181719127
2081,0.8483075172567632
2082,0.6427722808443127
2083,0.32493235281956057
2084,0.5805000103486141
2085,0.00160225164734679
2086,0.04850940823757059
2087,0.00993794859609679
2088,0.9877966179660167
2089,0.0028633895513761913
2090,0.7142374894784846
2091,0.1690081554079956
2092,0.0012422183927907888
2093,9.792414536917351e-06
2094,0.4755360131003658
2095,0.9999898984606723
2096,0.6519209125069526
2097,0.00029471643638698253
2098,0.9222384792343987
2099,0.11382314402265417
2100,0.9805392581761825
2101,0.009237147697544665
2102,0.7061097272562237
2103,0.3224401584065193
2104,0.9300944036088448
2105,8.940131784354035e-05
2106,0.9979274362992892
2107,0.9401926509517552
2108,0.027115476857043453
2109,0.019611961634523795
2110,0.0027198691154641658
2111,0.916932641380507
2112,0.010798075557899986
2113,0.7021150568804827
2114,0.02517027721021104
2115,0.16476687883373325
2116,0.9265221879537795
2117,0.035490553855870445
2118,0.0012179430001196087
2119,0.999987296565748
2120,0.6773344553354378
2121,0.026847778993341776
2122,0.3072703658786907
2123,0.9546453406107379
2124,0.2904966307122337
2125,0.8976543044095663
2126,0.04939675203362964
2127,0.1499714404731317
2128,0.9419630204337488
2129,0.0017629039887986358
2130,0.001558239924438054
2131,0.007488233504627664
2132,0.941640111737755
2133,0.0016952422686371768
2134,0.0007467173309737509
2135,0.3144265976380884
2136,2.081846810062771e-06
2137,0.9993309568631792
2138,0.00041803986497746426
2139,0.0003325474113437127
2140,0.0010237611291560164
2141,0.6234610186941106
2142,0.3868088004673072
2143,0.9598913355091354
2144,0.9017547497697999
2145,0.9999851468609945
2146,0.057637626298792315
2147,0.9990865032743622
2148,3.883471227899004e-05
2149,0.968208408027554
2150,0.14233069279927785
2151,0.9242761929882061
2152,0.9734124928988643
2153,0.18557984461013577
2154,0.0007779172096007767
2155,0.18659574335376258
2156,0.9888715729071268
2157,0.11405617570992488
2158,0.4356675412226034
2159,0.8196331816673915
2160,0.9145182954993164
2161,0.00033330103865623976
2162,0.2772482394283693
2163,0.003830596332902611
2164,6.023430673778957e-05
2165,0.0344725663432031
2166,0.09952388445104056
2167,0.7541336765652901
2168,0.01621956874167534
2169,0.6303294119250541
2170,0.9984213737947331
2171,0.002083714719647933
2172,0.9277910818852597
2173,0.8239637233112342
2174,0.33322364702667523
2175,0.000874721625395058
2176,0.1877579331688496
2177,0.05210733213245526
2178,0.011925630634850708
2179,0.000585968066929572
2180,0.9952943837562476
2181,0.01185441289654513
2182,4.642826554380506e-06
2183,0.4036137519866924
2184,0.02033979324618713
2185,0.03737267358973159
2186,0.7020805681615901
2187,0.036065988788994204
2188,0.06612773745575534
2189,0.7226422232684583
2190,4.09778818517604e-06
2191,0.9888929394228404
2192,0.9969023506534758
2193,0.038968975775655605
2194,0.0729115147527703
2195,0.0034167029266921377
2196,0.039627679695844485
2197,0.39937803543480577
2198,0.9828047216512336
2199,0.25279732759612733
2200,0.05258332424357625
2201,0.3970502149297598
2202,0.009041819132426743
2203,0.9544071772067151
2204,0.5710595348707037
2205,0.8257269007873084
2206,0.3378965482406961
2207,0.0009607125328398562
2208,0.11359366198038182
2209,0.037840315744020955
2210,0.00784144565381651
2211,0.03755576794192244
2212,0.028084331452237273
2213,0.00048329776002378744
2214,0.0003480285390037353
2215,0.0016222184846434158
2216,0.5558122243635049
2217,0.8121225370752722
2218,0.3537888201096621
2219,0.00010397425619321807
2220,7.740563022589393e-05
2221,0.0089281892317337
2222,0.0024836905736653316
2223,0.9970531596970033
2224,0.8284954892709268
2225,1.6358960345670816e-05
2226,0.5595294817655452
2227,0.03522327544259099
2228,0.2783303176025647
2229,5.08180364151835e-05
2230,0.9252537264315194
2231,8.456229659609266e-05
2232,0.7084372073064945
2233,0.00013721646401800884
2234,0.9999754168269521
2235,0.0009470157235506698
2236,0.001507580009917479
2237,0.10923807454230586
2238,0.1258846018664608
2239,0.9325663208578582
2240,0.5111225294711439
2241,6.970359748481033e-06
2242,0.00018415820794582483
2243,0.10454012415415491
2244,0.00012091549440175326
2245,0.07799105513283741
2246,0.15649626655217397
2247,5.038022572376506e-05
2248,3.4458488016202716e-06
2249,0.8555776534685234
2250,0.7608043295614472
2251,0.859431405892163
2252,0.7072511190563389
2253,0.9901083749803663
2254,1.0732998085329803e-05
2255,0.08951873771787638
2256,0.7161943649106504
2257,3.690140891099208e-05
2258,0.0023199122168292897
2259,0.02455347353591001
2260,0.9936900801221826
2261,0.1808666541226199
2262,0.9410594081416017
2263,0.6534412106786898
2264,0.0024799885836343538
2265,9.901854974125106e-05
2266,0.6226721489359118
2267,0.9629023778813326
2268,0.2592259904743091
2269,0.0008223130348657803
2270,0.03057832486724693
2271,1.0534701662748274e-06
2272,0.05136252991883267
2273,0.999928913913835
2274,0.28419043237592745
2275,1.7959107535213072e-06
2276,0.06776761502657139
2277,0.9832807593724558
2278,0.591359242778468
2279,0.0025506145410449264
2280,0.05302694328558561
2281,0.4635020528104032
2282,0.04970126626571484
2283,0.034706505297240516
2284,0.6912614100669041
2285,0.02134194134347932
2286,0.9965657414109942
2287,0.006855823608723994
2288,0.001556304526740389
2289,9.533468289728804e-05
2290,0.00041727865239251917
2291,0.9502535222124358
2292,0.03453078242676776
2293,0.00013058371178399457
2294,0.4962361415434517
2295,0.9964038424187955
2296,0.7083248651367157
2297,0.10972955602852333
2298,4.024398245477167e-06
2299,0.47307565498447873
2300,0.017663377395802878
2301,0.016557853770150732
2302,0.8819921130231436
2303,0.3313319770663081
2304,0.8462272658657062
2305,0.0005693484701827694
2306,0.0030485898692064676
2307,0.004656304408154002
2308,0.12145283608523166
2309,0.006757419120949636
2310,3.3427335187015646e-05
2311,0.011524149757492948
2312,0.0006124162785811553
2313,0.0013617458713357277
2314,0.9815513702596196
2315,0.0015048364133697727
2316,0.0017525210436280594
2317,0.6104766529468943
2318,0.0013879292942241585
2319,0.0005406855995102471
2320,0.04908732708344121
2321,0.9999825343721229
2322,0.16761362574774608
2323,0.39881087176333085
2324,0.9917683940237452
2325,0.01112192815318099
2326,0.6137548938539252
2327,0.0008197363332749462
2328,0.9944610486930202
2329,0.13241211138173542
2330,0.0004751199455577208
2331,0.00013001491545149726
2332,0.10715328675331154
2333,0.9890890345117919
2334,9.966527022841242e-07
2335,0.10896235690507519
2336,0.0022898562359515316
2337,0.9969169975084609
2338,0.00023165329365081855
2339,0.9952256250146633
2340,0.0032919242584516185
2341,0.0008166930920310446
2342,0.18380337152928836
2343,0.9923665573056233
2344,0.0129796469049486
2345,2.250699198739983e-05
2346,0.13675084164221432
2347,0.28204316301750765
2348,0.0006791030636685143
2349,0.39196568904833895
2350,0.7632638295864244
2351,0.01958940127039358
2352,0.9928239724840378
2353,0.9994603616053807
2354,0.0009335668063739802
2355,1.0310923025197303e-06
2356,0.4282228095161828
2357,0.9902649945207146
2358,0.0001931335385643485
2359,0.01313598782719751
2360,0.00936678251616381
2361,0.27385498518175044
2362,8.224673605293206e-05
2363,0.08885438629589462
2364,0.028929551237819037
2365,0.32052488198277934
2366,0.001460082072828849
2367,0.007133129219161315
2368,0.003782001202405272
2369,0.006369156879113314
2370,0.22422305254810573
2371,0.9988535108815906
2372,0.31988823265543026
2373,0.00024815401694067943
2374,9.237502158998513e-05
2375,0.9785818776525047
2376,0.00041261821994716623
2377,0.0066450457934392575
2378,0.8193123146929638
2379,0.00010563970157085163
2380,0.005669285406294019
2381,3.000344746648938e-05
2382,0.9176842367484053
2383,0.9386039589865878
2384,0.9999984613552015
2385,4.32822707863723e-06
2386,0.0028849238302392478
2387,0.16342545476117143
2388,0.9937620603386523
2389,0.00021523298018034785
2390,0.014718485205979145
2391,0.05775328458974766
2392,0.0166716483770827
2393,0.0008246297623467916
2394,0.999909101320015
2395,0.12915482527032507
2396,0.00013129208023686593
2397,0.3352526483338567
2398,0.0002956909399072265
2399,0.09129891024091553
2400,0.0009655232941638874
2401,0.04929344701790924
2402,0.27142890181139007
2403,0.126223505759575
2404,0.9953482945977177
2405,0.01258919051488954
2406,0.12524413652331393
2407,0.9085482014503365
2408,0.42632638849778187
2409,0.13481924483674845
2410,0.25131736535337273
2411,0.004460196095284396
2412,0.0027767386711587956
2413,0.9969542788995518
2414,0.008595506049806956
2415,0.9966107839696221
2416,0.9919089476150221
2417,0.9964806975705285
2418,0.0001854806063540171
2419,0.14756700931853511
2420,0.9747393879285466
2421,0.2755949284102665
2422,0.0012981317806928963
2423,0.0019394538357361414
2424,0.0749401655237999
2425,0.47400279921997723
2426,0.7465569283363259
2427,0.9998389475975821
2428,0.020129226390937997
2429,0.9677448391456999
2430,0.9667334760062174
2431,0.34633826356485065
2432,0.9635165339307805
2433,0.07396740527276059
2434,0.14962856266846844
2435,0.09586438364837219
2436,0.9705980897283937
2437,0.9102508558664019
2438,0.22408939841058806
2439,0.393292317876125
2440,0.5625515484105745
2441,0.9999395276688049
2442,0.0008780446942696253
2443,0.10738912913232505
2444,0.9660308035057269
2445,0.8105758168039741
2446,0.9293679358099777
2447,0.0010370931244516257
2448,0.010497729762960156
2449,0.875343755311149
2450,0.3392189305703047
2451,0.07452823048970444
2452,0.7752759513275037
2453,0.7437510010696982
2454,0.005602673364641234
2455,0.2697373375320228
2456,3.914478152296836e-06
2457,0.9963150908075487
2458,0.8629215580642552
2459,0.7377610158946598
2460,0.11622024142754855
2461,0.9650255220492331
2462,9.362292129030587e-06
2463,0.9840824324718453
2464,0.004124381513345576
2465,0.012264321098465402
2466,0.0567661926752775
2467,0.00015555303938426406
2468,0.9912180132485983
2469,0.7729424503650443
2470,0.9999781848933271
2471,3.836215467106715e-07
2472,0.010145518566686449
2473,0.0020610938050537996
2474,0.0002808803139438357
2475,0.0005444817435197296
2476,0.9147159347734791
2477,9.72130384555093e-06
2478,0.0076250267476875785
2479,0.24976394382916703
2480,0.837941833591841
2481,0.0015820148217724596
2482,0.0104762045874784
2483,0.8362989374086781
2484,0.14718018166000557
2485,0.9583615915189948
2486,0.0009198179742477052
2487,0.9928972860951286
2488,0.5203806668845634
2489,0.012678344528255519
2490,0.37558109386359295
2491,0.0002984700213556566
2492,0.34917661915894627
2493,0.36231324200419046
2494,0.03325085408500402
2495,0.2575128939004624
2496,0.03844406653969159
2497,0.025088571415691003
2498,0.09221485380605975
2499,0.9999095739733191
2500,0.000804111334742533
2501,0.026039047490330005
2502,0.08136769798600961
2503,0.7804082516136159
2504,0.9998654202405802
2505,0.25643134253860383
2506,0.0026123235290196
2507,0.03646674842393227
2508,0.09401079420358122
2509,0.0003674513555841445
2510,0.011721833810247304
2511,0.0008875337187603977
2512,0.06211445425005794
2513,0.07498850889650611
2514,0.02912680177768693
2515,0.04923593746866519
2516,0.00035930256843922715
2517,0.9055945524131861
2518,0.0010294896300786153
2519,0.011972910396373599
2520,6.456497101302639e-05
2521,0.6040948879694001
2522,0.7702256861126072
2523,0.007367312164309486
2524,0.0004374380129830915
2525,4.407480147513012e-06
2526,0.05806110716474619
2527,0.9976069823220131
2528,0.5829077231677153
2529,0.01282336848273608
2530,0.7831858583541517
2531,0.0004086235098592033
2532,0.11724305189091395
2533,0.004413744008915054
2534,0.0010667256323254413
2535,0.5088892121824071
2536,0.00019756614699616292
2537,0.9713616456085635
2538,0.0003946457873630483
2539,0.7694524842598917
2540,0.030565104825811363
2541,0.7841191423060311
2542,0.10473505443569225
2543,0.2152199701253459
2544,0.9961907921286953
2545,0.005947093932341132
2546,0.01758231899520233
2547,0.09676564172780276
2548,0.002192225233786179
2549,3.2895716591658336e-05
2550,0.9964033633055814
2551,0.8052628223758523
2552,0.0008040355614357028
2553,4.1837818284290826e-06
2554,6.89892098677984e-05
2555,0.9032857425912327
2556,0.4659287318068273
2557,0.0061749800453693975
2558,0.8553190163729973
2559,0.5122400299814692
2560,0.18589124823663417
2561,0.0008148256486461647
2562,0.33944758283266135
2563,0.011245299654435348
2564,0.9478616751986396
2565,0.009602963086862797
2566,0.0025636549843247123
2567,0.985291418768122
2568,4.879698140434286e-05
2569,0.0025742629361703924
2570,0.39378075545743835
2571,9.010152514364912e-05
2572,0.041975120160761
2573,0.1599469778877367
2574,1.5730175648374328e-05
2575,0.9945106958527
2576,0.9999718634855447
2577,0.0007780880351132752
2578,0.012921989962708266
2579,0.0379015118042187
2580,0.09299296849721447
2581,0.9078173818183807
2582,0.00734602788144718
2583,0.00012479202674708066
2584,0.0013015080615413354
2585,0.11137622087575895
2586,0.00029528994158745504
2587,0.19014546535156548
2588,0.12731029984924724
2589,2.465843541553948e-06
2590,0.05693953932857279
2591,0.07885338988015704
2592,0.23882676054369942
2593,0.14228023995986447
2594,0.04969604074161051
2595,0.00026126518094759073
2596,0.00021462060325933702
2597,0.28693342681983586
2598,0.9618330901844725
2599,0.0006697453119783636
2600,0.0732973840538195
2601,0.03248505816826213
2602,0.12409846622548269
2603,0.6451295735346149
2604,0.8952819692791741
2605,0.00037125756872387426
2606,0.08899931565273195
2607,0.333469964826371
2608,0.9996381260578485
2609,0.21704152481930275
2610,0.9607275675092409
2611,0.7779302594210084
2612,0.00765414307943972
2613,0.9873870567412559
2614,0.001461034698408659
2615,0.007590137419219216
2616,0.0014177622121428644
2617,0.0008458761031806264
2618,0.00037569988116563694
2619,0.9908839086943663
2620,6.442281533731787e-05
2621,0.9999877533851929
2622,0.06318092804412222
2623,0.037079364714736385
2624,3.429097604966753e-05
2625,0.0060924424375744714
2626,0.9363743285208811
2627,9.715709839466208e-06
2628,0.5882411298986997
2629,0.9771308035889409
2630,0.9652249361181144
2631,0.9889647062281698
2632,0.9752131377819654
2633,0.7592714038089169
2634,0.9708333350319753
2635,0.9196612062416178
2636,0.9979291898045239
2637,0.4194836314529794
2638,0.020584913542293422
2639,3.576703959024959e-05
2640,0.004439372929239617
2641,0.08942040003752978
2642,0.2771822034460092
2643,0.9993734822400241
2644,0.9741880980449572
2645,7.023294172273957e-05
2646,1.0005463915071865e-05
2647,0.7776528449370879
2648,0.008881558448761555
2649,0.9375680980627458
2650,0.4071720391311596
2651,0.0001435669847758757
2652,0.9277152922573845
2653,0.1495340772648554
2654,0.0001536796637804062
2655,0.06959000670814265
2656,0.13716559878608509
2657,0.5096517793516854
2658,0.16133834534101862
2659,0.5241598002494943
2660,0.9999949906926142
2661,0.005416103290432499
2662,0.00011479650588286596
2663,6.57131048253725e-05
2664,3.458485428360835e-05
2665,0.9488254333377095
2666,0.9829219401510311
2667,0.23272127718436683
2668,0.21603256091733147
2669,0.06474371244696298
2670,0.9913184944161191
2671,0.9705120714537836
2672,0.00013514785242988494
2673,0.028932206334890038
2674,0.1929228468541824
2675,0.001167041961391284
2676,0.9862786434756493
2677,0.9998914363797589
2678,0.9001759853003996
2679,0.004932745948515192
2680,0.9866449243975397
2681,0.00250388494294148
2682,4.5523609587952156e-05
2683,0.4377148476416137
2684,0.02838415348668919
2685,0.021225635211752768
2686,0.9773920312539515
2687,0.00016449046062708272
2688,0.9649933888193292
2689,0.02346781574528206
2690,0.002042107862505798
2691,0.047382172939215
2692,9.748345888083581e-05
2693,0.36885843940923235
2694,0.2584088362207483
2695,0.05011029564574255
2696,0.1656770655966062
2697,0.8620106403288819
2698,0.6579116703242117
2699,0.046631395675715545
2700,0.6777762050292361
2701,0.9943699277860565
2702,0.9218487750863673
2703,0.989701674448215
2704,0.9148574826838078
2705,0.002109352786349468
2706,0.012220439516145909
2707,0.9997063785565321
2708,3.9545767238151465e-07
2709,0.873102185507727
2710,0.9153135226775917
2711,0.006365690943987198
2712,0.00138860665749091
2713,0.04439291840170105
2714,0.9732712036020877
2715,0.06050834203834958
2716,0.005923053750259847
2717,0.9419059015945522
2718,0.179548994621321
2719,0.02252842206733623
2720,0.1258255221422604
2721,0.30204481556112517
2722,0.9263278796508944
2723,0.0013925966751691054
2724,0.025863736974194956
2725,0.0025317755188724094
2726,0.8543108875343148
2727,0.999975692074058
2728,0.00998049926942191
2729,0.4091909041600873
2730,0.3456591968324485
2731,0.0018599627088937462
2732,0.9634672078906982
2733,0.004193884911716645
2734,0.06556243733887333
2735,6.573489569825932e-06
2736,0.0032618820377907495
2737,7.433796718856846e-05
2738,0.7120978410425907
2739,0.007079790192738334
2740,0.003379504556340737
2741,0.9999953606341457
2742,0.9999228536830834
2743,0.09465524593711791
2744,0.38636068393924694
2745,0.7560608867250137
2746,0.9815577762061217
2747,0.0005989818716741149
2748,0.008401673231637012
2749,0.03924991581114905
2750,0.00021645046640432917
2751,0.028014070226041746
2752,0.010025004194371844
2753,8.44331088889918e-06
2754,0.04445923952526881
2755,0.3957339550812823
2756,0.7296816624925132
2757,0.00015521127598418265
2758,0.003701442256739678
2759,0.016400578514864032
2760,0.05911396733923429
2761,0.9397645548495549
2762,0.9523642038089047
2763,0.5568414054495171
2764,0.052856639307053435
2765,0.0019143402137966504
2766,0.3651296385702983
2767,0.9875875979034114
2768,5.464291288359487e-05
2769,0.9989413789250235
2770,1.0338045440383229e-05
2771,1.533456199387203e-06
2772,0.665010681751201
2773,0.9274221381866224
2774,0.21476010622367686
2775,0.17236019711976727
2776,0.9208420159195199
2777,0.3490574710590042
2778,0.005972905911527451
2779,0.001153510532234185
2780,0.45831618588751216
2781,0.9999961920897925
2782,0.03552902069929386
2783,6.676077653671024e-05
2784,4.266915575726009e-05
2785,0.04257669671767171
2786,0.00021730381670957786
2787,0.000694436053935005
2788,0.028589275568365824
2789,0.5898665249007274
2790,0.002467483081867026
2791,0.0023044210289462417
2792,0.9816844636805081
2793,0.9748104572881383
2794,0.13344878944685043
2795,0.0027542018797366056
2796,1.9307376099294818e-05
2797,0.0007977836104393368
2798,0.7803337147378614
2799,0.8526448133068082
2800,0.07341970232174257
2801,0.9363451156019521
2802,0.009915005859425471
2803,0.9702123364493586
2804,0.0013602626040293217
2805,0.05776249810989233
2806,0.00214957437164414
2807,0.01816927585867475
2808,1.073248661327648e-05
2809,0.05045984844697134
2810,0.11215404169484736
2811,0.00011634275766857006
2812,0.9946850501437879
2813,9.289401314144909e-06
2814,9.859668094057297e-06
2815,0.9888130471796842
2816,0.7915025266798579
2817,0.0006734188980188633
2818,0.6565993162234022
2819,0.9919155847594644
2820,0.9999891021072495
2821,0.0046394019238340444
2822,0.04937267927947496
2823,0.011045103200840352
2824,0.42378589794331717
2825,0.31091569123182755
2826,0.968310729670992
2827,2.0233150355579062e-05
2828,0.00030559696424774165
2829,0.9810401452788585
2830,2.1019015552681284e-05
2831,1.6825704777466502e-05
2832,0.00775686907755707
2833,0.9840544053988833
2834,0.0008228028502444614
2835,0.0005600432371357305
2836,2.011920968694307e-05
2837,0.0029189923340441175
2838,0.9114522539358735
2839,0.027160071368656908
2840,0.21364288699929534
2841,0.9761102830582781
2842,0.9997752477745612
2843,0.7554256279774731
2844,0.34408467401342996
2845,3.868510565400873e-06
2846,0.3215760627713578
2847,3.1646033615492356e-06
2848,0.01964270631419423
2849,0.0008722315573942832
2850,0.5139921726148233
2851,0.889934955312085
2852,0.0004827819452273227
2853,0.9044411486364337
2854,0.14670210937268727
2855,0.8634408194466392
2856,0.49655409190501687
2857,0.7871683985669748
2858,0.002072459415092086
2859,0.029066879922281953
2860,0.014425378977662362
2861,0.2807621123611119
2862,0.8635733482868805
2863,0.005119925811595395
2864,0.39425277655276053
2865,0.9994416411111168
2866,0.00044567161054097864
2867,0.07662022310138712
2868,0.003740919627263652
2869,0.7631908921658447
2870,4.300980710993647e-05
2871,0.004100089955555487
2872,0.16129343452448308
2873,0.0007287450804906851
2874,8.865727663623135e-05
2875,0.09594947800550105
2876,0.0002050304149337168
2877,0.019278366934685015
2878,0.37425199948678967
2879,0.2610557589793924
2880,0.05480606874425145
2881,0.661893036347213
2882,0.29106551233621814
2883,0.0001210859217703255
2884,0.9912927546027936
2885,0.006643704402381775
2886,0.9993710923856818
2887,0.9422463854137558
2888,0.0007685353036728935
2889,0.5314459038589536
2890,0.35495661957059077
2891,0.9947735668724272
2892,0.00036721873084596463
2893,0.9473986461628057
2894,0.15038492490043504
2895,0.055489812004535524
2896,0.07896072985849648
2897,0.0014692641961686981
2898,0.8988129310518612
2899,0.0003134921568385602
2900,0.372774868286891
2901,0.0010514901466633674
2902,1.172273166404082e-05
2903,0.0013059326673795328
2904,0.03574285542564143
2905,0.5605654053563311
2906,0.022951534664030625
2907,0.002486903386251455
2908,7.972763095978877e-06
2909,0.07466680863261442
2910,0.08973128254442744
2911,0.10836853487621634
2912,0.7721215443060364
2913,0.028482680009566625
2914,0.9975863992407389
2915,0.43071907203620047
2916,0.0004846849244671543
2917,0.01148401585321034
2918,0.99782650705159
2919,0.18459199736367898
2920,0.4635958892356259
2921,0.2994796166259671
2922,0.17392190565630825
2923,0.027405903436614632
2924,0.7328836743487482
2925,0.9530664834157412
2926,0.5176048350481208
2927,0.9488741171692856
2928,0.7318622682974412
2929,0.9899109065999177
2930,0.2518587393785202
2931,0.9999785117718386
2932,0.9944874052032646
2933,0.11539280982823387
2934,0.0004281434605286409
2935,0.24612204504115665
2936,0.00022059722795354892
2937,0.2571633216322223
2938,0.9260248921061413
2939,0.9450334325853119
2940,0.06360096369018395
2941,3.928324963151939e-06
2942,0.999438593720092
2943,0.0001290054489629798
2944,0.5953831975769751
2945,0.0003387089177175396
2946,0.47735783546230326
2947,0.02887982895102727
2948,0.18848144446848683
2949,0.08828907397107372
2950,0.007938238176892787
2951,0.010901437225857517
2952,0.9076130646541526
2953,0.9920726825052607
2954,0.01625595650197847
2955,0.0011713708632192414
2956,0.6977227081614691
2957,0.815257896039469
2958,0.00967426482721016
2959,8.397388099649184e-05
2960,0.00020204632159757208
2961,5.954983073139811e-05
2962,0.9692477192336258
2963,0.05565899737703811
2964,0.9099494692702428
2965,0.9497569729454386
2966,0.0005722781477859086
2967,0.053571377784386275
2968,0.008288813436421471
2969,0.48274447056447056
2970,0.053111660069141926
2971,0.07627763663869684
2972,0.006364440044155064
2973,0.6489803540759811
2974,0.921885507485582
2975,0.8350684279706875
2976,0.008672467892285807
2977,0.9999762008134109
2978,0.0002319372565722496
2979,0.8708882760526504
2980,4.599417196265695e-05
2981,0.02304453435892046
2982,0.9329261564516153
2983,0.9899633404808915
2984,0.001028452206308113
2985,0.05315261557810541
2986,0.650620346528941
2987,0.012728880558137916
2988,0.013877692664968723
2989,0.08135485735828085
2990,0.0008628153489537662
2991,0.9626008413825086
2992,0.8405906263521472
2993,0.013049155350461458
2994,0.18317092757865402
2995,0.007727017186568621
2996,0.004941898652392645
2997,0.3749816618589108
2998,0.015826258976953934
2999,0.9625663618470067
3000,0.008911026005324209
3001,0.0034973067870098483
3002,0.9090143808027562
3003,2.89940400612239e-06
3004,0.7241875566987818
3005,0.9390796263946087
3006,0.8949497191154225
3007,0.0014244133015034054
3008,0.5117875141627088
3009,0.16160588613156746
3010,0.00027492812164857486
3011,0.00017091992169746402
3012,0.9923541439968779
3013,0.417328619479376
3014,0.004695715177466425
3015,0.0005407073337431711
3016,0.05273869900812933
3017,0.9464770571780539
3018,1.3022118843954847e-06
3019,0.8406416509135766
3020,0.012902281287641922
3021,0.1283523150736142
3022,0.9999937065461907
3023,0.002499905576269076
3024,0.000641471559230688
3025,0.29981731087092683
3026,0.9344724369671427
3027,0.19480203979346694
3028,0.6734572455620252
3029,0.1839377954174391
3030,2.3559072595886048e-05
3031,0.0031765119675181827
3032,0.09404610648589498
3033,0.9867198371768505
3034,0.2701987214033496
3035,0.9870323863892252
3036,0.25681189882138483
3037,0.9799673615207838
3038,0.38458914739483613
3039,3.115148971953903e-05
3040,0.0011423966987490286
3041,0.0005446768509128296
3042,1.38631866153073e-06
3043,0.0025846063899974073
3044,0.03070376697115951
3045,0.7624439705733517
3046,3.517497481368505e-05
3047,0.0002550473245941144
3048,0.997766314577389
3049,0.9321118010824168
3050,0.9997528142944149
3051,0.9801865172457596
3052,0.002040941905987037
3053,0.9788391308091008
3054,0.18725033598453966
3055,0.0747256130712764
3056,0.9588934797125006
3057,0.002626783057654415
3058,0.9999263656678218
3059,0.004014890498570767
3060,0.9493726644480512
3061,0.9999620863633614
3062,0.00010036442645355517
3063,0.5494066745693749
3064,0.012443218149171344
3065,0.00012154973203860984
3066,0.8323007819104352
3067,0.030567098306176366
3068,0.62926699383498
3069,7.140587569144202e-05
3070,0.00010053825849853981
3071,0.00021433962012714548
3072,0.9588383782192509
3073,0.012829021477263202
3074,0.5007068075241756
3075,0.0688424742777006
3076,0.036759898368067465
3077,0.9689585285366588
3078,0.9849653127224516
3079,0.6398478920862943
3080,0.020198785276013872
3081,0.1009544003732684
3082,0.9562929416336878
3083,0.0005190185398815868
3084,0.8273579088152864
3085,0.730740419741502
3086,0.00017344149613526444
3087,0.3582542874855329
3088,0.03865713358450789
3089,0.03549253263413956
3090,0.0028359113882163787
3091,0.0003877058262023863
3092,2.0936058835184616e-05
3093,0.9195753348974435
3094,0.0018589347106242164
3095,0.10248206688896477
3096,0.00015041984325134706
3097,0.004093415827470806
3098,0.9994434485115741
3099,0.0013069790929954104
3100,0.001967814804377501
3101,0.00026494578685746486
3102,8.853113313081408e-05
3103,0.0026707690481994253
3104,0.41037200976247756
3105,0.2888787472928425
3106,0.0260817790872598
3107,0.9907277630968138
3108,0.005399947424486939
3109,0.030600317228688598
3110,0.0011431455970291127
3111,0.001237746124908913
3112,0.00042835185382067035
3113,0.09284080825457805
3114,0.03161353065558367
3115,0.91776834403937
3116,0.032247379118714226
3117,0.00025535988326203895
3118,0.6302331439187756
3119,0.7265322629466423
3120,2.2932403549635227e-05
3121,0.0005821001894305073
3122,0.0015455526847702253
3123,0.9980839252627359
3124,0.0048373504144283205
3125,0.04520930079965369
3126,8.130817036380741e-05
3127,0.9796645175094673
3128,5.681637530701267e-05
3129,0.10629345130770214
3130,0.9671644080496092
3131,0.9531177024785175
3132,0.056390120442605676
3133,0.00013322461795020306
3134,0.003201657194341476
3135,0.0012717629942408752
3136,0.1351689726586217
3137,0.1714693910432082
3138,0.014363597069658146
3139,0.993568240445212
3140,0.0014443767553317796
3141,0.0002698265889269743
3142,0.019960352660385292
3143,0.6900673734522258
3144,0.9967558220386517
3145,0.0016334874447975335
3146,2.1009193224392624e-05
3147,0.1695142126553362
3148,0.01585462171820894
3149,0.9924127368611507
3150,0.00026884072394007836
3151,0.512359044837991
3152,0.0006854676803599341
3153,0.0008749807584203616
3154,0.0008215252513438537
3155,0.002263917743388866
3156,0.24152806529650275
3157,0.06284806520662053
3158,8.74497238115925e-05
3159,1.4310841284628577e-06
3160,0.9267106234051412
3161,0.12083221357312406
3162,0.9985185973433118
3163,0.0032128420537122036
3164,0.6040831982877174
3165,0.0006559493894485931
3166,2.57763262852775e-06
3167,0.07404651691118004
3168,9.210278580060531e-05
3169,0.9716060902829325
3170,0.052842290491522975
3171,0.2257498574387512
3172,1.2386050743645417e-06
3173,0.00047539691015156967
3174,0.9997544481895554
3175,0.9475905363128271
3176,9.649381757303974e-05
3177,0.812054958999088
3178,0.008525311750964389
3179,0.06075131973741648
3180,0.02726049799156069
3181,0.03017267082697528
3182,0.7247467081882867
3183,0.9531457383451685
3184,0.0004034393738187284
3185,0.14836016148430864
3186,0.006444614917537761
3187,0.9977773120633205
3188,0.0375740737429883
3189,0.5787011330491751
3190,0.9999569932821393
3191,0.8858499453953239
3192,0.3995357414752529
3193,0.9793660989431213
3194,0.9883753197258915
3195,0.9950982119251196
3196,0.897627564627804
3197,0.0003113465627187067
3198,8.382113402022312e-05
3199,0.51023456546921
3200,0.997666267614797
3201,0.001787116631952792
3202,0.0005517477607193423
3203,0.025078532562879417
3204,0.41937202746055435
3205,0.6895855643515637
3206,0.9134457050833065
3207,0.02321084585840207
3208,0.3172224716404728
3209,0.984420888447803
3210,0.027171455488840163
3211,0.9987145172667649
3212,2.1747460379402156e-05
3213,0.9574492393365409
3214,0.00018746295278546037
3215,0.05043152121495545
3216,0.02349822078890314
3217,0.9593623360480239
3218,0.9825570500845008
3219,0.6435626302649327
3220,0.9931191138962655
3221,0.0425046057822201
3222,0.0667797388917458
3223,0.9430123985075248
3224,0.008060827378367715
3225,2.3330697647664585e-07
3226,0.5596699823382216
3227,0.9925642489818931
3228,0.9802439106344275
3229,0.9140794110730518
3230,2.17414247509817e-05
3231,0.025695598372997713
3232,0.018413900521028204
3233,0.15416897160454085
3234,0.4107805889540938
3235,0.023063448709557063
3236,0.008651386655777917
3237,0.7820543785439769
3238,4.0389521491268455e-06
3239,0.019088940782470334
3240,0.00019405443288152973
3241,0.07793181188039865
3242,0.4782349531142166
3243,0.007678292605963474
3244,0.02203114158917357
3245,0.8948389449274806
3246,0.0486186948553753
3247,0.25838020544340357
3248,0.03884183733568201
3249,3.1553543819736503e-06
3250,0.028262197851417818
3251,9.001453148133967e-06
3252,0.0866554342435424
3253,9.575366468313173e-06
3254,0.005627961080006385
3255,0.004993582236298112
3256,0.00020005281150157252
3257,0.00018759228288579196
3258,0.9991976695554494
3259,0.4403010307478963
3260,0.002818551726300667
3261,0.004169506534128233
3262,0.0007589508280309595
3263,0.8755245845622004
3264,0.0005496989430557176
3265,0.4773580895276605
3266,0.10223597853036138
3267,0.8939541427393785
3268,0.98793860244011
3269,3.463866831737043e-05
3270,0.831143789847375
3271,0.9706062397672683
3272,0.0015107711440081994
3273,0.0062851778968645005
3274,0.000758197623385541
3275,0.5435562567238716
3276,0.911024693126748
3277,0.5671508092870978
3278,0.9825328561092861
3279,0.8520237100595844
3280,0.4449972703672511
3281,1.4954369383287183e-05
3282,0.024221575495254364
3283,0.001590298959558041
3284,0.6788781149379812
3285,0.00015521042649823666
3286,0.5858016759682579
3287,0.9954667679156951
3288,0.3735722594490041
3289,0.00011332505014529318
3290,0.00037238951091329365
3291,0.0008248940786540243
3292,0.23475834623265043
3293,0.9946527097598136
3294,0.987372083678255
3295,0.9746516539679442
3296,0.002754572064809117
3297,0.9759308387916777
3298,0.7265936848634447
3299,0.9949626886170009
3300,0.00010592629861776325
3301,0.0021709997090769598
3302,0.000597459042025791
3303,0.0006377287663086158
3304,0.5429960897559051
3305,0.9995141183285969
3306,0.9999751834473701
3307,0.11549525364620494
3308,0.03386301682043573
3309,0.06679989768993821
3310,0.9996782309409837
3311,0.7419790342680833
3312,0.406928403454143
3313,0.00997774621923816
3314,0.35511118182173473
3315,0.35299785782973137
3316,0.9639649385077736
3317,0.9894582151355384
3318,0.8211233794035794
3319,0.9815101561692003
3320,2.27517567187021e-05
3321,0.0006439040359952846
3322,8.245537626089974e-05
3323,0.0007632823140519991
3324,0.6658488100551777
3325,0.033773219536476065
3326,0.0012930669475469043
3327,0.009511998996521637
3328,0.0020888064378981994
3329,0.9947179005651995
3330,0.9966318957635787
3331,0.09566853133272223
3332,0.7951044921438063
3333,0.39154962634496177
3334,0.015162860121579363
3335,0.969923739804269
3336,0.772663461006211
3337,0.3374423686094526
3338,0.5008239204480309
3339,0.0008562765805093589
3340,0.9427390800391436
3341,0.9829808499036432
3342,0.8761217523459343
3343,2.304349341119769e-05
3344,0.45735032569544926
3345,0.2694656176186443
3346,0.9930704544598723
3347,0.9997923903812213
3348,0.9440943968097197
3349,0.07082772067864125
3350,0.0619907637896833
3351,0.028739758994115884
3352,0.8528985169913642
3353,0.005264065667167231
3354,0.0027030633132785332
3355,0.813632666161845
3356,0.0008923511844124639
3357,0.0416683175168176
3358,5.615098943094492e-05
3359,0.18798919039319706
3360,0.004382293931492158
3361,0.0024232337115892726
3362,0.08109629257478801
3363,0.28032523182789304
3364,0.0027745760847072086
3365,0.04573975320663389
3366,0.9743751917904703
3367,0.11394493033888353
3368,0.127322273395094
3369,7.687763253644552e-05
3370,0.9298773455600321
3371,0.7015225127017437
3372,0.00021844130037611357
3373,0.0036526974655798645
3374,0.814515018060817
3375,0.3771706382942033
3376,0.000494081347513265
3377,0.04352809596192971
3378,0.4884383746292944
3379,1.5390850436654597e-05
3380,0.14027606096492382
3381,0.0015484711990944385
3382,0.04759335603472806
3383,2.2334606161113877e-05
3384,0.3256592511794384
3385,0.9961142537754839
3386,0.0014686442425288077
3387,0.001947319764622575
3388,0.5824260196014868
3389,0.07243033403039681
3390,0.7821650087479199
3391,0.9999738569047592
3392,4.769218758563972e-05
3393,0.7828269919324861
3394,0.5444092083806323
3395,0.16839355362812164
3396,0.9999911759709468
3397,0.9815838228198407
3398,2.861303188411708e-05
3399,0.11874485536627773
3400,0.00048514347814087525
3401,0.013221996439148467
3402,0.009342288081538927
3403,0.9871182048620822
3404,0.2599421765653901
3405,0.07238829682481242
3406,0.16241729714362582
3407,0.982926058165596
3408,0.04624607717042694
3409,0.00042695390815763833
3410,0.9999840136133251
3411,0.010739421005457567
3412,0.9286608793993772
3413,0.9350667912654272
3414,0.15780600634256461
3415,0.874445628308416
3416,0.00011112103750508507
3417,0.17323419727101952
3418,0.00577453038934458
3419,0.0037320557453337866
3420,0.9826282477569227
3421,0.0014017621943638486
3422,0.00010657178171912179
3423,0.28404718201964074
3424,0.00584444106872844
3425,0.007253114270339537
3426,0.033365864553622664
3427,0.005214249708531789
3428,0.0709784234895578
3429,0.9943182059696679
3430,0.0027679624872534833
3431,0.7226382112283949
3432,0.04958708472176364
3433,0.002218583739463627
3434,0.9913029439048713
3435,0.0017817648031396443
3436,0.3084694684603359
3437,0.0043870038987787584
3438,0.037865880128329386
3439,0.18382579398561183
3440,0.9691815476739402
3441,0.11725864014836672
3442,0.0002481225472767323
3443,0.0009665355308458908
3444,0.9625302268013018
3445,0.016974806834690305
3446,0.40460678867701777
3447,0.07774606944566541
3448,0.29816876262843894
3449,0.0018071513471819027
3450,0.5237323995825489
3451,0.05753349736635375
3452,0.631470236149196
3453,0.9509165841888811
3454,0.9999530243990662
3455,0.9989178156803491
3456,0.6030000865179057
3457,0.0005795643730478505
3458,0.47568741058721825
3459,1.809038790853184e-05
3460,0.48277794447421984
3461,0.9920665130428814
3462,0.5334970361146097
3463,0.27671549225923686
3464,0.01639156527014362
3465,8.982059913924519e-05
3466,0.0085350695871938
3467,0.0001158238957942648
3468,0.999999993817303
3469,0.948403885977417
3470,1.8484903588965825e-05
3471,5.213543032668351e-05
3472,0.0795786112088374
3473,9.026444511970572e-06
3474,0.0009423262370522181
3475,0.933867845193246
3476,0.0004444744700281313
3477,0.8499543029695652
3478,0.002478495691354505
3479,0.9879224139742737
3480,0.9660434340617053
3481,0.17860148440252369
3482,0.05717344742885111
3483,0.9473640640349147
3484,0.0005760533042628695
3485,0.5896591262880125
3486,0.6814376872631907
3487,0.8773833823648198
3488,0.002115782019706258
3489,0.04114728840492293
3490,0.11717433815479934
3491,0.04349372007971613
3492,0.2546291845674696
3493,0.12816085878829578
3494,0.20089118135327935
3495,0.6511505112940059
3496,0.8306260859939323
3497,0.6681774917885196
3498,2.1659405069632507e-05
3499,0.9775315620383963
3500,0.9846839067710846
3501,0.6304082534756331
3502,0.01842347927832932
3503,0.00034851612876110296
3504,0.00027688683689291847
3505,0.0005835088755850426
3506,0.0037055824036423993
3507,0.3504052659686546
3508,0.9972179886437587
3509,0.00047308541144554527
3510,0.00041008527412316435
3511,0.9715862254204112
3512,1.6540407186629447e-05
3513,1.6223013164447567e-05
3514,0.9866740605590766
3515,0.0013524535040933799
3516,9.485427727515492e-06
3517,0.9863187736330791
3518,0.08106725551995052
3519,0.6459070365154085
3520,0.000641634398554078
3521,0.8865468687249582
3522,0.3042895417474026
3523,0.12319055440657717
3524,0.004298367830531047
3525,0.28571029332185754
3526,0.932512193174806
3527,0.008755560447680784
3528,0.00180636477857705
3529,0.8569862832242819
3530,0.00484533406924102
3531,0.003365640534787838
3532,0.9936923437307649
3533,6.828323119308303e-05
3534,0.5864371017262726
3535,0.9218934080447378
3536,0.004749910584049788
3537,0.09945419860456144
3538,0.0006980394232026775
3539,0.8743906540808671
3540,0.003323453064355757
3541,0.4757231480295264
3542,0.00011650694154259741
3543,0.9282727357920652
3544,0.8833534304709633
3545,0.03894071073113976
3546,0.0039859032817344325
3547,0.007492247870065141
3548,0.010052610971877393
3549,3.908841203517672e-05
3550,5.2582076349103843e-05
3551,0.9999859214072352
3552,0.999952201523251
3553,0.37860090696088233
3554,0.44321242449820647
3555,0.9886488949624853
3556,0.0764835133001797
3557,0.430259435494571
3558,0.32941392872633934
3559,0.02894172727521999
3560,0.002630142819053851
3561,0.0019302517090040996
3562,0.04337736921265695
3563,0.952313052045822
3564,0.0022209636499081692
3565,0.9757479584468639
3566,0.9069262520018847
3567,0.0008733524076083386
3568,0.0006309359332896629
3569,0.0008106011364134217
3570,0.0007392021203200616
3571,0.4758030458596235
3572,0.023883762581261413
3573,0.00017236758885585837
3574,0.006953639049106033
3575,0.992600875879534
3576,0.9999648534417608
3577,0.00010413210789907822
3578,0.9995579928208416
3579,0.8913879112819101
3580,5.064205698848529e-06
3581,2.6754756903534486e-05
3582,0.5021984688579302
3583,0.020546807678633115
3584,0.9978128443342228
3585,0.8349519152594094
3586,0.8677103712951941
3587,8.084430048472595e-07
3588,0.15722514075974492
3589,0.7011425621948243
3590,0.01523047014400061
3591,0.8089141962641363
3592,0.9830709952283639
3593,0.9664421283767123
3594,0.9963671537871318
3595,0.44439522370576984
3596,0.10971934932478748
3597,0.9819342542055359
3598,0.0001328371777910201
3599,0.0006683478453471265
3600,0.9887615656221508
3601,0.00011633487273173368
3602,0.00014553389350215528
3603,8.600005888785916e-05
3604,0.03336319311970043
3605,0.4047314421986326
3606,0.9922781661029016
3607,5.75307056061936e-05
3608,0.37929174315646186
3609,8.201758672616726e-06
3610,0.3300287774735301
3611,0.9314079624767636
3612,0.06324267283108889
3613,0.9838632601735224
3614,0.9638445430514334
3615,0.23083044673456588
3616,0.001901631629432672
3617,0.023088817736694682
3618,0.9973095751714023
3619,0.9942115174754744
3620,0.007790205925372266
3621,0.8545374245592667
3622,0.0027494262853234074
3623,0.9969901574193369
3624,5.281441073616125e-06
3625,0.8377252001858327
3626,0.5594800826124088
3627,0.7350901012533743
3628,0.4096714837614215
3629,0.022516500724932016
3630,0.8475783208798566
3631,0.11826887258247694
3632,0.00024676666177578206
3633,0.02477731997194144
3634,0.004408628152250172
3635,0.00017397020247452856
3636,5.187413877844601e-05
3637,0.003936157068975433
3638,0.9451483292818741
3639,0.036050966682476294
3640,0.11721599804163327
3641,9.047681230204687e-05
3642,0.001165558703641857
3643,0.0006877880734859499
3644,0.9975173338113615
3645,0.05509402324022189
3646,0.9451861614809226
3647,0.025577926823278977
3648,0.30191452238655403
3649,0.9755064033475315
3650,0.0010934342600274931
3651,0.00566990766573687
3652,0.0002604871104471041
3653,0.8314981867195835
3654,0.6636767673321501
3655,0.22104840194316572
3656,6.071419618451515e-06
3657,0.0001572933264960684
3658,0.00016764512620668235
3659,0.7675640895145517
3660,0.09462301982227624
3661,0.6180359502938841
3662,0.9795741995550644
3663,0.11359822648412064
3664,1.5190030298883696e-05
3665,0.010124274270456961
3666,0.9796804427056985
3667,0.0017478053710519908
3668,0.2679761601377839
3669,0.31136421900164496
3670,0.6744952820746227
3671,0.00047889918310122176
3672,0.5353955520722767
3673,0.07364025732815262
3674,0.6654525384450114
3675,0.9983273271481536
3676,0.019232975569487314
3677,0.485239483351085
3678,0.8903382999178955
3679,0.8142892303219724
3680,0.00048424136138163116
3681,0.005508267012934662
3682,9.015369092015617e-05
3683,0.023593543670059825
3684,0.1327801581014293
3685,0.2904945784900466
3686,0.9998316122067215
3687,0.5409880120889109
3688,0.007426681515943301
3689,0.9347854723328939
3690,0.0012027280787973336
3691,0.9923799323385459
3692,0.24620755032302935
3693,0.931975676971471
3694,1.786049945546364e-05
3695,0.9512941910772412
3696,6.493790674801626e-05
3697,0.0007490310135294039
3698,1.1222013830905944e-05
3699,0.0331824562695773
3700,0.630891206175318
3701,0.002671672792707761
3702,0.9953448931921786
3703,0.16672058717353008
3704,0.9795308692822073
3705,0.9984336396283683
3706,0.0010943198022905607
3707,0.2458334487027349
3708,0.8319106883415692
3709,0.00016125565845371366
3710,0.004466340627175318
3711,0.9999761948092666
3712,0.29460886174031686
3713,0.0001259603291859233
3714,0.0010517995264742038
3715,0.0010978258132570504
3716,0.05294204555335169
3717,0.9878170822201067
3718,0.9988181378365302
3719,0.34055670279120803
3720,0.9676164462827647
3721,0.28726149059240363
3722,0.999721436819946
3723,0.9964733235630753
3724,0.0002921677977564801
3725,0.34874735476688035
3726,0.0038231253722212613
3727,0.04624918620588001
3728,0.1729519829538484
3729,0.9055231114137207
3730,0.7759067641501427
3731,0.00870851781996737
3732,0.0002744373958390721
3733,0.001286320430843764
3734,1.482146260116452e-05
3735,0.7376672402819198
3736,0.002369504849032808
3737,0.003084354609975936
3738,0.9999702305373319
3739,0.999532421087353
3740,0.0029299258566587603
3741,0.8925002720071757
3742,0.9891745009489451
3743,0.022751323523650963
3744,0.7978910907951576
3745,0.27999908886601926
3746,0.014558226232887316
3747,0.0013205223042427228
3748,0.2882896301574494
3749,0.0017250828808503605
3750,0.4687158034239011
3751,0.0014872341249145206
3752,0.03736313603422928
3753,0.965658144538942
3754,0.9877667828947899
3755,0.09502567728943233
3756,0.04837917032237438
3757,0.08528174908117471
3758,2.959205960251106e-05
3759,0.9938608777876774
3760,0.6994891613073239
3761,0.9587379605727908
3762,0.16493522181358858
3763,0.0026224000696987147
3764,0.00413269403851595
3765,0.3011467974378984
3766,0.04875813302437912
3767,0.5669476936488205
3768,0.1246437055199989
3769,0.24341137696048298
3770,0.2940030246766025
3771,0.986566420700387
3772,0.9035265982870792
3773,0.004834346830303673
3774,0.0005590505040898251
3775,0.02951375008814429
3776,0.5247028206387372
3777,0.24372545914675353
3778,0.0032309738694156144
3779,0.006622142143630381
3780,0.006030724129263444
3781,0.02070375444652547
3782,0.9390612867817976
3783,0.5381919790320123
3784,0.5202888009350339
3785,0.9190018911791745
3786,0.9749065541994731
3787,0.6584848584074411
3788,0.01819088229039484
3789,0.4489966303674185
3790,0.9466626948946824
3791,0.9941005634826882
3792,0.9609189708857135
3793,1.4909786420922965e-05
3794,0.7259545626709117
3795,0.015889300283724695
3796,0.9307789429260775
3797,0.1288801841795535
3798,0.15157749820442395
3799,0.0004667968133308677
3800,0.005177673571076528
3801,0.008330058651625505
3802,0.3961950807013595
3803,0.4320869297330696
3804,0.9561143908809725
3805,3.870890619480269e-08
3806,0.32973411003731135
3807,0.995036003849738
3808,0.4651465202821345
3809,0.007032319383842275
3810,0.01798357228752878
3811,0.9768070688659594
3812,0.2997843935597879
3813,0.00045040443086426615
3814,0.9156973293659301
3815,0.1818995079551794
3816,0.09823935928678607
3817,0.10544652606946615
3818,0.9938416834203014
3819,0.8727462283752085
3820,0.9982158779637799
3821,0.0023404706290872782
3822,0.9962287929825704
3823,0.018563138625683043
3824,0.0011986135813175365
3825,0.9992793337400374
3826,0.147176612361137
3827,0.05308680054491554
3828,0.8360213033659311
3829,0.028860452642866796
3830,0.19932182010347385
3831,0.9999785556397557
3832,4.424594639236409e-05
3833,0.1271456789072157
3834,0.6164387806263371
3835,0.004084081165531974
3836,0.5773790747562455
3837,0.9997482439272419
3838,0.6426530903237178
3839,0.9999161619261554
3840,0.5583363474604469
3841,0.003364244058781321
3842,0.005319485961543543
3843,3.7638764884227896e-05
3844,0.0022339819779218064
3845,0.9980941050133357
3846,1.5832418964347814e-05
3847,0.9908476550739069
3848,4.587280160245429e-05
3849,0.007551853537402043
3850,0.3032063831969731
3851,0.9967828947628465
3852,2.2313367906315054e-05
3853,0.8220643049760018
3854,0.08193811918801829
3855,0.00010113711929255738
3856,0.00019857094499181146
3857,0.0002860400942256697
3858,0.4482226254005164
3859,0.3747427690309952
3860,0.00039820039153362326
3861,0.01463824549041042
3862,2.4000265113757104e-06
3863,0.9841060249371324
3864,0.9999961073111628
3865,0.2856084799872187
3866,0.9996550804450893
3867,0.0015469716857159103
3868,0.5334006693227235
3869,0.0004365485045863795
3870,0.19420949407284296
3871,0.029219221156898765
3872,0.9415165594133692
3873,0.03939849508147172
3874,1.200348991645304e-05
3875,0.9999991061671749
3876,6.139498505286423e-05
3877,0.9942293765236498
3878,0.014809855235904903
3879,1.442062648466921e-05
3880,0.999963610711319
3881,0.9942969546757627
3882,0.017927202905691553
3883,0.19880679325210418
3884,0.005774038035913486
3885,0.03095874188887211
3886,0.9836367591256311
3887,4.472427373353843e-05
3888,0.35580790850786925
3889,0.01064905724943194
3890,0.06430236417425862
3891,0.9793414012390699
3892,0.034030081428412184
3893,0.9910362275793407
3894,0.004394653282057443
3895,0.5451128481469856
3896,0.03268515873979757
3897,0.7932955289796834
3898,0.01661705967647586
3899,0.14668043809931766
3900,0.5876470276076319
3901,0.0032418542052037383
3902,0.9944421908683447
3903,0.775784890162117
3904,0.013447363158249294
3905,3.385858267483786e-06
3906,0.9948322671094
3907,0.12207109436065446
3908,0.04020896218079658
3909,0.999954786426604
3910,0.009098292406058256
3911,7.471059216015043e-05
3912,0.015861225721120014
3913,5.410309830965711e-05
3914,0.9699949478335262
3915,0.3707598338092453
3916,0.9382257966648333
3917,0.02517942277998565
3918,0.1246074895801063
3919,0.00011898221829684567
3920,0.08828263853565145
3921,0.001380890918089697
3922,0.23742664539195182
3923,0.008327157841889962
3924,0.008260673985245213
3925,0.9995516992286232
3926,0.5583355338341816
3927,0.009023315677582614
3928,0.9473756586990528
3929,0.6740652862924318
3930,0.9963418757264616
3931,0.004184834012224461
3932,0.0045509344145290035
3933,0.00023391483259528218
3934,0.9781740581258964
3935,0.001104897460499802
3936,0.010975849333687164
3937,0.26434285321167056
3938,0.9619953247292963
3939,0.00021063085888026206
3940,0.0010704902224366796
3941,0.9921257281827979
3942,2.729695014097511e-05
3943,0.00012617353129044812
3944,0.6654733366905737
3945,0.8875619011130741
3946,0.0007374559960229895
3947,0.0018153469065621407
3948,0.010026910168493507
3949,0.9697908445844201
3950,0.24183334699648384
3951,7.422924444018006e-05
3952,0.9857744033341035
3953,0.014673286713305988
3954,0.9990355140575542
3955,0.0001753298678918154
3956,0.025647653054295533
3957,0.6779016710647471
3958,1.1491983618182419e-05
3959,0.9306585585732492
3960,0.5475399888801403
3961,1.534125564386428e-05
3962,0.11269464387706965
3963,0.9740909914700091
3964,0.09228256590680028
3965,8.633019151021701e-06
3966,0.007645905612098451
3967,3.5719446267331133e-06
3968,0.0003310858233042917
3969,0.0013493792478853268
3970,0.005891637701974594
3971,0.9924417774016229
3972,0.0016219902339508416
3973,0.1061075944326055
3974,5.686101168615004e-05
3975,0.9593785650675487
3976,0.9999458083427236
3977,0.09218164714260532
3978,0.026785880499729194
3979,0.9449127609802672
3980,0.009657897854737007
3981,0.9978877511335259
3982,0.4880580477471554
3983,0.0005495383034003527
3984,0.716056894557098
3985,1.3155275920192372e-07
3986,0.19662674775077899
3987,0.0006183599854860944
3988,0.22966634165163663
3989,3.3389335000935576e-05
3990,0.32259658433749705
3991,0.9672093936211402
3992,8.124199796850077e-06
3993,0.9456858468466739
3994,0.4469537883228042
3995,0.9311073075824337
3996,0.7739168861314144
3997,0.2786566897757565
3998,0.4304080645902453
3999,0.05790940031696464
4000,1.758871094516999e-05
4001,0.000487862812128733
4002,0.09791714402949978
4003,0.004194179586120951
4004,0.34283528206129227
4005,0.9812759948120076
4006,0.011365509363914488
4007,0.0002987962634728507
4008,0.9999783939227912
4009,0.031725137194235906
4010,0.9995375105990244
4011,0.9703149018224948
4012,0.017163073427063403
4013,0.9784730693929287
4014,0.999607081870295
4015,2.0091432755898043e-05
4016,0.32272117866567446
4017,0.042547975365023534
4018,0.11929299508362869
4019,0.7580266861559948
4020,0.002762275208343896
4021,0.1258796993870363
4022,0.00502199721869988
4023,1.9031679853358215e-05
4024,5.894694371394392e-05
4025,0.9989479122348914
4026,0.6278613671206208
4027,1.7976834889744882e-07
4028,0.0004717173499223088
4029,0.024516567557225595
4030,2.701986762668454e-05
4031,0.9191796395578622
4032,0.3871459868178844
4033,0.002165947799838143
4034,0.004143897385135404
4035,0.014250137121398325
4036,0.000478327713543553
4037,0.009876056840100282
4038,0.9709205486921182
4039,3.59791610305327e-05
4040,0.8554597822110932
4041,0.9980510925114784
4042,0.18335452085255177
4043,0.13457027048550718
4044,0.01414641644835421
4045,2.694330637678754e-05
4046,0.10350073361229949
4047,0.039295465068349966
4048,0.03336046818341075
4049,0.2506960887648284
4050,0.6115302902861426
4051,0.013870785725682623
4052,0.017279292259541622
4053,0.6666021580389513
4054,0.0004998043599603657
4055,0.0013402132266112574
4056,0.0011260795804223923
4057,0.18841983754689162
4058,0.5788898408003185
4059,0.004495661957855218
4060,0.061099354246431876
4061,0.9984953701096138
4062,0.1883810817138093
4063,0.3067560954491464
4064,0.8175631044606293
4065,0.567233951355247
4066,0.007301774170338482
4067,0.8631573605302748
4068,0.009561006269456366
4069,6.1338464473383575e-06
4070,0.00247157224284832
4071,0.9995063163915271
4072,0.002210171388658266
4073,0.08370559709531575
4074,0.031009905260542023
4075,0.533492909228309
4076,0.6312828000732252
4077,0.08757691104144777
4078,0.6510281988556026
4079,0.984933174841745
4080,5.698176071707956e-06
4081,0.8664165014826978
4082,0.9786860844009474
4083,0.5640504280365004
4084,0.003128074776125391
4085,0.5385706814195127
4086,0.004098770524647195
4087,0.003124861203355602
4088,0.09940748950983112
4089,0.06026828592717388
4090,0.19000888604951072
4091,0.0005689042151417006
4092,0.5127466871719668
4093,0.8023093453525922
4094,0.002271684645210992
4095,0.035080826978337316
4096,0.0014755783009034143
4097,0.5402435133402766
4098,1.1791959487235189e-05
4099,0.946864403928929
4100,0.9856939862164944
4101,0.0005230741118642762
4102,0.4559859855802093
4103,0.002048695650640056
4104,0.993414906727557
4105,0.1595922033674072
4106,0.6214797542260733
4107,0.8960136371256838
4108,0.9931765711230791
4109,0.9985430811940826
4110,0.7757447198136961
4111,0.00021042540007738735
4112,0.8095872472199894
4113,0.5070680385290185
4114,0.020153144099801137
4115,3.4410123795717484e-06
4116,4.200394511845821e-06
4117,0.999991374225016
4118,0.02961533793173091
4119,0.07230759625774448
4120,0.038503872591062346
4121,1.4863866097741859e-06
4122,0.12304853922878092
4123,0.004693051846898921
4124,0.37127268886899784
4125,0.008564766347233646
4126,0.4089931687931223
4127,5.648876158451956e-06
4128,0.11098963426398856
4129,1.310425834088624e-05
4130,0.009673715106255617
4131,0.30377292046426696
4132,0.8937171897125165
4133,0.9967322027434383
4134,0.9648554416982057
4135,0.5390478099846876
4136,0.0858478543751117
4137,0.9400973842928243
4138,4.463482088891103e-05
4139,0.0016313818026204693
4140,0.9993721481256637
4141,0.43500169801493727
4142,0.004420250868456542
4143,0.0030524931241532887
4144,0.9941140835995224
4145,0.005797941654410846
4146,0.00024730838482746006
4147,0.16571669078790704
4148,0.08830679143965123
4149,0.021968431236098474
4150,0.27789752628010783
4151,0.0006166160621728358
4152,0.32535715825225237
4153,0.9064495115504595
4154,0.3146226040071447
4155,0.8967669791148691
4156,0.03187483261503206
4157,5.2395209488362484e-05
4158,0.9518178811228781
4159,0.6780161474796776
4160,0.6633749714746017
4161,0.6385973248027293
4162,3.940671855722822e-06
4163,0.00023142990175072662
4164,0.9936588086520116
4165,0.6508861890595707
4166,0.0001380971524159511
4167,0.9940547516241097
4168,0.26434034663478884
4169,0.05596734442637591
4170,0.9999884058379752
4171,0.003934437569206654
4172,0.8118031015578374
4173,0.6906130685222475
4174,5.7236757046534746e-05
4175,0.26453648414869624
4176,1.355112135476347e-05
4177,0.007113491704333971
4178,0.8928091854989783
4179,5.790700076048277e-05
4180,0.7587410277016718
4181,0.43616808023835396
4182,4.591998999435898e-05
4183,0.9771383089920543
4184,0.9998994703874935
4185,0.9998966095168683
4186,0.9941301414248397
4187,0.006800425263601092
4188,4.776276043831856e-05
4189,0.16638049840208458
4190,0.0016455054616804508
4191,0.0018542643889685171
4192,0.9738157160659603
4193,0.4966671341162804
4194,0.9440827078116384
4195,0.33014224191035796
4196,0.9997969923885079
4197,0.8994142028824303
4198,0.024187911182672925
4199,0.9916787781225961
4200,0.003009652693261369
4201,0.2754907157763635
4202,0.047517550672254244
4203,0.06715552984590524
4204,0.0049488202449155866
4205,0.06781787156985485
4206,0.7796569619125965
4207,0.1288193899018326
4208,0.9901136883410171
4209,0.4384141703656403
4210,0.45468161908512356
4211,0.006702387591438132
4212,0.15384751782679068
4213,0.5500078231467252
4214,0.0015500254276356556
4215,0.014710396019186452
4216,9.833391713533108e-06
4217,0.9993285164121287
4218,0.9998922342648199
4219,0.0034677323732668556
4220,0.12006347461890311
4221,0.9964201914397987
4222,0.1031971398531709
4223,0.45274061677279714
4224,7.13589320834599e-05
4225,0.0029118652646168493
4226,0.9999539321271224
4227,0.8867809403870882
4228,0.0076491166808202145
4229,0.9385254832356605
4230,0.9630379249695251
4231,0.37856940239762754
4232,0.002055663579013733
4233,0.005603336257407999
4234,0.00017449603920315193
4235,0.28760667077444013
4236,0.026419294749171558
4237,0.29203209586354906
4238,0.014274318406572258
4239,0.007948705626136565
4240,0.37340550728372524
4241,0.9999137131665788
4242,1.472251896046439e-06
4243,0.0002493758983739218
4244,0.912966061510297
4245,0.15435664535925075
4246,0.0847223716507369
4247,0.002298461077518858
4248,9.481117725752757e-06
4249,0.8616147085692775
4250,0.32245005678716554
4251,0.21191968139261794
4252,2.7657366683806173e-06
4253,0.8784818485420575
4254,0.0004402246246776068
4255,0.058111362030123945
4256,0.21514426910991827
4257,6.0313363407091776e-05
4258,0.9623602814499721
4259,1.0853802814455606e-05
4260,0.9924176100278849
4261,0.022663655539046024
4262,0.7610235652222345
4263,0.9620673369172482
4264,0.00021251963655065777
4265,0.055855598408526184
4266,0.98911726826196
4267,6.060748308708295e-05
4268,0.9967043888305231
4269,0.013105412394133755
4270,0.004575732156831755
4271,0.0004658770631105791
4272,0.1502073975156947
4273,0.0012090246068796264
4274,0.00022643738792723928
4275,0.9836136809214432
4276,0.8302197652885962
4277,0.0077999207872307946
4278,0.0017610265121619807
4279,0.00146150230371029
4280,0.994369684776332
4281,0.005710394604331496
4282,0.48691790955659503
4283,7.461286325707446e-05
4284,4.603206695595099e-05
4285,0.5414443756366135
4286,0.3628781133457363
4287,0.9005827990711865
4288,0.4338014269505417
4289,9.34177859823669e-05
4290,0.0655725846046861
4291,0.004081113191038437
4292,0.007685631743664859
4293,0.8837063582364979
4294,0.9304459462442298
4295,0.6818850123083668
4296,0.11679590882470632
4297,0.999907622272972
4298,0.1489674253961278
4299,0.0030774079117363348
4300,0.33058410034336
4301,0.9999409030068978
4302,0.036530221392010793
4303,0.005059523886369665
4304,0.8340499795985069
4305,0.06157990932815809
4306,0.004138886313913692
4307,0.003556926798513802
4308,0.9964349720374996
4309,0.9962233533667089
4310,0.20993024236952051
4311,2.5622370981851003e-06
4312,0.996627512111047
4313,0.8201451877415332
4314,0.033600245825722845
4315,0.0008975903038481198
4316,0.7768492755646621
4317,0.8797981225329836
4318,0.7620276039435958
4319,7.33250800291784e-05
4320,0.9528496873863215
4321,4.081338314801647e-06
4322,0.017460229366408984
4323,0.029842968350413578
4324,0.8186256077613835
4325,0.1928747182199772
4326,0.00012898687339667157
4327,0.8715364655924869
4328,0.9719469445585003
4329,3.699679791429375e-07
4330,0.03608821455393654
4331,0.3014597453799925
4332,3.2047784457434103e-05
4333,0.0057173501085657245
4334,0.0006365354131658936
4335,0.12648445885498483
4336,0.005701404230933479
4337,0.05769956916664437
4338,0.0010244365015071898
4339,0.515920194602891
4340,0.004346421556975793
4341,0.0002904854739084579
4342,0.000856203907710812
4343,0.9457706434630858
4344,0.8550974834109848
4345,1.5502700684462134e-05
4346,7.723562487736968e-06
4347,0.1893853407257138
4348,0.9051519637049141
4349,7.265859214053125e-06
4350,6.554919103552174e-05
4351,0.011581713142397707
4352,0.9916354153285328
4353,0.0516195349352704
4354,0.18697622125104243
4355,0.016672542306168124
4356,0.996231348346264
4357,0.0016967410273569096
4358,0.8242604709420521
4359,0.002370637271487859
4360,0.9934489540890669
4361,0.6342701366825874
4362,0.8161848786766704
4363,0.23963849149582836
4364,0.9987350773067074
4365,0.12170840244623617
4366,0.30101477349290723
4367,0.9284763759182152
4368,3.056715568244087e-05
4369,0.18441362447966658
4370,0.3564165086957269
4371,0.4574904085120759
4372,0.9999190390810512
4373,0.0018723108079029941
4374,0.008527545074054777
4375,0.14916375511233773
4376,0.0008904475906187342
4377,0.31490605364929064
4378,0.9963480337113447
4379,0.9996372625854667
4380,0.013678073856578075
4381,0.8172592575807844
4382,0.07006708193025407
4383,0.45748883339347374
4384,0.9525000036195833
4385,0.05519433871959717
4386,0.005793339840401261
4387,7.600009639613638e-06
4388,0.012899079264277892
4389,0.0004635782642227359
4390,0.9870807021576132
4391,0.001521955354131479
4392,0.855983067141651
4393,0.008430144868336247
4394,0.7904061163998973
4395,6.713375038109099e-05
4396,0.053751897627798015
4397,0.0007947260632145366
4398,0.9996624701240397
4399,0.45083001745510265
4400,0.9812004908161645
4401,0.039687142727565836
4402,0.19442136273318741
4403,0.0006481681714576547
4404,0.011663690954527342
4405,0.014946103592958816
4406,0.006364087633386645
4407,0.000740304107794812
4408,0.7505860423441428
4409,0.005414246232383398
4410,0.00351260495516215
4411,0.006820290407270272
4412,0.0006615132839679552
4413,0.011451200503176554
4414,0.8034087809891295
4415,0.001538977140142158
4416,0.6301668157893535
4417,0.03678946613084955
4418,0.7360777472871441
4419,0.6376255799833704
4420,0.05390444485277424
4421,0.003242562516232452
4422,0.001033275687973278
4423,0.1240416153113392
4424,2.9526686353878417e-05
4425,0.2683219360635083
4426,0.02240580535194434
4427,6.082312424007981e-06
4428,0.0821007674983193
4429,0.07901664859785253
4430,0.0007489806174909104
4431,0.564061390281183
4432,0.0004660641926956251
4433,0.007316765080936939
4434,0.13887028592693104
4435,0.1093083132392167
4436,8.5370204716811e-05
4437,0.00016444879019298075
4438,0.00018696842047719937
4439,0.23152263207715482
4440,0.9351864885167984
4441,0.0068399425950078
4442,0.8314943394624964
4443,0.1509820777429305
4444,0.35632815094395054
4445,0.014421392287366785
4446,9.128715943265235e-05
4447,0.43063942734757643
4448,0.07035582242032634
4449,0.0008196852531405542
4450,0.2687072598157946
4451,0.9777197774339391
4452,0.9730561550631845
4453,0.00041689045471076774
4454,0.7612278159817345
4455,0.07471424788597665
4456,0.0004614106249898591
4457,0.9475523352756627
4458,0.01710779078092741
4459,0.7957729756633517
4460,0.9630339643592958
4461,0.9515685629503654
4462,0.0015234420598530776
4463,9.763481776519424e-07
4464,0.002754818886263841
4465,7.547519429047573e-06
4466,0.2436889947322572
4467,0.9998956905314857
4468,0.9915861152260479
4469,0.0718313422554648
4470,0.001208090093505257
4471,0.004287207741560436
4472,0.07501573109428174
4473,0.050371617533599755
4474,0.0007729553106597381
4475,0.9998179168865678
4476,0.1622270762220464
4477,0.4847307702181697
4478,0.7517298967095879
4479,0.8829674414332699
4480,0.0827050204007753
4481,0.1264035054625024
4482,0.005258988569894287
4483,0.9502923988129351
4484,0.5032567581119547
4485,0.009854246591544866
4486,0.9999926920532406
4487,0.7127790978165047
4488,0.2595191769579579
4489,4.251638805604061e-05
4490,0.06850811567513566
4491,0.008268345414606422
4492,0.00013912068444918782
4493,6.482431684089384e-07
4494,0.2053144256687363
4495,0.00033816625313732576
4496,0.04422601865373299
4497,0.0003427422850027136
4498,0.005067660924205462
4499,0.007381923620343505
4500,0.05456833194018933
4501,0.01151656694633611
4502,0.19513150600672838
4503,0.2552760914496472
4504,0.02209836433257862
4505,0.32328085473348506
4506,0.8873526415780894
4507,0.09876511867259911
4508,0.06149571890528744
4509,0.0007557482368825072
4510,0.45464149555265193
4511,0.6420704841586432
4512,0.4050524286830594
4513,0.001106919410553993
4514,0.00840130425622543
4515,0.17415558762958117
4516,0.9797008723162521
4517,0.07841804908367289
4518,0.9950492384737194
4519,0.007997009725227476
4520,0.6048915825249248
4521,0.7900024667827071
4522,0.005211959411075294
4523,0.9923186658769884
4524,0.7627148970446326
4525,0.9925205957904129
4526,0.21303199074237936
4527,0.012893821250714943
4528,0.00039100150372377355
4529,0.9939668802854238
4530,0.9350977715720616
4531,0.0005226404830915968
4532,0.0033545547365000906
4533,0.18296465568192155
4534,0.5835354531922072
4535,7.653490127233388e-06
4536,0.7043114097484701
4537,0.9355124904004738
4538,0.00023805989229144046
4539,0.3036474642179527
4540,0.7021909432653135
4541,1.3713907479453721e-06
4542,0.001934955775402918
4543,0.9907013326749553
4544,0.010717660483995807
4545,0.9577537643616346
4546,0.0007829211806006954
4547,0.0926610319868941
4548,0.9730329127145284
4549,0.8210147601359961
4550,0.5823764651667659
4551,0.430049012726766
4552,0.7479085428632875
4553,0.05369028882025412
4554,9.187777908319755e-05
4555,0.9928883721002325
4556,0.05209930241625167
4557,0.9457031441603855
4558,0.9611897987848746
4559,0.9594577786765821
4560,0.0019782066512524133
4561,0.00014244428189217018
4562,0.9707302522913557
4563,0.009649574515338613
4564,0.009779540592629414
4565,0.40245258814238555
4566,0.020970781265331327
4567,0.004985517111431702
4568,0.0005520505325363709
4569,0.0014128042501478212
4570,9.407451659116991e-08
4571,8.427252700114476e-06
4572,0.053852615661968105
4573,9.236566192585827e-05
4574,0.6220033074153383
4575,2.3177050132356482e-07
4576,0.07204212125707159
4577,0.2925615577965242
4578,0.00024464141483966704
4579,0.0028004614763747744
4580,0.0018239624483256539
4581,0.06255648885685004
4582,0.9945879006726466
4583,0.2816860301082495
4584,0.9867885666227807
4585,0.14719815157326102
4586,0.011438037779276636
4587,0.09025764117029099
4588,0.0025767720647217347
4589,0.00011873314740707837
4590,0.15001808971917985
4591,4.076509925195415e-05
4592,0.0024455699780698507
4593,0.010265433688423215
4594,0.9942686054476874
4595,6.871633153888502e-05
4596,0.0006916555879636056
4597,0.9811870351732689
4598,0.11534284137915243
4599,0.20342661666566345
4600,0.00216404775900834
4601,0.00026265385409020113
4602,0.0001852177221897158
4603,0.9969269362880147
4604,0.00015072577485065528
4605,0.15308429289691342
4606,0.1775657742603749
4607,0.04146130000242891
4608,0.9893797810545705
4609,0.016375396857877894
4610,0.9476194780931535
4611,0.9251179013913315
4612,0.02216187309685115
4613,0.3643255055081152
4614,0.8637079834886474
4615,0.9948642466782218
4616,0.023881040998630036
4617,0.05947132987034203
4618,0.9959355047531971
4619,0.6912271605786908
4620,0.9843792812610488
4621,0.00020389903948429735
4622,0.7084230616428259
4623,0.01454368942892767
4624,0.5686096724175671
4625,0.014041935013600794
4626,0.00023612685603195422
4627,0.01978740028889984
4628,0.9953563530295705
4629,0.7095620037365107
4630,0.6088496327105404
4631,0.999963447203838
4632,5.942560823657028e-05
4633,0.8193082428334264
4634,0.011142227597198495
4635,0.00454443658467964
4636,0.007727219635621204
4637,0.9746266953259762
4638,0.01104765780615799
4639,0.007573061141648136
4640,0.48884719511668834
4641,0.4297250643225832
4642,0.9815676186960322
4643,0.9999960810374073
4644,0.9999541580588914
4645,0.0008705126526500861
4646,0.9266287797737496
4647,0.0017030113158890406
4648,0.002605717264638044
4649,0.05494670873800311
4650,0.0005091268775601911
4651,0.504538420695777
4652,0.0037767544035494276
4653,0.5575214066431675
4654,0.057487798362392956
4655,0.017737918115680602
4656,0.9349889849962854
4657,0.9921676684134194
4658,0.00019073920380148666
4659,0.9525498255877521
4660,0.11800436597615623
4661,0.13170532837641666
4662,0.007939488827823797
4663,0.04929673884677709
4664,0.16803263832384688
4665,4.177652051915974e-05
4666,0.36625866854437156
4667,0.0007156719621489959
4668,0.009657797710415932
4669,9.199142962479475e-05
4670,0.2673589013612853
4671,0.9992243198439174
4672,0.002951499644667131
4673,0.000655757103615467
4674,0.5375207740380796
4675,0.9702092875314375
4676,0.000378638169959804
4677,9.25096461098926e-05
4678,0.008756148834812929
4679,0.9992472219112957
4680,0.7524069660466212
4681,0.0019221113767256223
4682,0.004531562789148332
4683,0.7553859763108877
4684,0.00026944419113626174
4685,0.5967332307868973
4686,0.4272772371726114
4687,0.00024761149482662825
4688,0.12391271647573901
4689,0.38543188288686925
4690,2.5765568414868645e-05
4691,0.027256565289536624
4692,9.758955508500297e-06
4693,0.9970769028957011
4694,0.003937007512201552
4695,0.7555921946132309
4696,0.9462789142797381
4697,0.00033344150009091656
4698,0.9988435807735249
4699,0.015468760913883918
4700,0.5220353564276466
4701,0.2680284506757453
4702,4.6593313022405935e-05
4703,0.14888463629090629
4704,0.004129220007590461
4705,0.0002827350636667208
4706,0.2798159188105649
4707,0.0005911869664983531
4708,0.023067105759123872
4709,0.9870701084874555
4710,0.008126514489368358
4711,0.9837803878613486
4712,0.38704946066057827
4713,0.031431290331258396
4714,0.00033161660488719113
4715,0.2893001225490688
4716,0.0007178454225258486
4717,0.049438935128720586
4718,0.9936591535251369
4719,1.0294909583777708e-05
4720,0.04425975691917036
4721,0.08277575146403807
4722,0.9839202928568347
4723,0.9949668359803914
4724,0.001558299502283507
4725,2.9750706888934003e-05
4726,0.121255418260216
4727,0.23387391236161448
4728,0.09157834702202902
4729,8.70754572757002e-07
4730,2.078725110734004e-06
4731,9.462669934760162e-05
4732,0.4404167707186811
4733,0.9588548522587185
4734,0.0067795561306541055
4735,0.0005026010229069305
4736,0.28558099860665354
4737,0.008937613391117998
4738,0.8444555992457071
4739,0.0891442766447821
4740,0.9999789787028276
4741,0.0004873598529316853
4742,0.9884891403983399
4743,0.013335193241387778
4744,4.305471915666167e-05
4745,0.13163680102263783
4746,0.7655745310198473
4747,0.11024620697099462
4748,0.007147275497141141
4749,0.031209502089196393
4750,0.7807522890834719
4751,0.9999929031258987
4752,0.0018797873800709287
4753,0.6030636241060592
4754,0.6329755004913912
4755,0.21515437116426067
4756,0.0775334889556714
4757,0.12409348240926284
4758,0.15949289753108112
4759,0.01811742183827705
4760,0.9584844909187656
4761,0.7317655424645706
4762,0.014260966702439115
4763,0.0024754003028908816
4764,0.00036199984307265016
4765,0.3083632508467432
4766,0.05175863557093301
4767,0.5993346976215583
4768,0.9260360811861817
4769,0.0008550268040969195
4770,1.317302421997293e-05
4771,9.453675570590137e-05
4772,0.0026261143749688044
4773,0.00015826305598943202
4774,0.9796578589035684
4775,1.0338960283180246e-05
4776,2.8296731591217536e-05
4777,0.002271764875388312
4778,2.74830151211593e-05
4779,0.9942133379410675
4780,0.9996908988133756
4781,0.39771317226498937
4782,0.9988842486854451
4783,0.7164100990964671
4784,0.4244729673308179
4785,0.12501289459068515
4786,0.0004308364451003736
4787,0.795386158176538
4788,0.0040250513306552774
4789,0.003658237400269
4790,0.0010259895545190667
4791,9.625623178001193e-05
4792,0.9944337959293504
4793,0.9995913704025681
4794,0.017955968900563436
4795,1.4156918220321736e-05
4796,0.9999201491681726
4797,2.5340335247480286e-06
4798,0.9429070166623759
4799,0.6639284211438808
4800,0.5467448777323777
4801,0.5136156658946782
4802,0.00018049440154241042
4803,0.0024142978225865485
4804,0.005480702458613198
4805,8.003822502054325e-07
4806,0.012884833922078415
4807,0.923528903400238
4808,0.07239736389360978
4809,0.44788870914844936
4810,0.0003574729695777821
4811,0.45537315664171174
4812,0.07288798309159425
4813,0.9979434892300344
4814,0.9914636597213007
4815,0.7713278030842196
4816,0.10354911177867042
4817,0.005501332758657926
4818,0.013218258150496051
4819,0.00011620452085232609
4820,0.9998356355768206
4821,0.8303996652879967
4822,0.002311863568714228
4823,0.7632570857869666
4824,0.9440250498766614
4825,0.02834815506886284
4826,0.006685819283038075
4827,0.07877479028580087
4828,0.0017703302767322344
4829,0.059303107274802445
4830,0.0018772858555764884
4831,0.0022757802497201385
4832,0.9718895533431784
4833,0.20976604820220712
4834,0.000206213507765234
4835,0.010400487788666278
4836,1.5829318184989072e-05
4837,0.007675784191954105
4838,5.064345519440873e-05
4839,1.3635421085285729e-05
4840,0.9991830502161526
4841,0.9997958066118431
4842,0.9837690776002267
4843,0.01831386750409578
4844,0.8270455680596728
4845,0.4762119790515675
4846,0.005109576295488403
4847,0.9806435844071539
4848,0.2450764995650044
4849,0.0010939228034642587
4850,0.08128179712100081
4851,0.9980433212561878
4852,0.9529069793782939
4853,0.9562345059308006
4854,0.020841475874822827
4855,0.09009264734404045
4856,0.8551990965891223
4857,0.0077387679827995775
4858,0.37547647372735216
4859,0.1407912483248614
4860,0.17036300745818866
4861,0.10624315515900803
4862,0.032130869810588415
4863,0.005114247137162772
4864,0.4024730512742599
4865,0.09182208169942073
4866,0.0011842187737643127
4867,0.15853955851179494
4868,0.31063045933015265
4869,0.021899972118780437
4870,0.12874733243060602
4871,0.2038951862154737
4872,0.23228447976911865
4873,0.738031551753789
4874,0.9999586865067954
4875,0.002410890493151157
4876,9.234741580928443e-05
4877,0.011771946245178303
4878,0.7219882470790255
4879,0.24997815685014937
4880,0.9957842746704184
4881,0.9884418898507696
4882,0.00029281618353302927
4883,0.0013231211214619616
4884,0.018010816432564598
4885,0.8999433523609642
4886,0.9995614139298816
4887,0.0047090383395586004
4888,0.040020191645258045
4889,1.8043588790050136e-06
4890,0.00934065206976917
4891,0.8984503175637656
4892,0.9913671298186167
4893,0.050133865929207884
4894,0.002530482552643539
4895,0.0003536567531463302
4896,0.36686201701170407
4897,0.962411766677555
4898,0.15930080736004093
4899,0.920155743806888
4900,6.481577319637758e-05
4901,0.43495677782067454
4902,0.3635757458904715
4903,0.12191309129632791
4904,0.039841666511390046
4905,0.43992910256456025
4906,0.00010742824576602289
4907,0.22516946845711153
4908,0.26353825362378025
4909,0.3349225516748609
4910,0.9983152711486062
4911,0.020535274577375032
4912,5.9275655563424764e-05
4913,0.004579113484543779
4914,0.023384117693438327
4915,0.9979049381864141
4916,0.33123776620637085
4917,0.8198760344555205
4918,0.9594161576664773
4919,0.9903204744888131
4920,0.0008699229790104058
4921,0.82604419382617
4922,0.9962610630018388
4923,3.7924466106069124e-05
4924,0.600451716510824
4925,0.9397829050302683
4926,0.0011983218965772745
4927,0.9648534468359496
4928,0.9965991012813493
4929,0.26228592196015477
4930,0.9729766816647698
4931,0.023007889578530855
4932,0.9729746061223613
4933,0.9999594570191854
4934,0.3675787764055512
4935,0.1325806071781697
4936,0.015658521113792106
4937,0.3722393086328373
4938,0.0031689606861458348
4939,0.9999642720118204
4940,0.22270725128043015
4941,2.9382430435112077e-05
4942,0.35985758483096675
4943,0.00024482128085299987
4944,0.0837703604974711
4945,0.8490411370593517
4946,0.14976938724913919
4947,0.44274847893230107
4948,0.5394188165308222
4949,0.9268561063315276
4950,0.3998740678676199
4951,5.403188107620093e-05
4952,0.2079255840529034
4953,0.023637248621243237
4954,0.8825790666462909
4955,0.9068309457844019
4956,0.00027235521592333493
4957,0.6045460999468946
4958,0.9750185870983542
4959,0.0037013689172752957
4960,0.00091313939007179
4961,0.9418449535546439
4962,0.32914435473249204
4963,0.5118098321367301
4964,0.6704039915741811
4965,0.00043792671942213454
4966,0.0002892473266783071
4967,0.976971910985006
4968,1.8348360014512072e-05
4969,0.6147923093899426
4970,0.9951386703761852
4971,0.14242643054433807
4972,0.028165910592890163
4973,9.322446646188892e-06
4974,0.003445755669178015
4975,0.9505390724437964
4976,0.19085701731847038
4977,0.4993491289028677
4978,0.058467535467707846
4979,0.6167434113335447
4980,0.8535616892754759
4981,0.002283814228801202
4982,0.8493066423272658
4983,0.06737549243768408
4984,0.4208602687401557
4985,0.8998081951215638
4986,0.9848634405314469
4987,0.9942531616722651
4988,3.13554524912282e-05
4989,0.0008656947057074023
4990,0.0008665005635211733
4991,0.9950395220573266
4992,5.9132268074711696e-05
4993,0.03934154693744807
4994,0.12231940667872482
4995,0.00028403169560370763
4996,0.9813552602303152
4997,0.12139264044617272
4998,0.41865180887343667
4999,0.3821074314053177
5000,0.026675679299223824
5001,0.0017225920614017654
5002,0.916362799637413
5003,0.9590615168252885
5004,0.06453972487005986
5005,0.637852596960085
5006,0.00025774183517242533
5007,0.9615117226079429
5008,0.8879151910831269
5009,0.003150684610289298
5010,0.00018987286674972072
5011,0.8157811980998014
5012,0.1700477214372314
5013,7.961470425988327e-06
5014,0.10186162130600551
5015,0.5323517843996064
5016,0.9808025105719732
5017,0.8727523855119813
5018,0.9957445242691478
5019,0.862569760849728
5020,0.0005192851831198326
5021,0.08662201046855243
5022,0.009036952507702624
5023,0.004104496669559016
5024,0.07736868014503706
5025,0.00019240562654000614
5026,0.0007801471262256735
5027,0.479088150905922
5028,0.9993400216409583
5029,0.8710491813141708
5030,0.0006230707056060892
5031,0.017624061208702163
5032,0.006947971601698505
5033,0.9883245245709713
5034,0.8673276308363996
5035,0.05576128610991201
5036,0.0036500892452387334
5037,0.0023734302826550107
5038,7.821428170397995e-05
5039,0.6249861444547604
5040,0.8109562117413458
5041,0.8242515184346658
5042,0.9247941188906265
5043,9.563153348943924e-05
5044,0.0016001031755000293
5045,0.009668757805961619
5046,0.00010983335807642798
5047,0.0005974368032992252
5048,0.5575351723512272
5049,0.0011962472532012533
5050,0.42005422216471766
5051,0.665226606609516
5052,2.460848091449801e-05
5053,0.3235365625365054
5054,0.05535392872675244
5055,0.006166273513896293
5056,0.9685404837455477
5057,0.9677440947356781
5058,0.9324937201021654
5059,0.0023242974379871196
5060,0.17198742672213044
5061,0.021947769804744357
5062,0.009005139940945261
5063,1.3436550413235602e-05
5064,0.0016343868842206217
5065,0.3814975066730171
5066,0.005515873064362989
5067,0.0012078663483846678
5068,0.9873675346708353
5069,0.4769477412330883
5070,0.763109572176188
5071,0.06195508487372114
5072,1.6171586194186265e-05
5073,0.06732747690908486
5074,0.00017574533345649738
5075,0.8723854524025971
5076,0.8465135930460574
5077,0.0014361913136838175
5078,0.5167168459609025
5079,0.9865514826667524
5080,0.013367067022424748
5081,0.00011837132803536152
5082,0.00607495709439879
5083,0.03541247091464137
5084,8.974375641372069e-05
5085,0.9781986856727733
5086,0.9999519223093832
5087,0.0018290148168192794
5088,0.00047045596609465246
5089,0.4950526824740762
5090,0.1041591324141127
5091,0.04488938794312437
5092,0.9991149235019703
5093,0.9990104216634625
5094,0.04294800778335505
5095,0.0015711576189026987
5096,0.002671810178690191
5097,0.004594896250290934
5098,0.4291254253528001
5099,0.00027407653441603714
5100,0.01582314915597399
5101,0.5673318901151976
5102,0.5295054481284677
5103,0.0016617389152640038
5104,9.816915999572736e-05
5105,0.008904004728623216
5106,0.9983580535794312
5107,0.9754402900759119
5108,0.9234138048045634
5109,0.9326496026595884
5110,0.008046402550080163
5111,0.9999912122411194
5112,0.8884351785942859
5113,0.3696618928306149
5114,0.9044025907032572
5115,0.9550891807200738
5116,0.9999889572435583
5117,0.9869957835809314
5118,0.027350604469399582
5119,0.1153465035386535
5120,0.9996843680883992
5121,0.00023517249649479885
5122,0.0006345304119607238
5123,0.9450373466817842
5124,0.00016539993906173237
5125,0.9773973985127955
5126,0.1413941484958648
5127,0.8825723422495358
5128,0.06984733093032472
5129,0.8552738889904973
5130,0.0011106368222228633
5131,0.015761145517956838
5132,0.0034201275056767117
5133,0.1854117837171361
5134,0.9383428381023414
5135,0.3520376007943969
5136,0.0013604923544921202
5137,0.08283352794626354
5138,0.021266891795684195
5139,0.2948480829973193
5140,0.18046037907830698
5141,0.7822522646447674
5142,0.2136091055549348
5143,7.981968581733058e-06
5144,0.006910473053940926
5145,0.00042640103062100587
5146,0.0008057263840745407
5147,1.006760399665634e-05
5148,1.9950950861605406e-05
5149,6.602138287099531e-06
5150,0.15361883671384904
5151,0.8075390700213466
5152,0.10812739106797321
5153,0.0036541560418772733
5154,0.999583203434947
5155,0.25004720577925077
5156,2.784301163339115e-07
5157,6.981708883626029e-05
5158,0.01692377975784264
5159,0.8060408965927072
5160,0.3538727656324775
5161,0.27382027590567154
5162,0.03234524510670215
5163,0.04270000638473078
5164,0.03626750879255303
5165,0.00964181896349212
5166,0.36347448485439343
5167,0.00119512713132747
5168,0.07209556360343279
5169,0.020991519262230734
5170,0.6176514542050787
5171,0.9510354829939849
5172,0.7363446834724112
5173,0.002488765203113791
5174,7.863754087558477e-05
5175,0.9999259456781986
5176,0.4290421165366025
5177,0.9309592160385071
5178,0.8970666694149668
5179,7.15542771773834e-05
5180,0.014527185818695658
5181,0.5052954162819685
5182,0.3360813388261798
5183,0.011355744830534599
5184,0.0018510403948248603
5185,0.00017585317588821752
5186,0.0002570897863626605
5187,0.11356350695422932
5188,0.998761651105262
5189,0.003863866538104944
5190,0.007876238821425428
5191,0.6075590074595734
5192,0.13598358535442953
5193,0.027595102901928684
5194,0.96613701469943
5195,0.7177346337591545
5196,0.004801450602130926
5197,0.6733323332320386
5198,0.011169847002955195
5199,0.05143510511975639
5200,0.0020808138863028115
5201,0.037092283174607985
5202,4.610735629906245e-06
5203,0.0004725072867527807
5204,0.8777795934793619
5205,3.861744043184357e-05
5206,0.2777885245060366
5207,0.8905799631227589
5208,0.0001032402548527737
5209,0.9867161706656787
5210,0.5473262714892739
5211,0.991001977324701
5212,0.001126902111025804
5213,0.9242926485612891
5214,4.147200123163183e-05
5215,0.9119515757854969
5216,0.8451762876519863
5217,0.0016616057663753874
5218,0.971385589952855
5219,0.003323328862040612
5220,0.9998864968776301
5221,0.0127441668944882
5222,0.0574912673712314
5223,0.21697029075626176
5224,0.8895618625237196
5225,5.637173829643767e-07
5226,0.9999900528434312
5227,0.9509052569443855
5228,0.9550637486329094
5229,0.9989789939378384
5230,0.000574034862085092
5231,0.8398470859450482
5232,0.976853986977466
5233,0.01415937770070514
5234,0.0037767603195397515
5235,0.01679031381595405
5236,9.504586051196338e-05
5237,0.047697351042553016
5238,4.088059040980467e-06
5239,0.00025160376284027514
5240,0.524098589427114
5241,0.007343328159812495
5242,0.014117493631975729
5243,0.004500053271637145
5244,0.9925335118724213
5245,0.39652663011795547
5246,0.20734440116178227
5247,0.018480175175751734
5248,0.1746263753511727
5249,0.14725585193332605
5250,0.5593796909287921
5251,0.0015942776998424486
5252,0.7589484147493548
5253,0.07054828845169846
5254,0.11510778939631962
5255,0.12407336013187105
5256,0.0005448506760755289
5257,0.3336751569578056
5258,0.9527498824075704
5259,0.8232424363866363
5260,0.028072389690599754
5261,0.0030294297999972812
5262,0.2600755630551741
5263,1.0112908511021629e-06
5264,0.671630521430194
5265,0.03734966479920892
5266,0.9833775711608332
5267,0.00154658729376841
5268,0.0008247887660933745
5269,0.0020783965817263578
5270,0.40223107979254963
5271,0.002671378645747058
5272,0.9852036690595706
5273,0.0013621542245095338
5274,0.8474415464471771
5275,0.9928516700085992
5276,0.4009282638263313
5277,0.0006593884392028729
5278,0.07567521330315502
5279,0.01624880053308976
5280,0.00019102441891820604
5281,3.1047770798381496e-06
5282,0.9941858396687504
5283,0.022832015424823972
5284,0.7906241807966924
5285,0.001038896470837134
5286,0.0030242906591819076
5287,0.007890366046005326
5288,0.05977776349743136
5289,0.0022569643189620315
5290,4.197370049980558e-06
5291,0.9999255215534354
5292,0.3081489040493046
5293,0.1073481516130061
5294,0.9551142865048845
5295,0.014819776075587212
5296,0.43676113642168574
5297,7.318838927094952e-05
5298,0.7818837154241665
5299,1.9698877932606656e-05
5300,0.010319350530037743
5301,0.025181804286946673
5302,0.033679071102361825
5303,0.4204582630256293
5304,0.04664858377693509
5305,0.04989061659161352
5306,0.06413275785936068
5307,0.9771642294350887
5308,0.0019762929383888217
5309,0.0019765735590876413
5310,0.00011164110027616268
5311,0.9775386934627196
5312,0.9548559855213358
5313,0.11997013977422724
5314,0.9953284621470877
5315,0.308615775750748
5316,0.009216028901855956
5317,0.0013584214278173651
5318,2.5852038514060743e-06
5319,0.7986984787623261
5320,0.005926987867396032
5321,0.000178904472515363
5322,0.10117258865338583
5323,0.03273147282599115
5324,0.9759626556429877
5325,0.32095359462076334
5326,0.00027899430460024224
5327,6.038735395295146e-05
5328,0.0006567927943948591
5329,0.9881528115302888
5330,0.0008960167215317711
5331,0.008358772799092034
5332,0.003944838803408957
5333,0.43922740937178395
5334,0.9861381037751316
5335,0.5123551881233738
5336,6.591655193166721e-05
5337,0.7419980597253106
5338,0.17528663457769975
5339,0.055583648104349945
5340,1.5498926327966572e-05
5341,0.004539148589586529
5342,0.9895214559547235
5343,0.1525741174534989
5344,0.5648829365784103
5345,0.2937506054380696
5346,0.7464792541559814
5347,0.971023157483454
5348,0.0022293183791347575
5349,4.911389358343955e-06
5350,0.8772409367101904
5351,0.9999779553710899
5352,0.9421838525383551
5353,0.0002689550267491121
5354,0.8318767312223063
5355,0.964913457059515
5356,0.777171455518464
5357,0.09653876522974429
5358,0.9968286151407917
5359,0.002514443410361024
5360,0.010555073025709101
5361,0.6384046327931227
5362,0.5833678974984629
5363,0.2613350726284164
5364,0.0006016239972186673
5365,0.9984861844415387
5366,0.4246379769564969
5367,7.829014889568591e-05
5368,0.42643119025851434
5369,0.7663720959214834
5370,0.0318370937719472
5371,0.0003174738441803652
5372,0.05219430683093279
5373,0.6145973161639718
5374,1.6702772664698272e-05
5375,0.08883376551852777
5376,0.0006758427617709467
5377,9.98676440172416e-05
5378,1.0637980089604001e-05
5379,8.374396185283439e-05
5380,0.8194959232396903
5381,0.07105771292596025
5382,0.009711191242107226
5383,0.625372438572025
5384,0.11606096000426062
5385,0.000633044639359794
5386,0.15334262873081048
5387,0.21731074238594458
5388,0.00010610701153006979
5389,0.9990681047851332
5390,0.9399064209596322
5391,1.5712560745355017e-07
5392,6.039528043242535e-05
5393,0.9995891977390822
5394,5.432541065209797e-05
5395,0.8193401214546642
5396,1.1829931125586705e-06
5397,0.004351906513596875
5398,0.7092471019738598
5399,0.09103273581999823
5400,0.015413695957441359
5401,0.005894117890324404
5402,2.9313213138760797e-05
5403,0.00028029312327911357
5404,0.012693983899651703
5405,0.011085994079217256
5406,0.9440003664338196
5407,0.7126312958212077
5408,0.07137561661753515
5409,6.360809131964271e-06
5410,0.036111868102425115
5411,0.1316825825645124
5412,0.9805117711744715
5413,0.25796410535848746
5414,0.0035027436960110058
5415,0.9999702797869136
5416,0.10026828808402181
5417,0.07224537624222191
5418,0.07044385550461493
5419,0.3076936750677086
5420,0.002294162704712419
5421,0.029507204342447035
5422,0.00022270627887250355
5423,0.903453389564906
5424,0.9574879487548327
5425,0.846783532018655
5426,0.0006189836618920566
5427,0.00012969375608807668
5428,0.00515299419809627
5429,0.000642258175230674
5430,0.850916265434045
5431,0.6092685911836199
5432,0.831321776164149
5433,0.35716424306054034
5434,0.9975246339182748
5435,0.5816064196989426
5436,0.995905248744992
5437,0.13572636214827186
5438,0.9979500647320739
5439,0.015557742408883484
5440,0.9502476365732573
5441,0.0006569932416103224
5442,0.1113325219135756
5443,0.020926472874110594
5444,8.838000844552594e-05
5445,0.5602079640647483
5446,0.3433132769820312
5447,0.023514640339599824
5448,0.0019256438791680419
5449,0.022097108489998598
5450,0.06093939977619749
5451,0.00012123187030667566
5452,0.9974979508676001
5453,0.2620375544427736
5454,0.022263346052299945
5455,0.8894418716038724
5456,2.3039705991277608e-08
5457,0.24310542143705013
5458,9.76204087563797e-05
5459,0.9781779198726736
5460,0.9935116217708703
5461,0.0012408999485542626
5462,0.0188035316667508
5463,0.022340917343971478
5464,0.0001621729870393262
5465,0.2507558619602521
5466,0.7760826673649066
5467,0.9998093132648662
5468,7.144415340286245e-05
5469,0.2245749180817247
5470,0.9999640909663386
5471,0.2793685050451596
5472,9.072422062037506e-05
5473,0.00014999797650274633
5474,0.34903773216839157
5475,0.0027173830097373115
5476,0.02285217041380968
5477,0.41834437055205514
5478,0.5790855988066647
5479,0.982495055003156
5480,0.047545419306770816
5481,0.0005849026731019779
5482,4.906301027478264e-07
5483,0.8115829403230725
5484,0.7701939238815669
5485,0.9582231489355251
5486,0.14231411182678966
5487,0.12169339104031815
5488,4.0218235792767276e-05
5489,0.3727447385202506
5490,0.01370811111759361
5491,0.06902851701974623
5492,0.006858518487862786
5493,3.296037954327384e-05
5494,0.8047629897420553
5495,0.23459974987946652
5496,0.028272356563462928
5497,0.542453210931204
5498,0.14102892858500776
5499,2.114089876862029e-05
5500,1.0007554722062316e-06
5501,0.06600969475988108
5502,0.2858234593807911
5503,0.03480785091407181
5504,0.9953529583714302
5505,0.9949030235691514
5506,0.4773921518171775
5507,0.002324468724297516
5508,0.13562681560776227
5509,0.9874799951204505
5510,4.120164064538048e-05
5511,0.9999534918938997
5512,4.838713337088006e-06
5513,0.00010276970341454111
5514,0.024444270214517717
5515,0.0012812300737654453
5516,0.0029199531252796685
5517,0.8795391881617242
5518,0.05319220044699726
5519,0.020969086514060556
5520,0.008787256442046417
5521,0.9998211900605412
5522,0.9558354716275426
5523,0.26178761903627057
5524,0.993374821985164
5525,0.20295344091790357
5526,0.030275522369244464
5527,0.7847985017700201
5528,0.00028061272448954904
5529,0.0006114540746613825
5530,0.33570381628525403
5531,0.01802966658529709
5532,0.0013152931785372325
5533,0.039723328753560924
5534,0.4465608771526738
5535,0.008824505519015358
5536,0.001023918690745746
5537,0.0023062811609897726
5538,0.0007727637142458593
5539,0.0077267750691569475
5540,0.9445841021565906
5541,0.00036146981160894466
5542,0.9861898336197685
5543,0.00013229873812008874
5544,1.0099242262221432e-05
5545,0.9985794619837506
5546,0.7408070894232
5547,0.0025936889599458713
5548,0.00047772290017285404
5549,0.9963226546235285
5550,0.3339631210723363
5551,0.0028676242436322065
5552,0.4956890175696263
5553,0.05024854331960949
5554,0.7514925660847752
5555,0.6232898413811024
5556,0.08998859260957683
5557,0.1398513361775869
5558,0.994592606207118
5559,0.0007833146864631011
5560,0.9728261289469422
5561,0.5289942543885693
5562,0.0015445431086026661
5563,0.004480603786871503
5564,1.2148743058222936e-05
5565,0.9996703230074868
5566,0.5487329521371952
5567,0.020937587704375225
5568,0.43703298118910405
5569,0.8350993036184199
5570,0.9974987400539103
5571,0.0003968321476141668
5572,1.1492276035424823e-05
5573,0.09066946877194339
5574,0.9589823726266121
5575,0.8492406089891567
5576,0.0011314567412230418
5577,0.9183322393868373
5578,0.08119586551294007
5579,0.9574018065226415
5580,0.9999920654394908
5581,0.06112688499474738
5582,1.85615867065213e-06
5583,2.8611157733482133e-05
5584,0.8828254198366103
5585,5.074559155631665e-06
5586,0.6603830017095333
5587,0.945334790395505
5588,0.40621401431312304
5589,0.027042299622812925
5590,0.5281563332656664
5591,5.422301564248972e-05
5592,0.5514934026912185
5593,0.00012429281849786806
5594,0.846742418614808
5595,0.00031787127440062197
5596,0.9846407529559088
5597,0.9715494835309516
5598,0.0026835411357308487
5599,0.07849760445478489
5600,0.9719502863844435
5601,0.07345159746444484
5602,0.11277792544049925
5603,0.9215906532836787
5604,1.947003203275721e-05
5605,0.10774471359976269
5606,0.020936782570938523
5607,5.1789974339601044e-06
5608,0.004506736685761427
5609,0.9873352344958976
5610,0.003781114203950083
5611,0.01067719964383153
5612,0.1690079260780934
5613,0.0010722809983652716
5614,0.39379151370310067
5615,0.0004314577842407382
5616,0.0016699999964261943
5617,0.7638630017139216
5618,0.9999016068811487
5619,0.0014513442761467492
5620,0.0001811698885277947
5621,0.2625668145857256
5622,0.03271877429192163
5623,1.4840093709972049e-05
5624,0.02264555633110662
5625,0.7721815866804975
5626,0.05072731713328785
5627,0.999976795507275
5628,0.0724832932369326
5629,0.017560432312197033
5630,0.9982032471912828
5631,0.5232054592691545
5632,0.0016332794269400472
5633,2.938443332576108e-06
5634,0.27195291972230146
5635,0.2953450738733847
5636,0.0007075350071843758
5637,0.003782121288002988
5638,0.9068700984415073
5639,0.00018015816729338572
5640,0.0006308259148447643
5641,0.18460064909376075
5642,0.002957497869001467
5643,0.908815847172584
5644,0.3818851181639169
5645,6.915486686580206e-05
5646,0.8392573260094816
5647,0.18075703480583705
5648,0.0005820494081630499
5649,0.08187192557029743
5650,3.758857698555688e-07
5651,0.048859054115382876
5652,0.0010495972749176858
5653,0.005741706759584549
5654,2.3363152374224986e-05
5655,0.9174973401178278
5656,0.5673665348026046
5657,0.2160296060944585
5658,0.9841919068828631
5659,0.19957911898161332
5660,0.016709679027982954
5661,0.9328493276256435
5662,0.00018738710979487056
5663,0.21944719917265593
5664,0.0040664195023938235
5665,0.9710836330375849
5666,0.09259756777703866
5667,0.9952575669384663
5668,0.9997635833405016
5669,0.3943305764257959
5670,0.3782602871421542
5671,0.2953259650160237
5672,0.0852097062522607
5673,0.10259337850342419
5674,0.9849340010743604
5675,0.3887625546568
5676,0.9997053621105386
5677,0.9722879863766812
5678,0.11172870701386828
5679,0.9993662620231776
5680,0.0016336394768575104
5681,0.034483481092975
5682,0.3569929251745385
5683,0.5997835837600204
5684,0.0010368228412668999
5685,0.4871449779871614
5686,0.0019198846222401066
5687,0.05187732101777731
5688,0.0005554603528539543
5689,0.0034982332584447004
5690,0.004174931052179587
5691,1.0484874111585648e-05
5692,0.0010724006102759058
5693,0.0018803697004099878
5694,0.01507348501242845
5695,0.8085856042195618
5696,0.0015226323810886109
5697,0.9827239902653095
5698,1.3715389579424743e-05
5699,0.7998314246506391
5700,0.05147970830379533
5701,0.9880768266042033
5702,0.005407165186364386
5703,0.052532586310965385
5704,0.962193973228051
5705,0.8938737633397361
5706,0.058306062395804326
5707,0.021597738482462832
5708,0.0003630284120233391
5709,0.9458275422323404
5710,0.9809122427413425
5711,0.04364821901810956
5712,0.021429097510877827
5713,0.194349958869485
5714,0.47452954221454846
5715,0.10483594163203744
5716,0.00025158547289110607
5717,0.9839481279047926
5718,0.06886784885039837
5719,7.682885382116011e-05
5720,0.6176262319565625
5721,0.02168485772967215
5722,0.9988934934193131
5723,0.34274322786067485
5724,0.004743476425037746
5725,0.007210744583541245
5726,0.5700810567216288
5727,0.06855670196967611
5728,0.011600178386990274
5729,0.0009461240884517205
5730,0.863889354530684
5731,0.9965924199079742
5732,0.00044984706403408903
5733,0.10868124706823908
5734,0.9999537394329708
5735,0.32572084027369597
5736,0.0003519312174386004
5737,0.38372306141914575
5738,0.49493458474579655
5739,0.0001339398714048255
5740,0.2938209093665035
5741,0.015537721587513816
5742,0.4789998867685065
5743,0.7688898293539915
5744,0.001846381967363615
5745,0.002086717694453405
5746,0.21492985578886778
5747,0.07340034606469925
5748,0.15115070439540937
5749,0.35525980532239476
5750,0.9973939962831659
5751,1.998533653170989e-06
5752,0.0578021091109912
5753,0.0008315160721141701
5754,0.0008668447749510449
5755,0.0008458843490288243
5756,8.974007956397221e-05
5757,0.30331379316385226
5758,0.9845601600087523
5759,0.25774495201149344
5760,0.001456408301214038
5761,0.003161613182703831
5762,0.5269460521874738
5763,0.9940014113046685
5764,0.0008619627244228294
5765,0.9154619061951002
5766,0.9526706286776101
5767,0.019550793867868232
5768,0.7318672810536592
5769,0.00015207865855027057
5770,0.002647880331087107
5771,0.9997615006844153
5772,0.7896355968812555
5773,0.036633442718038915
5774,0.9999833945409284
5775,0.332459713724519
5776,0.9699681810700976
5777,1.1470185301327481e-05
5778,0.00040926510463289547
5779,0.0008026847517112288
5780,0.0005438900242964379
5781,0.28538030471667963
5782,0.0011842059394995008
5783,0.03742458197275672
5784,0.9105460694208009
5785,0.858957733735641
5786,2.7435845558054375e-05
5787,0.025659367817360352
5788,0.9998992418251119
5789,0.0021551920035920093
5790,0.9923398245127484
5791,0.9998389909682895
5792,0.0035451914111501383
5793,0.05130097941334042
5794,0.7170055601005181
5795,0.024867578773099808
5796,0.04415379054206823
5797,0.41844757235436053
5798,0.9995854847977335
5799,0.026500559221945993
5800,0.7206825731981836
5801,0.023089558794743642
5802,0.9477712752328705
5803,0.00015266014377343637
5804,0.0528161945996645
5805,6.46243903187486e-06
5806,0.9964074016315758
5807,0.019946521099009167
5808,0.999930758067467
5809,0.0005633139724427981
5810,0.02288017250010794
5811,0.9697966177738051
5812,0.995738174233142
5813,0.647228356887307
5814,0.23681947813258303
5815,0.9950738026151825
5816,0.99998060780021
5817,0.9896586498962596
5818,0.008029052438752017
5819,0.9999750031121325
5820,0.06643771364101289
5821,0.00856002892511015
5822,0.9999940281172929
5823,0.000590613233402188
5824,0.9086917444362315
5825,0.027233409960823244
5826,0.018733026518464677
5827,0.04412774920048305
5828,0.9949133935588609
5829,0.6893386535486726
5830,0.3303608331141672
5831,0.1496895958236178
5832,0.7914233185858575
5833,0.9215643921072443
5834,0.00021796452685206267
5835,0.9989291812937743
5836,0.04090618436358245
5837,0.9923106397292899
5838,2.1470693536762693e-05
5839,0.0004550223434338036
5840,0.0014821113025940045
5841,0.9983429672590517
5842,0.14938713505773582
5843,0.007729605908849014
5844,0.7907201802561088
5845,0.07219589951062469
5846,0.8000397085839113
5847,0.04203917021644803
5848,0.010434816115878513
5849,0.051110961874929486
5850,0.9966260774417808
5851,0.976259943150946
5852,0.9926637342888792
5853,0.13488469630480335
5854,0.13951568666203062
5855,0.0004705029194539706
5856,0.40445022068966335
5857,0.15706516741104068
5858,0.8330547063341013
5859,0.025141037682740428
5860,0.12743386425390466
5861,0.00034093845342750447
5862,0.8835335905696918
5863,0.1340263738168301
5864,0.2858179743982475
5865,0.1359684623441636
5866,0.07050400827390853
5867,0.03998679133896056
5868,0.029598442818190338
5869,0.006160743584351402
5870,0.003489972885871161
5871,0.5117366557431919
5872,0.0011027719715105799
5873,0.017190141644943282
5874,0.9985972827974745
5875,0.9998107024505696
5876,1.4055285846238523e-05
5877,0.9733472072880179
5878,0.1609319542556392
5879,0.021189054991013336
5880,0.002212244775912282
5881,0.017193081852736096
5882,0.0006747144229971234
5883,0.051980167580876105
5884,0.14991995824416293
5885,0.00031413902971496287
5886,0.1620114056439116
5887,0.962948568532149
5888,0.3830036026585947
5889,0.9558495970673133
5890,3.879595378461128e-06
5891,0.0011544827264140705
5892,0.33160704285083226
5893,0.1255034293511928
5894,0.5102903407569924
5895,0.006978034649180608
5896,0.0010259456921549233
5897,0.00010305062527776923
5898,0.7719065127675931
5899,0.0021781506399078396
5900,0.2163030202325647
5901,0.9992635874775112
5902,0.03570191623352368
5903,0.9769569980479793
5904,0.9321003576897673
5905,0.9093299764439623
5906,0.00015538064293926803
5907,0.11302125561853238
5908,0.016298751889171965
5909,0.005247253649261743
5910,0.1344740825369325
5911,0.32959989328648787
5912,0.9999176547575624
5913,0.0014196588969644696
5914,0.0328388671581143
5915,0.010328071660610815
5916,6.556639839360385e-05
5917,0.055075724534137546
5918,0.9714401717517996
5919,0.1481171654159927
5920,0.9988864371779281
5921,0.010233627482961315
5922,0.07649306491563534
5923,2.3259917289821494e-06
5924,0.3034957424867671
5925,0.1214981746355483
5926,0.8103677514363604
5927,0.062351150892851696
5928,0.00029582314286307284
5929,0.00013914108216919315
5930,0.010155850062285185
5931,0.9770374836591205
5932,0.029813565473092638
5933,4.053420449003574e-05
5934,0.7871397816577578
5935,0.3932728507504125
5936,2.2860530150036648e-05
5937,0.05371061893595124
5938,0.5129632309825338
5939,4.799536910024099e-05
5940,0.6871665604595449
5941,0.010624823138729077
5942,0.0002683002576105843
5943,0.0014470032980412647
5944,0.35020491063612
5945,0.9953311964433825
5946,0.259491672768009
5947,0.0016834608641463993
5948,0.013569668696116276
5949,0.8906503580224019
5950,0.010919617305093643
5951,0.4151743044726189
5952,0.22957003532088172
5953,0.5918598052788016
5954,0.639697757937207
5955,0.03559207588410945
5956,0.9867858542768597
5957,0.9019223459484659
5958,0.7736174963897704
5959,0.9007872852046983
5960,7.421254610594803e-05
5961,0.001872460905265117
5962,0.01699704161550136
5963,0.01905119236615757
5964,0.26620452977681647
5965,0.05962276409601994
5966,0.01209931460103298
5967,0.0003269973083037392
5968,0.05974553683989763
5969,0.0014942498165769692
5970,0.9728672097018912
5971,0.022100603279131315
5972,0.9771727639878942
5973,0.04018584566152084
5974,0.8921442775567239
5975,0.9225371964777455
5976,0.002804794429895949
5977,0.001960945518649702
5978,0.33216154510992835
5979,0.9462441575996258
5980,0.6541863512478079
5981,0.5834555630619814
5982,5.146826129306652e-07
5983,4.477934261395798e-05
5984,0.008515478073868522
5985,0.006413160447278003
5986,0.2233547666239095
5987,0.0060816900814789744
5988,0.8723957321910781
5989,0.9545360905727895
5990,0.00011432856402916636
5991,0.9994502758775299
5992,2.742976728971259e-06
5993,0.3927604904964966
5994,0.0019984566246926206
5995,0.9911827039741621
5996,3.499198132630335e-05
5997,0.9876528576230558
5998,0.8942888514075499
5999,0.9151427968448177
6000,0.004340317299712797
6001,0.025860355428129856
6002,0.8964113973523564
6003,0.6096822028309343
6004,0.027620783374548895
6005,0.0005431355393230075
6006,0.43437641675453
6007,0.9942999416896242
6008,0.8316289996324177
6009,0.9946779003189467
6010,0.04686054864056281
6011,0.9578926943309558
6012,0.010655959004065628
6013,0.01734271327853997
6014,0.0054166468985371976
6015,0.052764140400645046
6016,0.0022584800663779797
6017,0.0023603439203386846
6018,0.9997855686766784
6019,1.2519701321249769e-05
6020,0.0005768238776256779
6021,0.310423559569627
6022,0.4139678127565657
6023,0.999035944609562
6024,0.04324772995913646
6025,0.0020429103081970033
6026,0.048431408845418876
6027,0.7880431243414834
6028,0.36224845482045315
6029,0.764592428261424
6030,9.980880431055958e-05
6031,0.0008774735087477773
6032,0.5106273469235755
6033,8.231084158087861e-05
6034,0.7927037378617173
6035,0.0642787900438582
6036,0.9889374207316631
6037,0.4588794389291014
6038,0.9610702001276312
6039,0.0005096560907728715
6040,0.03593036872000909
6041,0.9603136383612665
6042,0.9995232636774671
6043,0.9126136537929084
6044,0.9850718130119623
6045,0.9827670301493501
6046,0.006693411121003698
6047,0.0002921573747811265
6048,0.2540098594441697
6049,0.9587628787230492
6050,0.0035826540488760024
6051,0.550942765601528
6052,0.37029432246098976
6053,0.0019677903658856365
6054,0.00018247094822685685
6055,0.02471337532813576
6056,0.00034940465127426286
6057,0.0005773222369346691
6058,0.002526824764940707
6059,0.8733730177874044
6060,0.10906817537749805
6061,0.2219631238813611
6062,0.4794626835159581
6063,0.9901771958980802
6064,0.00027071350492835754
6065,0.0031788346729223252
6066,0.18712499191450915
6067,3.954053872317068e-05
6068,0.8605596823708582
6069,0.001402108303415815
6070,0.006249482412438927
6071,0.0002326318689630439
6072,0.9999739375867056
6073,0.19675786605392062
6074,0.04945334984603085
6075,0.18523888573280312
6076,0.020834934985832602
6077,0.09841357519156374
6078,0.4398045597729103
6079,0.008454570324097823
6080,0.8997958800194835
6081,0.00011019294617177688
6082,0.9682104404831361
6083,0.0007019035031154995
6084,0.982994476426414
6085,0.04867671766466501
6086,0.8380834860815639
6087,0.00022660763818829044
6088,3.882651943775358e-06
6089,0.0050494862249760115
6090,0.5773808759259914
6091,0.3879517746011394
6092,0.6095137799295893
6093,0.43444208794772554
6094,0.0004275197759890459
6095,0.8498969014676122
6096,0.976971534000797
6097,0.06340456185130451
6098,0.0005323778968707477
6099,0.9701179575246591
6100,0.9999987196844095
6101,0.9001882343211656
6102,0.2590334100317037
6103,0.2836918603727944
6104,0.05834021983355887
6105,0.00034883160422385527
6106,0.00010424572447872986
6107,0.0008296972854894902
6108,0.9984489582522493
6109,0.0021269404178027146
6110,0.4572207934866476
6111,0.7343169347856006
6112,0.4533160635036483
6113,2.593571835258879e-06
6114,0.2540076786411246
6115,0.8801307302527547
6116,0.9366117791898769
6117,0.0003163906698317665
6118,0.10119060191422567
6119,0.615020456380845
6120,0.7339521992928457
6121,1.2470039034016539e-05
6122,0.00014425496757052437
6123,0.9926273423979006
6124,0.004130180937671713
6125,0.8470890843161715
6126,0.0013165135412722014
6127,0.9670206199784426
6128,0.00030463984792689693
6129,0.9925056236854587
6130,9.970299875205346e-05
6131,0.0052834639085668125
6132,0.9833038414641149
6133,0.0028952677537803016
6134,0.028704555566144967
6135,0.0002136289353657265
6136,0.04081730514955927
6137,5.487334152132499e-05
6138,2.7229914622587576e-05
6139,9.756603777153492e-05
6140,0.0005332948974566749
6141,0.9993807359335387
6142,0.9999851862307924
6143,0.9993983192257017
6144,0.0014891643897604573
6145,0.9473385781521582
6146,0.6885441357944163
6147,0.0006305074270176047
6148,0.9593124418285904
6149,0.19952158978019385
6150,5.068547344825732e-05
6151,0.0041515952535986006
6152,0.1942690574968106
6153,0.0015490866632885542
6154,0.9893562878379444
6155,0.0006945594693753654
6156,0.3335502178335228
6157,0.0031618191642682272
6158,0.05073552492584819
6159,0.03756940504783797
6160,0.5654745440317563
6161,0.9559208711510724
6162,0.9861854790909405
6163,0.9002145765476904
6164,0.27279693309982606
6165,0.4123467776425243
6166,0.9993537598634723
6167,0.9995499765383768
6168,0.9877470497314524
6169,0.553406170468839
6170,0.9236536515896087
6171,0.006328313213233156
6172,0.948702513028223
6173,0.9846279631404622
6174,0.587203818781989
6175,0.47170342857920916
6176,0.021358427615376485
6177,0.9925960348758406
6178,0.9723332005551816
6179,0.675447744375408
6180,0.9996984901676023
6181,0.9945696087311864
6182,0.09489074335560947
6183,0.08142207848087646
6184,0.1254706343396242
6185,0.4825314398769141
6186,0.8109058683510943
6187,0.00015795868958148383
6188,0.004449977875582668
6189,0.14011463528228477
6190,0.015081169054533312
6191,0.9998962915110295
6192,0.22952309110376767
6193,0.05169937276764519
6194,0.9615448002985182
6195,0.0007330061129916847
6196,0.9960063585630724
6197,0.9944740228391509
6198,0.021798419705329853
6199,0.028324992307245948
6200,0.9875643690768584
6201,0.004068142697644986
6202,3.055700938630217e-05
6203,7.202514134574239e-06
6204,0.20034289054718227
6205,0.00905227965128732
6206,0.005971836495664603
6207,1.2626208041201143e-05
6208,0.9991361135670128
6209,0.3720184355414118
6210,0.06628854111118376
6211,0.9997330784086446
6212,0.0007107907138410434
6213,0.0009177475647207931
6214,0.39069749192405956
6215,0.003053676693181366
6216,0.0016344578586138382
6217,0.011033220289460265
6218,3.6783926261053276e-06
6219,0.07688703507705259
6220,0.12536783269637838
6221,0.943727029114089
6222,2.4594661392153595e-07
6223,0.0003009582182584879
6224,0.0002197197398222243
6225,0.00048088940450094145
6226,1.3150039553665054e-06
6227,0.0031639895752179573
6228,0.008586357422092232
6229,0.9946493028267186
6230,5.442331683703166e-06
6231,0.43633692820728176
6232,0.03422443652565899
6233,0.09674974879479059
6234,0.9999205236796967
6235,0.0016757961121482519
6236,0.15854750847225113
6237,0.02003231878724007
6238,0.0013987946256093676
6239,0.7542237109910471
6240,0.00014438353470008446
6241,0.028706578432339893
6242,9.246499655682373e-06
6243,0.0009694883535316794
6244,0.0007393628702699632
6245,7.980250325297619e-05
6246,0.9734726935499393
6247,0.1345372146322394
6248,0.006187360810218335
6249,0.2931872474465771
6250,0.12515872060776426
6251,0.19810754535935207
6252,0.986152076701388
6253,0.9195060099815505
6254,0.9863486348601704
6255,0.9834189427728123
6256,0.9985162616511817
6257,0.4283891802012037
6258,0.998078845896312
6259,6.900444174396719e-05
6260,0.011550339900389674
6261,0.0016698222321246093
6262,0.07463893798631066
6263,0.2009107276012629
6264,0.7966472857443521
6265,0.002212246844742125
6266,0.9941324017380936
6267,0.10517571906694174
6268,0.0033996965022542245
6269,0.0026487976879411308
6270,0.04189700099937215
6271,0.010159219550478913
6272,0.006506819337257996
6273,0.03751385343744948
6274,1.084434271401187e-06
6275,0.00022128827803421044
6276,0.9994354861667477
6277,0.11959990454880386
6278,0.0009141708046237238
6279,0.9954943844493607
6280,0.0017267504086613502
6281,0.04169373772222491
6282,0.2828024614758904
6283,0.45567432464193586
6284,0.3857845527413379
6285,0.5588247473071077
6286,0.0007351664509867356
6287,0.11112484565844082
6288,0.9887389904181585
6289,0.9535660328601393
6290,0.05709637236387721
6291,0.17235672526594428
6292,0.010672971774843432
6293,0.2067414230606348
6294,0.909542488963867
6295,0.44708050487381873
6296,0.8862899518558768
6297,0.00011583689198055914
6298,1.188415049581521e-05
6299,0.7621482862150645
6300,0.7694439978344544
6301,0.0017609637768740889
6302,0.0014078343407469154
6303,0.0006713007968460295
6304,0.6105431874445251
6305,0.8864603067396545
6306,0.00011558631521765593
6307,0.08932515577340712
6308,0.8275487346018274
6309,4.788903262138261e-05
6310,0.9578586835730855
6311,0.7580167744339741
6312,0.0107698850333715
6313,0.9999887926495966
6314,0.1948195995592742
6315,0.09733340265063714
6316,0.5788382299982854
6317,0.006895340398682206
6318,0.2782054095002285
6319,0.0004703840331541441
6320,0.006471023720074577
6321,0.0015668973057326593
6322,0.9999992099637429
6323,0.003173218214179781
6324,0.4057620388439446
6325,1.228544565568396e-05
6326,0.01424078882283299
6327,0.027798213138719857
6328,0.007159578942937692
6329,0.0002974381230962938
6330,0.4753951547316913
6331,0.9739196388977521
6332,0.9999209504794851
6333,0.9602705540764539
6334,0.00043600277626900535
6335,0.9982409434099948
6336,0.0018883737446699807
6337,0.5551728222762894
6338,2.8344674553557128e-05
6339,1.5082095796987551e-05
6340,0.0008364740004935141
6341,1.3524304894993331e-05
6342,0.7781090980175795
6343,2.2372908498021243e-05
6344,3.1956789160202813e-06
6345,0.11468589181412427
6346,5.858325382908399e-05
6347,0.057868758237695835
6348,0.0002508101919532911
6349,0.8738182487896825
6350,0.7405995518185752
6351,0.5835034925576503
6352,0.952917247172321
6353,0.3186334003222147
6354,0.0004046900331188618
6355,0.00023190547195324658
6356,0.1454723167727264
6357,0.08354578695531376
6358,0.004001758559694061
6359,0.5677830522377142
6360,0.062324149123452306
6361,0.2494388750242935
6362,0.0031165088991865026
6363,0.991818033471418
6364,7.536869889454394e-07
6365,0.029817682792678084
6366,0.0011964927085302143
6367,0.00036372395429773094
6368,0.019026299425496853
6369,0.9575605284424593
6370,0.921677389521326
6371,0.1148662069776488
6372,0.0009385697732559588
6373,0.3960360506461093
6374,0.0005540349911594875
6375,0.15564024165865026
6376,0.6947204465829383
6377,0.3307856626085294
6378,0.21309781431488817
6379,7.845232045776362e-08
6380,0.005729280887535416
6381,0.10615893396796793
6382,0.6698775709915894
6383,2.3538212859424792e-05
6384,2.4131066657122617e-06
6385,0.9998561897590812
6386,0.622539555735775
6387,8.128933451851031e-07
6388,0.9046476847056336
6389,0.9987967436386006
6390,0.9346044247979485
6391,0.5890474890577087
6392,0.024092106561521862
6393,0.0013870371451054932
6394,9.856438890256158e-05
6395,0.5819361610862039
6396,0.25050208865059465
6397,0.9962143912032766
6398,0.9887848307139674
6399,0.9998901001004578
6400,0.9999481198385557
6401,0.9997844069368073
6402,0.9544587183678502
6403,0.0004408456426542971
6404,4.388976184590879e-06
6405,0.509528843711707
6406,0.9969310534739926
6407,0.9796021502689185
6408,0.11836518122786908
6409,0.8255201408719126
6410,0.06274495481449727
6411,0.7286714713978115
6412,0.024566163449108586
6413,0.9993611039231914
6414,7.677489444014285e-06
6415,0.9999916503052597
6416,7.0788951144809275e-06
6417,0.7617752857926182
6418,0.043884229483594966
6419,0.011523433042325589
6420,0.3113258336175563
6421,1.4459875546573847e-05
6422,0.03599845338004222
6423,0.011153643133717854
6424,0.9996411204947689
6425,0.8656624204855391
6426,0.644740306775031
6427,0.287939933412689
6428,0.032382607405610365
6429,0.9519636213122316
6430,0.9931567400945497
6431,3.300825642714453e-05
6432,0.05661217965846024
6433,0.00059001183908742
6434,0.0015869340561400222
6435,0.1566206219495286
6436,0.8542188324065139
6437,0.9921035148111083
6438,0.0007599459432581371
6439,0.00043852398128547385
6440,0.000825940878890043
6441,1.4187926527651554e-05
6442,0.0018117631798463458
6443,0.0008580072861664582
6444,0.9996622505557441
6445,0.7872581414451171
6446,0.6991004890708155
6447,0.02692267224038937
6448,0.00016099355760085848
6449,0.6342618514447054
6450,0.02042788016787444
6451,0.7936628400607431
6452,0.16885131804134512
6453,0.009784259464112093
6454,0.014926657281096965
6455,2.2525014873720109e-07
6456,0.9692066227587862
6457,0.0002460270930072903
6458,0.9886902360062283
6459,2.7648326500167235e-05
6460,0.04461094738488378
6461,0.46455833749847436
6462,0.0382521732096436
6463,0.11327396723109524
6464,0.9935663794169676
6465,0.5770540716842141
6466,0.004608411853203354
6467,0.9892857120833207
6468,8.16968820187541e-05
6469,0.9792009243694112
6470,0.9766073060181762
6471,0.002845818198986176
6472,0.0984038171157649
6473,0.2748191698297179
6474,0.0016910740279036016
6475,0.017321022591470562
6476,0.195959864240477
6477,0.007249801368147141
6478,0.0743887784766295
6479,0.8864094702067804
6480,7.992784108294047e-06
6481,8.56157984384249e-05
6482,0.5123201586725751
6483,0.052000657740142564
6484,0.00011183906797982367
6485,3.922648743573302e-06
6486,0.9394973654786795
6487,0.008382470444331647
6488,0.004735511466520018
6489,0.0023769312447356793
6490,0.9991496209644112
6491,0.11333358254072187
6492,0.9971726359271309
6493,0.1414183724953392
6494,0.12329970979409113
6495,0.04583094118158599
6496,0.0015191622796450557
6497,0.9722378759063109
6498,0.8911655040258838
6499,0.3739669129185815
6500,0.9999814406623788
6501,0.9996877866854447
6502,0.00037585846718638237
6503,0.26087786741726166
6504,0.007569947559203427
6505,0.999945211105003
6506,0.9999825965780942
6507,0.0005522138708009802
6508,0.19043295194783136
6509,0.6983139478555154
6510,0.00026453451827068177
6511,0.9998265327785492
6512,0.061306715762944615
6513,0.9772871624601983
6514,4.451366198048754e-05
6515,0.006284489114934851
6516,3.126895451766005e-06
6517,0.10923696114955538
6518,0.002650558189193389
6519,0.02396125163139788
6520,0.9698287173330732
6521,0.0024610594733902895
6522,0.0003109438706791644
6523,0.40965072864222557
6524,0.029953586323597566
6525,0.009160291370873168
6526,0.043762980356027104
6527,0.003999004785409688
6528,1.0628502820787224e-05
6529,0.039873799880741766
6530,0.0021072106597943355
6531,0.9982723926055193
6532,0.5590846763437192
6533,0.2758738566770068
6534,0.929142981269426
6535,0.9996114930959096
6536,0.759467845642591
6537,0.000785490136249951
6538,0.005742064337645695
6539,0.04005346703832203
6540,0.06527995427278596
6541,0.9998992923502972
6542,0.029668642365227576
6543,0.0005737755180212279
6544,0.00029761002187150327
6545,0.04275049584801462
6546,0.2837541961508732
6547,0.08610585267277976
6548,0.07413538571258858
6549,0.9999812965942154
6550,0.10690894883469634
6551,0.3673383759539303
6552,0.611977041796243
6553,0.027171194008416378
6554,0.21274185670353787
6555,0.6726306628993192
6556,0.9971764350037254
6557,0.49312470240554207
6558,0.7276237523991412
6559,0.8667944487346713
6560,0.8055633999846732
6561,0.0007867468847668525
6562,0.7626121108549355
6563,0.9971758272912731
6564,0.07063295551712491
6565,0.03949304716402473
6566,0.9906385613983368
6567,0.0037620318115205885
6568,0.9754253718768567
6569,0.00044382183226621927
6570,0.03814470602279358
6571,0.04966189834048077
6572,1.0088441781474106e-06
6573,0.994580239757645
6574,0.0002838746046949965
6575,0.9015396266530614
6576,0.0007744272602879711
6577,0.011836525228358473
6578,0.7835699444736737
6579,0.014498061885268174
6580,0.0003647831436709706
6581,3.052908965368897e-05
6582,0.07064046471463188
6583,0.3041623032660453
6584,0.8653261463997721
6585,0.005524088497654402
6586,0.9373911075285123
6587,0.8778342843472541
6588,0.0016501256218750262
6589,0.0005600370183413495
6590,9.276379516369124e-07
6591,0.01502466496607246
6592,2.1838782115828736e-05
6593,0.07546974482005103
6594,0.0031894289496948902
6595,0.8484603682878052
6596,0.00010496325985221015
6597,0.00044687672087553865
6598,0.027610598403891157
6599,0.9640499868217519
6600,0.4549928680269464
6601,0.06123891288993872
6602,0.0015901071823340412
6603,0.5612431318428542
6604,1.057951451255538e-06
6605,0.15277316876829894
6606,0.7831142136374556
6607,1.4371751821438462e-05
6608,0.5474917364978024
6609,0.0035314846343168253
6610,0.06964054380114078
6611,0.035758745813884794
6612,0.9884477800327796
6613,0.01287059201921944
6614,0.6614956917731446
6615,0.19385590168220104
6616,0.0008595641720237035
6617,0.0013375390742866556
6618,0.9999913799120415
6619,0.003914627655908992
6620,0.02441654970666505
6621,0.9996759564246721
6622,0.9965568085293726
6623,0.0005735855324743883
6624,0.19136272105791188
6625,0.4886944392461616
6626,0.03934817678234682
6627,0.10665062381114979
6628,0.0004913622444527254
6629,0.0009981659122067375
6630,0.1689385858242683
6631,0.07638037146869732
6632,0.00667414818758615
6633,0.01223737018739764
6634,0.00035929286838835644
6635,0.9188338737111585
6636,0.08008585400826909
6637,0.010472879495639392
6638,0.01650056620463914
6639,0.9976749359662594
6640,0.001445507298249651
6641,0.006564368882126652
6642,0.9261894611497773
6643,0.5723674928607365
6644,0.5751316470885823
6645,0.3759338035503476
6646,0.9327319586864765
6647,0.00871306703898746
6648,0.9236390309029068
6649,0.9870521250137821
6650,0.2520244662070349
6651,0.9995376902692122
6652,0.008495360003432753
6653,0.4555466039407789
6654,0.20876222504918268
6655,0.0013857587540539427
6656,1.5021080914634086e-05
6657,0.9290550192769507
6658,0.030053822442164747
6659,0.9936921382936366
6660,0.000137483430818062
6661,0.15334050558758308
6662,0.11543090962124578
6663,0.001261957895271583
6664,0.12407518169440049
6665,0.35517676892336775
6666,0.005642877075965147
6667,0.9933678046782033
6668,0.00018131274780220228
6669,0.0007215831750486175
6670,0.006709408143572852
6671,0.9554089527681606
6672,0.00338338717101534
6673,0.003338885053842943
6674,0.03186926810966267
6675,0.8162953208134811
6676,0.000853398100777011
6677,0.007245036150063459
6678,0.338963835599932
6679,4.475832335854596e-05
6680,0.0458185632048516
6681,0.20828478455372107
6682,0.01712586416548127
6683,0.3207896066116355
6684,0.0015728117458887346
6685,0.9973436839405504
6686,0.14158112561207384
6687,0.001413024885426089
6688,0.0007655961573907892
6689,0.8439228372492704
6690,0.9839600082906252
6691,0.9999801816427024
6692,0.00012324643560075868
6693,0.20186647528121898
6694,0.03619514312752231
6695,0.9999243202505286
6696,0.9789045129759109
6697,0.0023689417385065773
6698,0.89509788372334
6699,0.88034762525789
6700,0.5553796506207974
6701,0.011739444476673118
6702,0.6681120616708736
6703,0.5265791948587475
6704,0.18711883504621535
6705,0.9903662214395751
6706,0.0006743275004024612
6707,0.010897782036221788
6708,0.00017440791261826705
6709,0.8539659188168279
6710,0.004613910750436339
6711,0.029634547093398318
6712,0.0006634631150879893
6713,0.7369801669917924
6714,0.9814361709457797
6715,0.00018432128667666175
6716,0.0007885484496966894
6717,0.9410863558821151
6718,0.9628859211939554
6719,0.00011515780280821637
6720,0.0003010509603616015
6721,0.0004510772987304329
6722,0.8253800265631348
6723,0.00694400067625207
6724,0.06217680111814308
6725,0.9998567178651777
6726,0.993140908245857
6727,0.9993873413792629
6728,0.03965820439971068
6729,0.9747103285192358
6730,0.5231451469113523
6731,0.00018036629554121048
6732,0.009720971390550833
6733,0.9869776905353125
6734,0.17294833818119892
6735,0.9999459833520339
6736,0.003199114335174314
6737,0.9999807753431074
6738,0.9651349013867578
6739,0.037580775345380124
6740,0.0006011179924784355
6741,0.0211229913946972
6742,0.03630896322697406
6743,3.208541549476802e-05
6744,0.9827317643988822
6745,0.0012194010790157435
6746,0.029852817938250214
6747,0.3203972687936429
6748,0.7957007794725514
6749,0.07552066576405894
6750,0.9847599381058568
6751,0.4492510886818216
6752,0.022389723443630702
6753,0.4072829539902585
6754,1.1399959377217208e-05
6755,6.775596856949611e-05
6756,0.9889369849531373
6757,0.40104164693287975
6758,0.9987627862751283
6759,0.12474168532826538
6760,0.12123286477794026
6761,0.16051369396647502
6762,0.9884437073449934
6763,0.00026610476495183833
6764,0.003409412102856511
6765,3.992881389897283e-05
6766,0.9759084357688529
6767,0.9961756758732764
6768,0.9606998888658977
6769,0.1890005982482571
6770,0.012642638946102356
6771,0.0025426606890586413
6772,0.9785447192334492
6773,0.736580029918736
6774,0.0012586932088197345
6775,0.003129542031880691
6776,0.004976604983878085
6777,0.0003591201859105962
6778,0.02690033742864203
6779,0.2041884827781999
6780,0.9996007716186955
6781,0.00016839396795545496
6782,0.028027961230461168
6783,0.7533528934172424
6784,0.0007414920944747303
6785,0.8197039302951232
6786,0.5223588861500512
6787,0.8111244367798122
6788,0.03770867974040352
6789,0.44263623286094833
6790,0.005535395917164213
6791,0.7364147273112462
6792,0.9755319995391846
6793,0.04297889424226745
6794,0.9800263124150179
6795,0.9898578839295353
6796,0.5303157641047067
6797,0.016411581521337797
6798,1.3019955123458512e-05
6799,0.0017597340855994138
6800,0.40428859958985125
6801,0.8963599242519298
6802,0.0018832715603386183
6803,0.5361476109758381
6804,0.6251754082627468
6805,3.001165792280649e-07
6806,0.8950903207875465
6807,0.0008514988274501074
6808,0.00013493416875188572
6809,0.12003879875853603
6810,0.7819891049411939
6811,0.006761910131317141
6812,0.1747926964794985
6813,0.9827813238980332
6814,0.00040046289846931693
6815,0.1614201369397706
6816,0.11562129598385361
6817,0.12320453297972128
6818,0.9956538925596277
6819,0.00029879490424268974
6820,0.03389546564708601
6821,0.9899934447400275
6822,0.02159697317900232
6823,0.1433030464697736
6824,0.00015679168398948724
6825,0.03645764641094525
6826,0.15737883553391244
6827,0.0019872739964226257
6828,0.976330039329793
6829,4.606859240345931e-06
6830,0.9865233121073906
6831,4.92651832878746e-05
6832,1.0555479680460164e-06
6833,0.06980870259582629
6834,0.01929412088794074
6835,0.9185396691847516
6836,0.009032424289241309
6837,0.9999649530511139
6838,0.739899597381397
6839,0.31284097519446463
6840,0.9684079974686124
6841,0.03953955989943393
6842,0.8737919093185801
6843,0.0002771206762314235
6844,0.07458622951750689
6845,0.9941573961849162
6846,0.7985678891663556
6847,0.0006102456996058411
6848,0.8569687881749332
6849,4.730357698130684e-05
6850,0.0005922358401370275
6851,0.856121285176755
6852,0.0017556778584067881
6853,0.9999592338541092
6854,0.010204644260708794
6855,0.006972323510786825
6856,0.0016684502505114312
6857,0.751927491307365
6858,0.9962610017541309
6859,0.9565102731329184
6860,0.9443621588293548
6861,0.02995476666630441
6862,0.05635639828771592
6863,0.0001297086673224386
6864,0.6264145732110044
6865,0.03181707222569139
6866,0.2570443966965708
6867,0.9812342307738161
6868,0.6185414327470676
6869,0.0301209493324739
6870,0.9710789257090463
6871,0.9321372169757202
6872,0.0796757061488688
6873,0.013129721878789587
6874,0.48792182285886293
6875,0.4407006024451915
6876,0.9831359784685784
6877,0.9101878060562841
6878,0.01704040965694327
6879,0.003595524620507766
6880,0.2774611867260761
6881,0.039529020314944624
6882,0.9559940899129992
6883,0.6521257329079095
6884,0.006338452027481455
6885,0.33396414111831385
6886,0.9961961884008756
6887,0.9395661299761888
6888,0.9551843643494895
6889,0.1682880408059355
6890,0.9842917766708258
6891,0.24038251447675252
6892,0.00025673330480081727
6893,0.00010626894016377473
6894,0.04674312941916546
6895,0.0006816721719247233
6896,0.9999854259385033
6897,0.024636497812562306
6898,0.9920587608518934
6899,0.0023521324819662406
6900,0.07374111944558046
6901,0.00088061410383031
6902,0.0761617558090529
6903,0.17895961035275615
6904,0.0017828616069950362
6905,0.9919261798165395
6906,0.9858715931042623
6907,0.002139435118509837
6908,0.13103469130353917
6909,0.000670132247472267
6910,0.8962747238861939
6911,5.0747991459908815e-05
6912,0.9867569868856227
6913,0.31514445446157147
6914,0.0047733372998025655
6915,0.0003479347158877883
6916,0.9423206837953428
6917,0.9838362487749704
6918,0.9501093795643459
6919,0.0006342656430456187
6920,0.1397555079332922
6921,0.41005881724980237
6922,0.002218487178920334
6923,0.001780355773957247
6924,0.35612235030647665
6925,0.001524402546380893
6926,0.002104337848146143
6927,4.630105462006678e-06
6928,0.0035532286360302817
6929,0.00010615712596201842
6930,0.35137975972648994
6931,0.055515514400218006
6932,0.07110752212488544
6933,0.28860512560555945
6934,0.0005962892746338348
6935,0.0395683902307923
6936,0.01641810806281706
6937,0.16786263445667993
6938,0.7143745453901752
6939,0.00022292383510756197
6940,0.9689439307486282
6941,4.0158740984924505e-05
6942,0.7643077899751176
6943,0.02561305674002247
6944,0.9861504292649819
6945,0.6996548279387848
6946,0.0011244986545224515
6947,0.9675422794747188
6948,0.00407930125180949
6949,0.12714950819885204
6950,0.9817556011312469
6951,0.35373721086672233
6952,0.010224417414755355
6953,2.1903497579423865e-05
6954,0.002189541259035947
6955,0.9997753672830341
6956,1.4220268976629531e-05
6957,0.9996285136232542
6958,0.5601010313332002
6959,0.008596206009246862
6960,0.9357301365723733
6961,0.1389524709671761
6962,0.8777405616037809
6963,0.020471967670423283
6964,0.9457772767780238
6965,0.0001807593129170564
6966,0.05918749929870085
6967,0.012270515139292879
6968,0.975096445909258
6969,0.9999266253784524
6970,1.1952364408059502e-05
6971,0.001910274088172514
6972,0.03197871140065958
6973,6.91891557303849e-05
6974,0.6648927643562582
6975,0.1891348143261466
6976,4.2228351176469994e-05
6977,0.9980861377062329
6978,0.03221319847790221
6979,0.4063136669663276
6980,0.07593154588088782
6981,0.8825127892229846
6982,0.9999084386002207
6983,0.04439157352201581
6984,0.07942152569116924
6985,0.00036726123407329755
6986,0.9685103047294871
6987,0.4526677393317436
6988,0.003941526895255834
6989,0.0754085654343469
6990,0.00010719662978373086
6991,0.2631960496563001
6992,0.03828192906310405
6993,0.7776051134924626
6994,0.8472399248804433
6995,0.05952457951868087
6996,0.04900515670207582
6997,0.9797099848594549
6998,0.014307752664848876
6999,0.3565155111712411
7000,0.07253311237670766
7001,0.9904436045957602
7002,0.46355543025328033
7003,0.0155387672969202
7004,3.110905816534007e-05
7005,0.005003253580543811
7006,0.0005163009284579027
7007,0.30090722184172725
7008,0.08225086330359598
7009,0.0001038404637919322
7010,0.004859604473872108
7011,0.029968322317055943
7012,2.862353257194731e-07
7013,0.6898265227488358
7014,0.7126278184900077
7015,0.004520592117970402
7016,0.9854129411301207
7017,0.007367771346966665
7018,0.4614047502165843
7019,0.27021568302474847
7020,0.3713608337649974
7021,0.0001637356462739309
7022,0.4843061286847427
7023,2.0318707208160103e-05
7024,0.9997484167911315
7025,0.07065075431931317
7026,0.0008711626811917666
7027,2.89975219852317e-06
7028,0.011836831116807287
7029,4.869061745807993e-06
7030,0.6085753920094302
7031,0.9893215809638811
7032,0.048894718657268736
7033,0.8637097634730792
7034,0.0848476463642849
7035,0.004802018501097881
7036,0.908144680368649
7037,0.9738046673268783
7038,0.0030441931850719475
7039,0.001458476020588248
7040,0.08836889148547582
7041,0.9689590411848944
7042,0.0005991988017437637
7043,0.797712118667037
7044,0.7497942416408486
7045,0.13032802519385228
7046,0.5819392197241234
7047,0.9899950582720112
7048,0.9613627380684171
7049,9.588733482514428e-05
7050,0.14818042845927556
7051,0.4930057277943497
7052,8.515830466239382e-05
7053,0.22975900243450145
7054,0.05332314677351546
7055,0.11514337083163012
7056,0.013080404257356178
7057,0.041486927517059666
7058,0.4808526215802522
7059,0.00027118566967188783
7060,0.003255772427754152
7061,0.9874928407486875
7062,0.9835221227714495
7063,0.32272305290125974
7064,7.486841433136502e-05
7065,0.26524144569510716
7066,0.001034989157444779
7067,2.3841042495155548e-05
7068,1.2688490048220042e-05
7069,0.9648522948144869
7070,0.9925302635842664
7071,0.041092330744394154
7072,0.00025692512183936664
7073,0.08287426383227735
7074,0.027344350351873083
7075,0.9999947777452688
7076,0.048591347198927215
7077,0.9971204054752205
7078,0.9955680828127964
7079,0.7131939063913153
7080,0.00042685171404928895
7081,0.0013667775380584984
7082,0.008592190089127021
7083,0.04295825666127891
7084,0.036104779311262436
7085,0.8767393218523811
7086,0.0031923896663902905
7087,0.0034775794930470513
7088,0.004475538498927252
7089,0.9047454332571679
7090,0.21596434819799326
7091,0.0009003123612774337
7092,4.723054105419904e-05
7093,0.7209724746768498
7094,0.8739409875502848
7095,0.9793487901448386
7096,0.6083486691965413
7097,2.0025959141228536e-06
7098,0.9836827034501938
7099,0.0016224806663543642
7100,0.9999260316108538
7101,0.9411246546133699
7102,0.4241793619882488
7103,0.9998789493929776
7104,0.0011518886619588495
7105,0.0004337507791035068
7106,5.3316133483153935e-05
7107,0.07097114281790834
7108,0.9805634198103361
7109,0.00012427145594765912
7110,0.0023992590419781444
7111,0.5502231159580842
7112,0.37409721587862016
7113,0.007188875442813158
7114,0.9911309645858862
7115,9.381884231621235e-05
7116,0.17706478290221436
7117,0.001334480840962468
7118,3.5956944808900115e-05
7119,0.8859443559483405
7120,0.060393629266160175
7121,0.046978276052611935
7122,1.771759030425717e-05
7123,0.05772450290657125
7124,0.9756260301304351
7125,0.008862194943037565
7126,0.4939589297407804
7127,0.0021790395917996677
7128,0.09635795175457128
7129,0.7217257209355142
7130,0.026716392592239704
7131,0.9984992471063086
7132,0.27549273426559917
7133,0.0075152805368167526
7134,0.9804571676540516
7135,0.6471374702709511
7136,1.8182167803590023e-05
7137,0.06323323454257566
7138,0.8492861356328245
7139,0.014854452098990304
7140,0.6626595847619253
7141,4.753280013195985e-05
7142,0.05776402211411949
7143,0.003035555931681451
7144,0.9986871561057593
7145,0.7055753953115483
7146,0.17030535201812547
7147,0.0019378550442811302
7148,0.9999989226509705
7149,0.05896248563154584
7150,4.411004654491966e-07
7151,0.0005008406504600955
7152,0.799315767246864
7153,0.029780667673335218
7154,6.267708083978014e-06
7155,0.0061324865287339225
7156,0.00010377866026697855
7157,0.002869079706454608
7158,0.40426199504907717
7159,0.0243576540539933
7160,0.05119212156990637
7161,0.040793229256449286
7162,6.80400160623685e-05
7163,0.9644962593176528
7164,0.9999877946019028
7165,0.00022386514097755248
7166,0.08275269031841524
7167,0.3938026160163195
7168,0.9948121047996696
7169,0.031230205850777463
7170,0.997175175314943
7171,0.5265578214684928
7172,0.9944384933636968
7173,0.9665451460202551
7174,0.25565466943277143
7175,0.38650379479154173
7176,0.035967036345690144
7177,0.9682089193190866
7178,0.7957898578886703
7179,3.141073553565117e-05
7180,0.07487361748774561
7181,0.00935782782603082
7182,0.08229036060127844
7183,0.970261383823835
7184,5.74373040017364e-06
7185,0.3712412588374832
7186,0.8700366646246741
7187,0.13317706464946277
7188,0.9973868172540784
7189,0.5537656678335741
7190,1.1190027358361444e-06
7191,0.14220294007406822
7192,0.0068777545370996606
7193,0.23085235642130764
7194,0.004833540749005524
7195,0.9999791061355524
7196,0.0074222785190779725
7197,0.001916637958610882
7198,0.9318905604181853
7199,0.0012245069547214828
7200,0.06195981270392059
7201,0.001278226084834808
7202,0.03500658826103683
7203,2.1653967700773582e-05
7204,0.01223272423264807
7205,0.8821675111148615
7206,0.9128890713826385
7207,0.9883081439382166
7208,0.8059282695584479
7209,0.22826752601541095
7210,0.8627719799686937
7211,0.0016196546689842964
7212,0.6755159361752565
7213,0.9952902653453063
7214,0.0015208024672840152
7215,0.002019017385316774
7216,2.5575164377176958e-05
7217,0.5365035686304602
7218,0.1902385439361961
7219,6.0574614983221e-08
7220,0.0048241282126835865
7221,0.3070909530861288
7222,0.0006440041446873432
7223,0.8892923896526643
7224,0.9357319971279341
7225,0.03730085403220103
7226,5.59321604817279e-06
7227,0.0005439326868892599
7228,0.030358651284263193
7229,0.0007157009040582133
7230,0.9339360745726465
7231,0.0006659380407503012
7232,0.44642521666946794
7233,0.33524758769650137
7234,0.9883039959177109
7235,0.0003599741509198858
7236,0.006587546914730859
7237,0.3565495958181637
7238,0.8185019733484192
7239,0.8043766291110819
7240,9.367057878047351e-06
7241,0.23506355691596523
7242,0.03595191269211973
7243,0.003672339315406946
7244,0.8488435841075725
7245,0.049955165673910035
7246,0.6444718954003703
7247,0.6373236012126565
7248,0.986475557899624
7249,0.0001628300504607174
7250,5.196212315258783e-06
7251,0.6323872466507221
7252,0.0062054742086445685
7253,0.03936909455463768
7254,0.0737916209958795
7255,0.010915642110248706
7256,0.012645658528002016
7257,0.8823331649698125
7258,0.013739552793184985
7259,0.028011828969101534
7260,0.9537330241905804
7261,0.9872741315062399
7262,0.006178257187371371
7263,0.9946060903715158
7264,6.906911139227274e-06
7265,0.0002630883940061573
7266,0.5142020927511184
7267,0.002520671595894118
7268,0.004470964432136861
7269,0.00046632552863665536
7270,0.0025966912127724125
7271,3.7593455653573524e-05
7272,0.36507930183321324
7273,0.7680513258190101
7274,0.00024860123129483516
7275,0.08063793083237866
7276,1.0952011112984074e-06
7277,0.0032775656446532675
7278,0.07542894148438534
7279,0.0025918601072356237
7280,0.1015739737816084
7281,0.9867682299361503
7282,0.995578687257665
7283,0.16072703085261372
7284,0.7987258363050943
7285,0.6442216696005545
7286,0.010116083500055042
7287,0.0001611299460237987
7288,0.9271242941696657
7289,0.9062016087434159
7290,0.01874948491555812
7291,0.08227353932545006
7292,0.17051058710485428
7293,0.8920743203685032
7294,0.8946349365261091
7295,0.011381581163592296
7296,0.005543600693975976
7297,6.163106453115346e-05
7298,0.88186084259337
7299,0.8538835235327525
7300,0.6594047846682898
7301,0.9817921408617007
7302,0.9777595436096712
7303,0.04298775592751604
7304,0.016220312405467528
7305,0.03466068489635229
7306,0.5269073975135563
7307,0.6562622173628667
7308,5.389625464894399e-05
7309,0.00019497255431814996
7310,0.007770012570684332
7311,0.9957085061788173
7312,0.00036486740137495167
7313,0.6659126334446547
7314,0.048149714724435244
7315,0.005762118809617051
7316,0.40201726838974455
7317,0.000988605485054785
7318,0.004061140797980654
7319,0.8424560427925532
7320,0.010042404538668006
7321,0.4073837227959475
7322,2.2503932789123221e-07
7323,7.233130109137712e-06
7324,0.3476120887844503
7325,0.0009629142879801647
7326,0.004206037422832525
7327,0.5908128523015669
7328,0.9990568511333471
7329,0.0001257672013223418
7330,0.9860253693598677
7331,0.033592456419619166
7332,0.8105816663127026
7333,0.09532938668402839
7334,0.06953904498276525
7335,0.2979004417051612
7336,0.2927326267271468
7337,0.17345955910510044
7338,0.0014124961667223352
7339,0.013312638905410207
7340,0.05789528523242652
7341,0.9574103172164758
7342,0.0010570497163586454
7343,0.9999958784705836
7344,0.020276110394184355
7345,0.00026500568134999803
7346,0.9758110870667318
7347,0.009394585759712472
7348,0.0020443555671721242
7349,0.9700104640753078
7350,0.023046360480577788
7351,0.9996035029992038
7352,0.31034730815791634
7353,0.4579877691981577
7354,0.734299734687098
7355,0.46095035906419995
7356,0.9503074545362507
7357,0.0003023213110506123
7358,0.3427636532517258
7359,0.9717174247663766
7360,0.7702268722610544
7361,0.10233959128041138
7362,0.08966093147835061
7363,0.9906444450860494
7364,0.0008354815513828062
7365,2.713472233763675e-06
7366,0.000142882020386113
7367,0.17961533910814567
7368,0.016606623015408117
7369,0.0005411245156822074
7370,0.06725736185331299
7371,0.400713114842216
7372,0.030413473506543783
7373,0.003549974748114473
7374,0.01410640568476768
7375,0.9847178858885041
7376,0.0027639560322247226
7377,5.585900658325942e-06
7378,0.9601844895946752
7379,0.9159937385822406
7380,0.8191780375851742
7381,0.00013418265313498148
7382,0.006566612435418707
7383,0.0008469473720279879
7384,0.9751186540738602
7385,0.9992501093866293
7386,0.007403618088606226
7387,0.9988595321636545
7388,2.0721705612041825e-05
7389,0.9159981639548194
7390,0.7948902141718927
7391,0.012725262681265715
7392,0.0010073335915067086
7393,0.0738042230930574
7394,0.00018088412537303462
7395,0.8852812670858133
7396,0.999980477418513
7397,0.0007321763455096896
7398,0.48683829078156415
7399,1.9368437445565533e-06
7400,0.0019373619700853576
7401,0.9966915672784779
7402,0.0010949327494095737
7403,0.00032239381240222516
7404,0.03961604548581315
7405,0.1392987782940723
7406,0.9901022470816633
7407,0.006028067220284228
7408,0.020584455080422025
7409,0.000278855390257236
7410,0.010646144285570753
7411,0.09855568714340898
7412,0.999992939821955
7413,0.003476860878156569
7414,0.02901848027894157
7415,0.99980931282632
7416,0.001058775276767063
7417,0.999937994081401
7418,0.007660268609427163
7419,0.9011104786609955
7420,0.9905345706881076
7421,0.7595842898809141
7422,0.003772383497768024
7423,0.841183425177649
7424,0.0008933571661400917
7425,0.23913718666574935
7426,6.7040760886526046e-06
7427,0.19430686034721495
7428,0.05978911102413514
7429,0.897401942264603
7430,0.9831514863029
7431,0.02454103960228271
7432,0.8093125315823357
7433,0.0038194633172926856
7434,0.73783968683193
7435,0.7376642355669221
7436,0.23310108473140922
7437,0.17950520382559224
7438,0.9973044468525472
7439,0.00881187476651918
7440,1.5220544788243799e-05
7441,0.6895268788545341
7442,0.002584561741523155
7443,0.006618173169647751
7444,0.00011479781149518911
7445,0.9112778266352858
7446,0.179462832181701
7447,0.9997843315229951
7448,0.8621070525384078
7449,0.25806233485129787
7450,0.07785007256222384
7451,0.37507089412912986
7452,0.001212152847815402
7453,0.9999676898913988
7454,1.187849400133069e-05
7455,0.3410325586163834
7456,0.5486253345661003
7457,1.663768904068877e-05
7458,0.5515763026899722
7459,0.5611353283008401
7460,0.15461815995483602
7461,0.03298189313412732
7462,0.9352025836371122
7463,0.29085364308225037
7464,0.1359151521749403
7465,0.0010731137958927828
7466,4.833541785830646e-06
7467,0.8212807132265002
7468,0.4356631661956292
7469,0.001044473831821491
7470,0.9991181656191515
7471,0.055864089172566384
7472,0.3698916753510256
7473,1.2478251447223214e-06
7474,6.0045652768748755e-05
7475,0.04187561065222672
7476,4.454397956861597e-05
7477,0.00019850394374256141
7478,3.677329021038838e-05
7479,0.008754899226525854
7480,0.9375753897923447
7481,0.01864855504259262
7482,3.65995622574042e-05
7483,0.999986658954271
7484,0.029393872013739678
7485,0.0004731204221839074
7486,0.8129380313914417
7487,0.01821506682209077
7488,0.14663391459592173
7489,0.6978029100803503
7490,0.00024158660905071932
7491,0.0006595539184536077
7492,1.2596406803494516e-06
7493,0.04534318150381731
7494,0.0015286407140845343
7495,8.832114073318453e-05
7496,0.3336260671510711
7497,0.0001639616495274926
7498,0.18228995497873818
7499,7.002475845321024e-05
7500,0.012157149022113697
7501,0.948518414754792
7502,0.6721394720004885
7503,0.9534997375246231
7504,0.002107187094342717
7505,0.020488222504438627
7506,0.03778205478258539
7507,0.08924864226598613
7508,0.2100982303110649
7509,0.9521299594795113
7510,0.9725534103362825
7511,0.002866773859830747
7512,0.003165295997813553
7513,0.00030942038314040523
7514,0.1511188002766198
7515,0.06848034139535959
7516,0.013475393397353251
7517,0.0002607522031722629
7518,8.359924897883332e-05
7519,0.9849569910735018
7520,0.02263834846375633
7521,0.0002407885440244932
7522,0.0005665354669445497
7523,0.9926472168012734
7524,0.021184179558903705
7525,0.29065493593168085
7526,0.0010515168205953475
7527,0.999928081536832
7528,5.46752827893364e-06
7529,0.1435335881920737
7530,0.017028080178391837
7531,0.1304521516037804
7532,0.5981398355770574
7533,0.050334237473875984
7534,0.0194769947321118
7535,0.9471712968676695
7536,0.9707124013545786
7537,0.22930693082027212
7538,9.588571253759678e-08
7539,0.19162588142325387
7540,0.04808145524022458
7541,0.032069184782242875
7542,0.9365478282366692
7543,0.45046600353161137
7544,0.001965325812029422
7545,0.9824071123431327
7546,0.9999753632626471
7547,0.11400902407776341
7548,0.009253394640644497
7549,0.008148150120118236
7550,0.0009459887003447131
7551,0.9693614517660258
7552,0.138681770362414
7553,0.799132645761801
7554,0.2252599508871866
7555,0.9519224911298835
7556,0.23339236521760565
7557,0.00010552319269604762
7558,0.22277727276812223
7559,0.6610789386060664
7560,0.006450632654124383
7561,0.13730385221486954
7562,0.0014937335626980393
7563,0.0011997911764091993
7564,0.8754444308189009
7565,0.10039711419237854
7566,3.319022910921217e-05
7567,0.1754100577340122
7568,8.610971242137902e-05
7569,0.996615612175525
7570,0.8922836170052594
7571,1.8403256629740546e-05
7572,0.11940703705000819
7573,0.008637693861321466
7574,0.40679433399492043
7575,0.8941406644311677
7576,0.00814172113613802
7577,0.43483657781091106
7578,0.6143047052344279
7579,0.9489980984158993
7580,0.9836505824432031
7581,0.9521328023842458
7582,0.3948516497650506
7583,0.9932156661677173
7584,0.0029158846958171197
7585,0.28501279901144105
7586,0.10938801826213797
7587,0.25169026951447926
7588,0.03589890434363798
7589,0.9999849733862178
7590,0.3912974239816921
7591,0.6782605096238923
7592,0.0037871904549994766
7593,0.0008268097772956848
7594,0.0643323298435109
7595,0.9996989771359138
7596,0.01235094264187282
7597,0.9579809348070188
7598,0.06677144137246761
7599,0.8820676553196954
7600,0.0016332419587241102
7601,0.0001421904039269882
7602,0.0005577682395382848
7603,0.8362917179262972
7604,8.99835333624431e-05
7605,0.6086725828509355
7606,0.9366112576864107
7607,0.41652906314310345
7608,0.04613653660294032
7609,6.297427602652876e-06
7610,0.14253103358681699
7611,0.00045480662700131977
7612,0.15178202675791672
7613,0.01717233066036343
7614,0.10570486790207366
7615,0.0004486920293875454
7616,0.23373702873744648
7617,0.00011189727982099541
7618,0.8905543185926339
7619,0.018060949110925296
7620,0.00014227397253621857
7621,0.7758767221600823
7622,0.9911875227015594
7623,0.9976358709379336
7624,0.12495093479902825
7625,0.03873142957210399
7626,0.42740841016275966
7627,0.9850682063887672
7628,0.9713676838188718
7629,0.138481507513144
7630,0.9707801616562773
7631,0.0005609785167996089
7632,0.27306767559153283
7633,0.6513980504664902
7634,0.0012450056030774482
7635,0.04608295469828504
7636,0.48205188858838266
7637,0.3404903743532216
7638,0.4596355230961615
7639,8.556453830213468e-07
7640,0.08526345932067884
7641,0.3356314730873079
7642,0.09396107789494385
7643,0.730487479268008
7644,6.762182187683937e-05
7645,0.003603671123288794
7646,1.1812065929875916e-05
7647,0.12620470044388674
7648,0.00015221215186113414
7649,0.14299718516747162
7650,0.999833968461976
7651,0.9993455724424299
7652,0.03945437952967189
7653,0.003185657119981527
7654,0.02294146810892264
7655,0.998586696216804
7656,0.013111122563693069
7657,0.11441201331501939
7658,0.0006999004532121226
7659,0.8045773417541515
7660,0.606078912690231
7661,7.798896471444933e-05
7662,0.004022983639184763
7663,0.4457133205378864
7664,0.3324239919301288
7665,0.009355175938826234
7666,0.0019756607525681
7667,0.006724222402276907
7668,0.00011117401698273063
7669,0.0006151873955038456
7670,0.2440645632185088
7671,0.9717213295622966
7672,0.992780502297119
7673,0.8875240151905365
7674,0.335212103735974
7675,0.435399309484236
7676,0.0530747294268307
7677,0.0006884973528963962
7678,0.7172142457432036
7679,0.0005450866343153452
7680,0.022418011199973564
7681,0.0005670212850306042
7682,0.0022473837257270994
7683,0.9996399340546273
7684,0.010405399577770558
7685,0.9978066229959911
7686,0.9999816611305281
7687,0.00048207757933273025
7688,0.10091546861348137
7689,0.9924714409150351
7690,0.1651149808515789
7691,0.056643073884051535
7692,0.5442226311970579
7693,0.05664901105790754
7694,0.09006745477586708
7695,1.5397659083704895e-05
7696,0.989717375013279
7697,0.44912408068958143
7698,7.0779535192120465e-06
7699,0.1855101110549758
7700,0.04564524329744209
7701,0.12237363456717067
7702,0.8425641826560182
7703,0.989931845435851
7704,0.989041605771394
7705,9.58515048554567e-06
7706,0.10009024355845851
7707,0.8838787174524908
7708,0.009356373794851727
7709,9.282997329445785e-05
7710,0.00018369035121437228
7711,0.0868842147476285
7712,0.0003446748802613862
7713,0.6551994583643911
7714,0.00017260369724936422
7715,0.5647686300315196
7716,0.00889221476781388
7717,0.028634262977040633
7718,0.5299583392871555
7719,0.8059613768304169
7720,0.3060434935055918
7721,0.16226516606718933
7722,0.8734888435736873
7723,0.12255802874588946
7724,0.32042696586387104
7725,0.0009062226103101672
7726,0.23721140559536824
7727,0.8006961978758904
7728,0.00023143759902472013
7729,0.21315988124798332
7730,0.00047476192410234177
7731,0.012379561898943476
7732,0.9952108365793422
7733,0.006291554026223622
7734,0.29672007119634863
7735,0.1597397603060482
7736,0.02852413648735361
7737,0.8039227750823749
7738,0.39336700146676595
7739,0.30931588079642613
7740,0.9076934890380289
7741,0.9995167006681179
7742,0.0009445447141616951
7743,0.0353983137366308
7744,0.9990703634363146
7745,0.9790667960915767
7746,0.001136439607137294
7747,0.9293272407522646
7748,0.4521741700963401
7749,0.9391612084008232
7750,0.6525563519857762
7751,0.003641213355496457
7752,0.9964096189930136
7753,0.2022472183246697
7754,0.48417168235161245
7755,0.9524304468155099
7756,0.006285253626788255
7757,0.14107262240145907
7758,0.9413442439590849
7759,0.0028497772914017356
7760,0.06582069559734693
7761,0.7024449256325127
7762,0.8114095632603903
7763,0.9422416175023208
7764,0.00021709219193720325
7765,0.361111453191508
7766,0.00026680222427875384
7767,0.008700618789638988
7768,0.9997939860623949
7769,0.17032636483962074
7770,0.7842020157970335
7771,0.6572705759563447
7772,3.5587353485058366e-05
7773,0.16817892485959843
7774,0.46875271342139424
7775,0.5116469632974778
7776,0.12273651586821639
7777,0.0044127373219468935
7778,0.999808019128019
7779,0.877867572049218
7780,0.954414223288784
7781,0.00022706386379666658
7782,0.9636106468838808
7783,0.4289619140180604
7784,0.1725505627597745
7785,0.9999021412872483
7786,0.9363898570656302
7787,0.996833607143394
7788,5.760405111163831e-05
7789,0.6833100676075757
7790,0.9330733656714421
7791,0.999088478216923
7792,0.19102023784448832
7793,0.0330878643055828
7794,0.9948635637711435
7795,0.7945829090868599
7796,0.00027465888470273446
7797,0.00043907116028067363
7798,0.5927674885225218
7799,0.9998959892001091
7800,0.937583993522556
7801,0.28145877094453386
7802,0.008238067217563665
7803,6.579126179466189e-06
7804,0.000355972303482524
7805,7.417616010794646e-05
7806,0.9964362162499028
7807,0.9962808902525035
7808,0.9448152181423769
7809,0.06646755600552935
7810,0.9568109713718919
7811,0.9931943326535813
7812,0.00021735266503030958
7813,0.885360809343755
7814,0.9999862024378899
7815,0.7772871451426511
7816,0.009122284720512047
7817,0.00023847557865886343
7818,1.3122073764798651e-06
7819,0.17713598413953963
7820,0.002208836173434963
7821,0.06196485014961138
7822,0.25654937307088227
7823,0.9939413936784218
7824,0.0011088416740178493
7825,0.9914739687233708
7826,0.6645542885404128
7827,0.6366038235253794
7828,0.995707660006832
7829,0.9989355420212972
7830,0.6580190727016215
7831,0.38370461737305356
7832,0.0004449887322476218
7833,0.9999811370066402
7834,1.2974504863362101e-05
7835,0.0004782524837076604
7836,0.5814209969022743
7837,0.003739479562747269
7838,1.7642793029481243e-05
7839,4.675701223530375e-05
7840,0.9785459734462313
7841,0.014313898870679919
7842,0.008238208677276914
7843,7.26169210247715e-06
7844,0.9360911205249556
7845,0.0004517579058622118
7846,0.11153326490345014
7847,3.1558516774185275e-06
7848,0.6233374419839058
7849,0.9998497262439957
7850,0.17049635772860577
7851,0.0010759255565578486
7852,0.8496298169107532
7853,0.0014272175829251053
7854,0.03160360266178326
7855,0.9887901275143359
7856,0.0015186508226149595
7857,0.18729143926036596
7858,0.013523717293394166
7859,0.9934452882208574
7860,0.4958053042083523
7861,0.9318849867709824
7862,0.548950981934131
7863,0.5527860392758466
7864,0.012894844507107895
7865,0.0027011752498647054
7866,0.9851232472469037
7867,0.03414512423297951
7868,0.9547549722515751
7869,0.7320263841989949
7870,0.24722490773818928
7871,0.003341168524961627
7872,0.44569564994456234
7873,0.9798219198364319
7874,0.04470095519178416
7875,0.011058811052899393
7876,0.7958744151744306
7877,0.9415774074566448
7878,0.9997172981300498
7879,0.7715603371676244
7880,0.9997571964088918
7881,0.8590367857038195
7882,0.9999685975786038
7883,0.6177702764086432
7884,0.0012003097690272896
7885,0.4743565725415485
7886,0.000197531805875721
7887,0.00042141071756299095
7888,0.7419016273130318
7889,0.0006074158512632956
7890,0.9999448064102366
7891,0.06786761867613163
7892,0.22745005720795383
7893,0.8823499772081381
7894,0.0020089329184832068
7895,0.07461331360962223
7896,0.0007088663300883232
7897,6.259695099004757e-07
7898,0.012725196570854856
7899,0.0018732365689724463
7900,0.5095185794609864
7901,0.00014457670422200766
7902,2.9680559876818637e-05
7903,0.7604309086357993
7904,0.0005882599859773296
7905,0.10325709847082543
7906,0.4511723649156917
7907,0.949273243246692
7908,0.8657989356168141
7909,0.131236104846485
7910,7.119660050328572e-05
7911,0.996907311428178
7912,0.0006928298216562471
7913,0.00045294198856014303
7914,0.00018928525211979152
7915,0.00032946127741220716
7916,5.1727808178371733e-05
7917,0.24655190922646736
7918,0.1300699288122803
7919,0.5533149535729616
7920,0.9414158865788367
7921,0.3532804993944172
7922,0.00015317901881852278
7923,0.0018617327827191632
7924,0.00010550982638948623
7925,0.0007097559130465449
7926,0.20736726792794985
7927,0.6150032521572765
7928,0.038494065817269184
7929,0.0024234161354987445
7930,0.8608106684430128
7931,0.006593715697638002
7932,0.018738962868701546
7933,0.004360230093218353
7934,0.0017830952406632458
7935,0.9993534498484797
7936,0.00285031881935075
7937,0.7485614887308168
7938,0.20384478572063056
7939,0.05224137373141555
7940,0.8068636679249026
7941,5.400055756919339e-05
7942,0.0012163966101834695
7943,0.49014076306022786
7944,0.16314218668769412
7945,0.0004461091617142984
7946,0.15390440377428571
7947,0.023077319245974413
7948,0.03256390048311366
7949,0.8145657486755442
7950,0.05208982980221563
7951,0.9615268180171155
7952,0.001074386735093129
7953,0.6688290929307913
7954,0.00022203364525319116
7955,5.371952147323608e-06
7956,0.23213650390672483
7957,0.011828020348927491
7958,0.15337581673144876
7959,0.00044779004842163453
7960,0.3080266698389402
7961,0.025273631890698305
7962,5.5682332257608064e-05
7963,0.45109424625297434
7964,0.17035500333668796
7965,0.3843127473312576
7966,0.9752122474469552
7967,0.16143768242411466
7968,0.03687885817122693
7969,0.4664080576099973
7970,0.9993502311923345
7971,0.00047209133551522834
7972,0.0024602373214166343
7973,0.029677475431186467
7974,0.0011579723411686974
7975,0.018408932121771394
7976,0.7873912358715829
7977,0.29125087402550737
7978,0.9975250177384377
7979,0.06503951193134538
7980,0.5631674986633948
7981,0.03251837293150653
7982,0.039020443425483435
7983,0.18889956868115687
7984,0.000542738704051582
7985,2.383891837483991e-05
7986,0.0042964653655916075
7987,0.054021772318654494
7988,9.363669376175373e-05
7989,0.0027768667262896055
7990,0.6362257626397805
7991,0.9332790950745896
7992,0.33177394351914397
7993,0.6738375850856065
7994,0.9956174926585541
7995,0.019098953373463318
7996,0.2756935906899164
7997,0.9937356274057375
7998,0.0004716138174737345
7999,0.9869113404703117
8000,4.553901201093251e-05
8001,0.0008564942200055649
8002,0.6397525930923802
8003,0.12487573388320235
8004,0.021771351451145896
8005,0.36551193763294826
8006,0.4509274656269974
8007,0.6111769626496423
8008,0.5486332409440733
8009,0.0011377108295605512
8010,0.0017414823377540295
8011,0.818112970221201
8012,0.6114510353879715
8013,0.038283123667486374
8014,0.9963991110520274
8015,0.26823126920300766
8016,4.178528480833005e-05
8017,0.00016271734024304424
8018,0.25889827811444815
8019,0.012380242103401847
8020,5.062969801668396e-05
8021,0.019431205381638398
8022,0.43634252163351817
8023,0.10630116944495076
8024,0.7513156029473735
8025,2.449144763250563e-05
8026,0.8482799956629344
8027,2.0932713512782914e-05
8028,0.11707912176878177
8029,0.12737257933556634
8030,0.2768451917536441
8031,0.9407379067337016
8032,0.0008520538244349177
8033,0.0012235785469313653
8034,0.014016239857953252
8035,0.853618012923812
8036,9.282061807008522e-05
8037,0.00693147478094188
8038,0.0008358134815733256
8039,7.057759150083755e-06
8040,5.328758436637223e-05
8041,0.05025307878305023
8042,0.9969576024737117
8043,0.9960334035830244
8044,0.00801930290379042
8045,0.10811797754776112
8046,0.002977053742863618
8047,0.7857410206471647
8048,0.9997875992082722
8049,0.036045436035811944
8050,0.24616520588578628
8051,0.9929156675391286
8052,0.08356859967020888
8053,0.9851858035359239
8054,0.02673907853726498
8055,0.000942571396402722
8056,0.9704258496309889
8057,0.898907518960695
8058,6.916053053648877e-06
8059,0.0001817909955223128
8060,0.0003718880794826657
8061,0.05476396701444394
8062,0.6548527021471293
8063,0.007637589310323592
8064,0.3945741552687533
8065,0.6455805410244767
8066,0.09351277475910234
8067,0.14208994439565545
8068,0.004571215224049369
8069,0.002354484512524922
8070,0.8152617409915318
8071,0.98135332620099
8072,0.08606355713559527
8073,0.993650700899277
8074,0.881481911638077
8075,0.00019532763358123145
8076,0.9968890636845914
8077,0.9994408976358927
8078,0.014974560542223223
8079,0.9957710507767906
8080,0.009786845657523193
8081,0.1615539246456143
8082,0.0018980200063258754
8083,0.8460995027733988
8084,0.002531766032645006
8085,0.6037996256682886
8086,0.0007772458755155511
8087,0.0015468276773836138
8088,0.8099024997112245
8089,0.9426943553257244
8090,0.08022363586186995
8091,0.9998350711639775
8092,0.9827603306595947
8093,0.02279101907569921
8094,0.782239392563312
8095,0.015290857559067554
8096,0.999879742735896
8097,0.049455207458324615
8098,1.443943113355149e-05
8099,0.17802543773356141
8100,0.04212868951582122
8101,0.5676565129502688
8102,0.0008579112921468071
8103,0.0007556076582882751
8104,0.9566827843794167
8105,8.906398403981202e-05
8106,7.630470593942971e-05
8107,0.1750102684809981
8108,0.8377690430921085
8109,0.9869300038518133
8110,0.33255548192009243
8111,0.0009913626128527618
8112,0.4185252521104077
8113,0.00596319473535294
8114,0.00013757864400173203
8115,4.264778748522853e-07
8116,0.999054297781959
8117,0.9209091533740071
8118,0.20707711983479107
8119,0.0003207617496570587
8120,0.0038460393594370677
8121,0.0001635880239338891
8122,0.9999974365564231
8123,0.3215464299653646
8124,0.10146187106938136
8125,8.636107144609947e-05
8126,0.0030020189145180446
8127,0.05855369213704836
8128,0.004297259226779201
8129,6.0652341642947095e-05
8130,0.7975284503830071
8131,0.9399329174437502
8132,7.4316035849019025e-06
8133,0.0013813329571147552
8134,0.9641117322209618
8135,0.4726667316120974
8136,0.23929903367883157
8137,0.0003413795305487551
8138,0.000130973894132148
8139,0.0724923125332681
8140,8.671880202958286e-06
8141,0.004894397991501019
8142,0.7288646467922819
8143,0.008433617344393412
8144,0.012122253414613853
8145,0.04489518213349351
8146,0.0005635984601023582
8147,3.0164606655210894e-05
8148,0.00030863515262793896
8149,0.016198513634956863
8150,0.0001925679068016
8151,0.9964367836152538
8152,0.9648140101336048
8153,0.000270796273932518
8154,2.0495737185439153e-05
8155,0.2375637593564554
8156,0.01105948738882606
8157,3.3370041473741415e-06
8158,0.029322851130789595
8159,6.933039968634534e-06
8160,0.9175053904749786
8161,0.0001132730516421543
8162,0.07288478923217528
8163,0.05425444568195756
8164,0.34451533899763936
8165,8.652179737050124e-05
8166,0.18313368742171351
8167,0.9989578057069608
8168,0.002982302911438524
8169,0.8441251697994426
8170,0.6596221087234682
8171,1.3155184399208683e-05
8172,0.13304691289797607
8173,0.4589896974764656
8174,0.011328974340945694
8175,0.8483409770021426
8176,0.14905869205954178
8177,0.0001600825046310447
8178,0.3794808313775913
8179,0.06447960939750105
8180,5.568850093327445e-06
8181,0.5214358207601976
8182,0.43036333823729805
8183,0.3654823881790676
8184,0.0019454643343361881
8185,0.22940752164242487
8186,0.8676110078525008
8187,0.04363074799320656
8188,0.9917946993075413
8189,0.6251957220526563
8190,0.0977472544329767
8191,0.0033486252186690664
8192,0.9782003866449523
8193,0.0004003800039559535
8194,0.0006417252644954942
8195,6.346858221780151e-06
8196,0.9466739674252693
8197,0.7508788237342462
8198,0.06587994203635925
8199,0.09486759479155459
8200,0.42585398018830645
8201,0.024007929429200207
8202,0.019541854312295336
8203,0.5399551307284114
8204,0.012596305920520252
8205,0.35979157256983185
8206,0.7606110072799778
8207,0.010691012498054073
8208,0.9964886356407245
8209,7.274003307361572e-06
8210,0.11447371753377918
8211,0.03715142943520872
8212,0.00032726361859158144
8213,0.00019823165479119055
8214,0.9395349422394859
8215,0.021002311877039014
8216,0.23438673978377142
8217,0.9828425842341771
8218,0.020743292241312803
8219,9.732296457517697e-06
8220,0.0005111499533551276
8221,0.9986610143436508
8222,0.07277158311562629
8223,0.27776983983893555
8224,0.21067849410136172
8225,0.013221643698300839
8226,0.7750441784641787
8227,0.06899030208065514
8228,0.5175361879870429
8229,3.0693798068026634e-05
8230,0.020137859852623372
8231,1.8006709278875663e-05
8232,0.9999093979104907
8233,0.003452012584464101
8234,0.20103413364266684
8235,0.9994393548304839
8236,0.9999625987070173
8237,0.0001743823761183386
8238,0.004235268244491502
8239,6.224779875175039e-06
8240,0.9090332557513836
8241,0.9999174480395531
8242,0.0005614857535415041
8243,0.9341196619338167
8244,0.1569908847985919
8245,0.0159610255503773
8246,0.05100102234204395
8247,0.996290248857018
8248,0.4321424236126196
8249,0.4747914529897469
8250,0.03829829245809432
8251,0.13437420562327967
8252,0.054476035148185144
8253,0.09424527313412152
8254,0.11918866779075281
8255,0.999905339646547
8256,0.009658051909720147
8257,0.0010257387902474309
8258,0.9359767139746756
8259,0.03087984836965734
8260,7.985290348252463e-07
8261,0.0055578876012653275
8262,0.08304247761161915
8263,0.026191744887037124
8264,3.2575844912821934e-06
8265,0.0069034430479203955
8266,0.018740450477770752
8267,0.9887914335341426
8268,0.0008429126584531677
8269,0.632246142934936
8270,0.27372472475445353
8271,0.8470856644947603
8272,0.09430069829855886
8273,0.38424143448572406
8274,0.004283582381085401
8275,0.9847231532762915
8276,0.005689045139093318
8277,0.3830233246152675
8278,0.2078877222059418
8279,0.0005071487490318087
8280,0.2597219020488931
8281,0.0022106989476807742
8282,0.200907474629968
8283,0.9542807675887481
8284,0.35282692405550947
8285,0.98827238347698
8286,0.0009304308731407237
8287,8.355075599460494e-06
8288,0.27343312707980416
8289,0.3451893577261649
8290,0.001017722643638312
8291,3.895508718991832e-05
8292,2.2737699637615797e-06
8293,0.05733575123658296
8294,0.26687777659152084
8295,0.5870265773384803
8296,0.0001327312791193378
8297,0.8695618611178945
8298,0.33350183588315685
8299,0.9933402288485205
8300,3.8145476028889032e-06
8301,1.364920526725341e-06
8302,0.7911761323748447
8303,0.00017429496581606622
8304,0.05960324725811599
8305,0.0003091592372025377
8306,0.44931268563047255
8307,0.9741020437492548
8308,0.011980891387821288
8309,0.045414098686781
8310,0.9996613279810909
8311,0.9618172356359136
8312,0.8621282361271229
8313,0.9384067564890559
8314,0.010888379180531064
8315,0.9863649462361125
8316,0.9885271022858061
8317,0.005056298418859706
8318,0.49639926257660366
8319,0.05105909197656634
8320,0.00018329557784759121
8321,0.00018008532739323968
8322,0.04280381487446914
8323,0.24287016600512176
8324,0.005532967830136566
8325,0.0005743446811689413
8326,0.8255417316169467
8327,0.15325163711500203
8328,0.0007666291742382455
8329,0.8686517934470606
8330,0.9975799746800561
8331,0.0001733190276073732
8332,0.6408625340887079
8333,0.0010434211618773833
8334,0.3144665086745095
8335,0.9755050193627589
8336,0.6241488027677102
8337,0.08456984894170162
8338,2.78633866279436e-05
8339,0.001467393166029697
8340,0.002118969261283776
8341,0.018213329309268198
8342,0.9970563171975507
8343,0.01681020277237437
8344,0.9999463578044911
8345,0.0009302530738456772
8346,0.9325499245430051
8347,0.002232179116892583
8348,0.0004135291088881239
8349,0.05625957542870273
8350,0.01052243552658335
8351,1.872701191634771e-06
8352,0.9746978448389092
8353,0.9716215949552668
8354,3.468068351656213e-05
8355,0.9925543408283348
8356,0.054557033587556196
8357,0.8894175523945468
8358,0.003228830068962969
8359,0.9892599124303737
8360,0.9638871860122901
8361,0.23722092020778154
8362,0.9685091126722347
8363,0.07907650112280971
8364,0.9998241727133571
8365,0.6599807506920392
8366,5.8200452521497745e-06
8367,0.3653649117635864
8368,0.44825986494778736
8369,0.0024535480211003687
8370,0.006689860854172768
8371,0.02902733821086691
8372,4.303697145799354e-05
8373,0.04947273368218271
8374,0.3232917702405636
8375,0.007600552996866934
8376,0.37091325731384606
8377,0.0005173976921349037
8378,0.6484630115243681
8379,9.388453361184735e-05
8380,0.9980349793838004
8381,0.13453884449213674
8382,0.9999718367527581
8383,0.21448814773796093
8384,0.002845017502544601
8385,0.03063629772947185
8386,0.9050746349135238
8387,0.9996732543504214
8388,0.04866064444621066
8389,0.0652807311971156
8390,0.0005326304142763522
8391,0.12356482643622181
8392,0.0003068208333657029
8393,0.8489465639839673
8394,0.5692152100660586
8395,0.6971238470972151
8396,0.05529305597681829
8397,0.9999816760077568
8398,0.9958312537968442
8399,0.08463575186076089
8400,0.004151884610766068
8401,0.6803379308387008
8402,0.9889924713567371
8403,0.9402218457048819
8404,0.0010544432632266685
8405,0.7428329188013431
8406,0.03517334921331109
8407,0.966926599408171
8408,0.0027957211773861966
8409,0.001686514532294462
8410,0.008082621038960248
8411,0.0008536475752613233
8412,0.07808216729861167
8413,0.08266431409751357
8414,0.0012918231506679923
8415,0.855820137324985
8416,0.007650200211311728
8417,0.059723194371953024
8418,0.5788633565314176
8419,0.3768022482618562
8420,0.0011542346391601103
8421,0.9998529408046112
8422,0.0628532100404374
8423,0.597313502664365
8424,0.002481980173159735
8425,0.6588153116573445
8426,0.9999599384601765
8427,0.666001774933695
8428,0.9318989874177166
8429,0.0030314031487662903
8430,0.009168530762545153
8431,0.9977616791670354
8432,0.0025482656230692985
8433,0.7704323020469461
8434,0.17706194471379333
8435,0.0012853428154681148
8436,0.9592006576238803
8437,0.9988434215406929
8438,0.0019983667584833015
8439,0.002063499217044749
8440,0.0012535008481121609
8441,0.09806822859821279
8442,0.00665979285104977
8443,0.39377774603553567
8444,0.000239090713823472
8445,1.3006652168605744e-05
8446,0.0011728078996487625
8447,0.08044004072641736
8448,0.10310689774177519
8449,0.042946914135001596
8450,0.00012501373724307162
8451,0.0017161829909397414
8452,5.1442770164472154e-05
8453,0.9993021086055924
8454,0.5158993033758534
8455,0.21843264960494738
8456,0.9627691889348573
8457,0.7693730595455363
8458,0.9999964370080181
8459,0.28876374509954766
8460,0.25975236567603127
8461,0.1272704622105993
8462,0.026037865346141796
8463,5.360292014661374e-06
8464,0.04724485724874526
8465,0.9771918897233264
8466,0.9453102337812406
8467,0.0035239579315980035
8468,0.9700403890459743
8469,0.03431034334192085
8470,0.021814846248009456
8471,0.9961086012153951
8472,0.9998954142467282
8473,0.05236023851801149
8474,3.917154781458405e-06
8475,0.9721050419576724
8476,0.002331472057077993
8477,0.6402823458321443
8478,0.6969161827591303
8479,5.103632405575543e-06
8480,0.0009322650465555201
8481,0.000253938075761446
8482,7.216963623956405e-05
8483,4.4256003210747706e-05
8484,0.6189637985834414
8485,0.017304712431880528
8486,0.4391214631385249
8487,0.00029140840740614636
8488,0.00031071289208069977
8489,0.0017854205711075604
8490,0.10925243361181712
8491,0.743316368729689
8492,0.11260310603886381
8493,0.0002129905837695169
8494,0.04196893317781975
8495,0.9892821443611495
8496,0.3949339933508213
8497,0.02110662062441928
8498,0.15825920229271012
8499,0.3840173811354645
8500,0.017569504773428588
8501,0.03192994198905944
8502,0.12702204547943838
8503,0.9855799727373913
8504,0.005487389200013591
8505,0.0131097656090383
8506,0.00759554295313006
8507,0.8396567767237234
8508,0.3238223769270143
8509,0.01721417596707336
8510,0.0014380749940606076
8511,0.00016814420587275725
8512,0.0008840468780398
8513,0.0026605079561512184
8514,0.0002512061139407198
8515,0.384442423479597
8516,0.0008113243626461212
8517,0.0002897969836372948
8518,0.6220674146245864
8519,0.0002578243027800384
8520,0.00047754088555138985
8521,0.0006736669248224833
8522,0.990942383291736
8523,0.7493749774224467
8524,0.9814571331267041
8525,0.0012096523763837023
8526,0.6692519707701988
8527,0.00018369549007908793
8528,0.01824883276385959
8529,0.8660898956419926
8530,0.9608487236906438
8531,0.9486989814202559
8532,0.022172504021017503
8533,0.0005289483726971593
8534,0.0012467607117984622
8535,0.9973482568219603
8536,0.0016182312715586674
8537,0.0004328536023222667
8538,0.28819486932860344
8539,0.027921854048373863
8540,0.7691971773829542
8541,0.032083879840598066
8542,0.19595500096345508
8543,0.9978109111805094
8544,0.9231456852499413
8545,9.055209865958534e-05
8546,0.8993826778055328
8547,0.0015366802675637263
8548,0.9993763933134923
8549,8.340877676370813e-06
8550,0.0006103348127276113
8551,0.009733365039633318
8552,0.0011530178019486747
8553,0.005165246960744992
8554,0.04218200364037063
8555,0.0015824924512181592
8556,0.1374661562593229
8557,0.6109859341594199
8558,0.9871387192111285
8559,0.9289774170489606
8560,0.9999892838650459
8561,0.46732962606988604
8562,0.11436763700675748
8563,0.05675433007664598
8564,0.00019941034390698974
8565,0.002555856267279173
8566,0.9350305584447677
8567,0.8481331896753072
8568,0.9836075813388794
8569,0.3566320949092797
8570,0.959891697224591
8571,0.0033111096740527563
8572,0.9999551974428648
8573,0.9745793136288377
8574,0.09359730793857154
8575,0.029799180183915516
8576,2.0106356209610376e-06
8577,0.9649187307486039
8578,0.9212352837271923
8579,0.025593546626946535
8580,0.45887131225828787
8581,0.923881299247341
8582,0.023953708819124113
8583,0.7668485006237435
8584,0.723182622272413
8585,0.30162962616886313
8586,0.6839302190787406
8587,9.186650216505656e-05
8588,0.2847533287366116
8589,0.00036989735488177875
8590,0.737937633750075
8591,0.9878527256236735
8592,0.07151615699561291
8593,0.011608635591860041
8594,4.1631390282899065e-05
8595,0.9576537746468374
8596,0.39603045950009713
8597,2.873430220220067e-05
8598,0.6912938344915448
8599,0.9347227917177022
8600,0.0007390056063583114
8601,0.04805743826176873
8602,3.794936151943987e-05
8603,0.0002722621252823011
8604,0.937531715709712
8605,0.44945211132411306
8606,0.031181458418414056
8607,0.4855969518456986
8608,0.9998379467362668
8609,0.17634893898838727
8610,0.013143363934430575
8611,0.8809385349173059
8612,0.14169355171343884
8613,0.9788437736359272
8614,0.3011246344840602
8615,0.9149385962380084
8616,0.14539155177462915
8617,0.0216793573358987
8618,0.6422540850981266
8619,0.0008255985721832762
8620,0.0071554623047782
8621,0.9768941907061646
8622,0.05829522267410262
8623,0.5085156405307895
8624,0.0008680545240450654
8625,0.06645410672135159
8626,0.11599943221102363
8627,0.48903039746086097
8628,0.14059962668047848
8629,0.0044585506830377075
8630,0.9898753529902791
8631,0.02809163524884268
8632,0.002088402265637152
8633,0.005586135212932009
8634,0.01981179880465669
8635,0.7441288741679143
8636,0.972270149771632
8637,0.999732250486599
8638,0.011512477749863134
8639,0.3209171845275931
8640,0.054433159247774594
8641,0.008343160843465102
8642,0.0016933527718236752
8643,0.07152150653106219
8644,5.924312867275563e-05
8645,0.007836733723437213
8646,0.717971275411048
8647,0.29228617867780965
8648,0.41169330244361646
8649,0.6955264141731502
8650,0.00016094321724917992
8651,0.007609133180569545
8652,0.8324493165682169
8653,0.00010921335216579402
8654,0.26397429638668524
8655,0.00035568327503222305
8656,2.5498352482351912e-05
8657,0.42310094167278267
8658,0.018727859437567388
8659,0.06695882114614657
8660,0.0004423239668592928
8661,2.7367250000772007e-05
8662,0.00029302460023145977
8663,0.005867437015813439
8664,0.0001374472460888126
8665,3.288635947727228e-05
8666,0.9998840269789195
8667,0.05671251549116441
8668,0.021081605170909908
8669,4.5159533500095466e-05
8670,0.014591405221306659
8671,0.01569969392950129
8672,0.9999491043185365
8673,0.046504278557774205
8674,0.10868014496786965
8675,0.9399454680904679
8676,0.9318542567822387
8677,4.74037218036005e-05
8678,0.04137766727420167
8679,0.09264573865136845
8680,0.6284796162322179
8681,0.11044910956290853
8682,0.9993750541634642
8683,0.9999100841892484
8684,0.9050058919891983
8685,0.01161792286614926
8686,0.03606401113915803
8687,0.026989887681898393
8688,0.9722078818188702
8689,0.0007475245225916754
8690,0.01848968339393394
8691,0.9800885416765773
8692,0.1388299623118024
8693,6.430835683997725e-06
8694,0.999866135929612
8695,0.9974198787407289
8696,2.4553516443369647e-05
8697,0.9968207090606476
8698,0.023393277215354634
8699,0.025800166360923676
8700,0.9605423279287935
8701,0.9212496920172821
8702,0.15599666001531487
8703,0.0001799393137823517
8704,1.2187064660096097e-05
8705,0.9028963018447208
8706,0.9997854425365541
8707,0.06162984090247783
8708,0.00011381367305941323
8709,0.002655803261903028
8710,0.011350377910969628
8711,0.12691628864709747
8712,0.021791838527123547
8713,0.23903965050316367
8714,0.921701302416812
8715,0.023921349736543977
8716,2.8503253946456262e-05
8717,0.7321360992411015
8718,0.9166308146814739
8719,0.0682278167515772
8720,0.30547143027218465
8721,0.006842615674102702
8722,0.9958656713881127
8723,0.10477631667511007
8724,0.9530757637373882
8725,0.009033991295443178
8726,0.002274529271651621
8727,0.3188388157415141
8728,0.0006182282096694192
8729,0.9999874859315729
8730,0.985626469892933
8731,0.6357697866581756
8732,0.7447634253874085
8733,0.9047887584159815
8734,0.01525070053570531
8735,0.14182775484983276
8736,0.2560094427988831
8737,0.8938803497287804
8738,0.044774872695829776
8739,0.45997172122998214
8740,0.9974736105730867
8741,0.9889738317108601
8742,0.9999782762051773
8743,7.912816076928763e-05
8744,1.9963561212701005e-05
8745,0.16746651761160425
8746,0.21706779731027182
8747,0.052763256667404286
8748,3.8135922463682636e-05
8749,0.03941334910910006
8750,0.29301280768750715
8751,0.8751331657900002
8752,0.5765528518608825
8753,0.8484295616555575
8754,0.5613740642627078
8755,0.9545343178286666
8756,0.38985312302066316
8757,0.2715388492407278
8758,0.6278633786397801
8759,0.8028078255281748
8760,0.008497738261746459
8761,0.9642601156408381
8762,4.080719284164881e-05
8763,0.9548725126802542
8764,0.1728382138045503
8765,0.017523701747874595
8766,0.0002118280989375342
8767,0.014801017709978912
8768,0.03349862660582499
8769,0.10487530682134039
8770,0.001222140234787995
8771,1.7846101854243898e-07
8772,0.9771641585821974
8773,1.687412078388599e-06
8774,0.31779511919310405
8775,0.03100135978783424
8776,0.14257546357313494
8777,0.4123631257994168
8778,0.038721484340476564
8779,9.705524025910911e-05
8780,0.5210724644430937
8781,0.8290442253283
8782,0.01419078906408218
8783,0.023691270996173304
8784,8.417425396228124e-05
8785,0.002206049995727372
8786,0.15002596477104307
8787,3.3638436198619537e-06
8788,0.9953984585201269
8789,0.26611469421949785
8790,0.8910507093200093
8791,0.23219120731307036
8792,8.571442515437318e-06
8793,0.00027812898172618
8794,0.9254231723701658
8795,0.4867495327828073
8796,0.003514037516359552
8797,0.07543266519204664
8798,0.7884348042541841
8799,0.36740490939440285
8800,1.5431455840456925e-05
8801,0.00024326528360577685
8802,0.001706442046385468
8803,0.9973059216332648
8804,0.03992410472713584
8805,0.0037110497622768043
8806,0.463455314505824
8807,0.0023065463708887555
8808,4.7119172723766293e-05
8809,0.33891347151148016
8810,0.014951341460217966
8811,0.17282863252176553
8812,0.9467644573978267
8813,2.6591867622785892e-05
8814,0.49197301680247657
8815,0.999349954324582
8816,0.24086219613727403
8817,0.992868659140874
8818,0.9261640218827765
8819,0.012205303057939787
8820,0.03038464357844503
8821,0.06168293550842511
8822,0.7748361388821114
8823,0.03166146881508784
8824,0.00014305499456496762
8825,0.033090661743652244
8826,0.00028686120674959516
8827,0.727595319451408
8828,0.1583708294183499
8829,0.10733585944259376
8830,0.020556955355132748
8831,0.10123917322432197
8832,0.9554617428943495
8833,0.23689001113989094
8834,0.0017100603437369103
8835,6.605294790904088e-08
8836,6.293568439514494e-06
8837,0.2636112504535704
8838,0.05433196005691701
8839,0.9308823347150571
8840,0.9063123944197788
8841,0.991995041337522
8842,0.9985562456304443
8843,6.647963821484173e-05
8844,0.5609592257963256
8845,0.10442053053125382
8846,0.0002005338539774783
8847,0.00010370932782093406
8848,0.9980751685651387
8849,0.00010437133910121246
8850,0.9694554175170245
8851,0.7562617690879552
8852,0.9979696032985184
8853,0.2511096702856496
8854,0.0006841278314849517
8855,0.011096206377905194
8856,0.0004556536188656834
8857,0.0011042993317828375
8858,0.0007916105870142971
8859,0.9447215507713389
8860,0.05659237277279233
8861,0.04067571906109967
8862,0.0007000529368390038
8863,0.33071713791077767
8864,0.005356010074913329
8865,0.819114431925529
8866,0.9989324276082152
8867,2.080636508605609e-05
8868,0.999984365946012
8869,0.09024743262400628
8870,0.012142929811023485
8871,1.5443091004111495e-05
8872,0.05692159978907563
8873,0.007843664872697073
8874,0.060787658170559734
8875,0.007344795066648509
8876,0.003698098722633502
8877,0.9999905932416235
8878,0.001146492282690595
8879,0.8183866679875758
8880,0.0015814667980743357
8881,0.9517365878084517
8882,0.8781551597377104
8883,0.9443383968290764
8884,0.9854512713707334
8885,0.287187659909258
8886,0.05981589913847439
8887,0.00033402207400356446
8888,0.14097280280855043
8889,0.010835671547958345
8890,5.088010215417934e-06
8891,0.03673374924235825
8892,0.1863784536789079
8893,0.06334939390869486
8894,0.017981689080519
8895,0.9998446898953471
8896,0.660685629862319
8897,0.3302768554664493
8898,0.7993454005053486
8899,0.10838895231075414
8900,0.0010154494934047859
8901,0.2926175135059721
8902,0.9995701818676349
8903,0.7106892136461538
8904,0.57616334552232
8905,0.8441396697622136
8906,0.972756947483658
8907,0.00016657961942540326
8908,0.03660237129101494
8909,0.9427579572073783
8910,0.8584636628324722
8911,6.862384710455369e-06
8912,0.003035136573879094
8913,0.9834310152037588
8914,0.007952067974187864
8915,0.07865881259379016
8916,0.0005551585720578065
8917,0.09313663409570903
8918,0.0007274201234715518
8919,0.12573766549493032
8920,0.008383782263576247
8921,0.023377585848094237
8922,0.967132992865949
8923,0.012044722172055107
8924,0.9158398159671565
8925,0.019079282087254047
8926,0.0015190227829437982
8927,0.8603139334736777
8928,0.9999879219632718
8929,0.025483139761639722
8930,0.760971502933048
8931,0.015551329632170204
8932,0.9754789814404964
8933,0.9660516878002311
8934,0.6486152073055864
8935,0.45845516837134515
8936,0.8743232439096174
8937,0.0005135992679373063
8938,0.6262794238827488
8939,0.00010543298697604376
8940,0.0010018581077683704
8941,0.0005936003224002841
8942,0.0016249399616360483
8943,0.6407716293172846
8944,0.13517075334158876
8945,0.9602446834799898
8946,0.8763973937378571
8947,0.9453152404648497
8948,0.23253012377786186
8949,0.37078684646884114
8950,0.32208376760548696
8951,0.996430723596553
8952,0.13318561101658705
8953,0.00032683876285483885
8954,8.05853924967962e-05
8955,0.9653779620174305
8956,0.8935025982973235
8957,0.9861629702017947
8958,0.9919606742780189
8959,0.5303883920158583
8960,0.013033185442910133
8961,0.4193222851075072
8962,0.5079362568762493
8963,0.6524774253630666
8964,0.28193236421754136
8965,0.8257544967993189
8966,0.002204693078268893
8967,0.002927529499895962
8968,0.0028350963770335308
8969,0.0001708904290468781
8970,0.00018620738113010838
8971,0.002270172800266778
8972,1.5357122481401285e-05
8973,0.005744328322056732
8974,9.885539751658969e-06
8975,0.9822992059876837
8976,1.3891955345818069e-05
8977,0.0013808625882992696
8978,0.0004272609888322401
8979,0.0006742043498847102
8980,0.0001483761840188446
8981,0.9725024526557019
8982,0.01828038158458698
8983,0.2960161708746637
8984,5.194901571884004e-05
8985,0.00028046411354835666
8986,3.075358894670245e-05
8987,0.8899689641814756
8988,4.700841444031411e-05
8989,0.1815985798486115
8990,0.005757159730048526
8991,0.8432153126057471
8992,9.062297541599197e-07
8993,0.11924792806417431
8994,0.08826914735283885
8995,0.9211368679139622
8996,4.671449160506428e-06
8997,0.9951596515459861
8998,7.998729900566767e-05
8999,0.0006728370409108885
9000,0.010878589112525998
9001,0.0023108363766897646
9002,0.0019309699602615775
9003,0.9952822295278357
9004,0.10811653683094245
9005,0.4226571974284132
9006,0.9975289213505754
9007,0.006810882533280923
9008,0.0018015894184833575
9009,0.9513824313756066
9010,0.9910899644705724
9011,0.9381120880399081
9012,2.1856094147146858e-05
9013,0.00015006893701703506
9014,0.31388167609867007
9015,1.3783289220953619e-05
9016,0.1611607258687846
9017,0.0015435584212385983
9018,0.9453891498460193
9019,0.007020319347575449
9020,0.0016753709472897217
9021,0.4920872586971021
9022,0.21350874997747674
9023,0.0023125806752992794
9024,0.00198320759587424
9025,0.22065312617974633
9026,0.8719868484186754
9027,0.9998483136964714
9028,6.590101720349809e-06
9029,0.03891237966466868
9030,0.7907199990290372
9031,0.0001077284857536055
9032,0.059888212309908324
9033,0.993264089178304
9034,0.0015970304713389856
9035,0.010782237230593367
9036,0.001095637782266596
9037,0.028878586020006095
9038,0.008671656867588022
9039,0.05332533082012305
9040,0.000560515148545651
9041,0.03002246116805376
9042,0.001159214143801795
9043,0.447033063625875
9044,0.00020729513367693392
9045,0.0018314917499341091
9046,0.004657712396710576
9047,0.038837982267117745
9048,0.010093244055095752
9049,0.9149760011435757
9050,0.664981607196868
9051,0.9412001829919642
9052,0.009897178402751637
9053,0.04698984692073056
9054,0.06067047781479432
9055,0.0012313505952178552
9056,0.0008565515739845597
9057,0.12963532164222624
9058,0.9998768215397023
9059,0.7947279414257615
9060,0.07806259815752412
9061,0.5601432073968466
9062,0.8431965773524526
9063,0.00024212354146461665
9064,0.11473341908919996
9065,0.02188387929078559
9066,0.0023785567490019815
9067,0.1526864073544122
9068,0.002553342936045107
9069,0.0037660227556617037
9070,0.00011748179261752636
9071,0.0431069728878627
9072,0.976511204191794
9073,0.888575828046278
9074,0.9338442868499519
9075,0.0046513125685784225
9076,0.05381601164459251
9077,0.002561518557069863
9078,0.03940703719510429
9079,0.3604635779238419
9080,0.22345742761768833
9081,0.8658347523191682
9082,6.271234419376753e-05
9083,0.5799345091564428
9084,0.0013425055469645777
9085,0.9586323817988937
9086,0.9605958304288991
9087,0.9923699305008911
9088,0.40155791196829743
9089,0.005446551326048195
9090,0.28873947467685107
9091,0.07438860559920595
9092,0.6076875491972539
9093,0.0013616368603216532
9094,0.028351782965945295
9095,0.9210453707095735
9096,0.972636565524636
9097,0.0028910008116620127
9098,0.004720137219689556
9099,0.01665415692451357
9100,0.001447648202154164
9101,0.37991641487070765
9102,0.08744701646510009
9103,0.7760377418473688
9104,0.07710322129414385
9105,5.7818170349175075e-05
9106,0.010052909960293097
9107,0.07191615474850477
9108,0.1523540302377531
9109,0.16259265532473863
9110,0.02575091319629922
9111,0.0055632361611463255
9112,3.172215895242489e-05
9113,0.43028165445032784
9114,0.0005815993012826614
9115,0.952241228762119
9116,0.356384594240502
9117,0.9025951294864993
9118,0.6128105626465319
9119,0.48178379317942477
9120,0.0003922417548893392
9121,0.9767266348750178
9122,0.9250611975441435
9123,0.09705511741251381
9124,0.002792746340425502
9125,0.718117427526083
9126,0.00830233834351489
9127,0.10898541468465449
9128,2.8041570297121733e-05
9129,0.004405327504625687
9130,0.08658092942116064
9131,0.6469074091454683
9132,0.206017522798893
9133,0.04438937349219281
9134,6.220058620435666e-05
9135,0.5528421542933185
9136,9.022602385468905e-07
9137,3.9115213372649673e-07
9138,0.0017969662483435522
9139,0.0004068153249077962
9140,0.0011328399065133074
9141,1.604021599402073e-05
9142,0.08967111079060501
9143,0.8444683023337046
9144,0.9771169516744886
9145,0.04828405573360268
9146,1.516624973845941e-05
9147,0.033637558563690585
9148,0.04265867915996428
9149,0.009595200131426873
9150,0.5453133257319487
9151,0.015393642470556048
9152,0.6901491451797818
9153,0.29156885351358264
9154,0.9987764371560922
9155,0.9999609038796964
9156,0.9228980825028424
9157,0.7943520364508887
9158,0.001399040067521262
9159,0.003248728452798969
9160,0.06611688664387551
9161,0.0014864525451639067
9162,0.10403611397118254
9163,0.00010624706910811546
9164,0.8733639794371365
9165,0.0041643433280129
9166,0.9979233126832
9167,0.0033914235834539307
9168,0.2580213364713952
9169,0.996816346189556
9170,0.8759814971618771
9171,0.9955655722619601
9172,0.12622666251919676
9173,0.4738425787541096
9174,0.09034342649542158
9175,0.0014762047071778745
9176,9.257351748785355e-06
9177,0.41291238305623545
9178,0.031045184331838598
9179,0.008372861870082949
9180,0.00018015029414836166
9181,0.0004981083298611295
9182,5.3779093562211826e-05
9183,0.0003403680228535529
9184,0.18279213264229247
9185,0.0006559906581219725
9186,0.7084382365663671
9187,0.6150047351872303
9188,0.008414631217091056
9189,0.9734535148241263
9190,0.0008345123195416897
9191,0.0001985877477692477
9192,0.983545594761048
9193,0.008749077420919793
9194,6.080904682153682e-05
9195,0.10450770292767113
9196,0.9213080892580336
9197,0.8173673578904134
9198,5.520892723400103e-05
9199,0.00019604392683021942
9200,0.038052508295670834
9201,0.9994077238416433
9202,0.00017018362694280997
9203,0.0004010651220792928
9204,0.24968417368196932
9205,4.5670919820836606e-05
9206,0.12150892704442752
9207,0.7190470299603645
9208,0.0003282338264054204
9209,0.015356269025693248
9210,0.9999050365426594
9211,0.23155052307577773
9212,0.8196577112563003
9213,0.013740851353593753
9214,0.0006590110053786542
9215,0.06009104297055882
9216,0.00204725874571321
9217,0.010733018112287508
9218,0.056250113081368
9219,0.09591608118575098
9220,0.01654180832040454
9221,0.0019274600086415727
9222,8.065899045186116e-05
9223,0.9999849552598614
9224,0.00030272796470409615
9225,0.999945186479297
9226,0.9999947085265639
9227,0.17975569793077673
9228,0.004688614886224744
9229,0.05911721610445429
9230,0.7310148484724789
9231,0.0001302035330487636
9232,0.3796295872293605
9233,0.0015885955989940117
9234,0.00022648513999382714
9235,0.17711632564859414
9236,9.539070574966099e-07
9237,0.00038177822750304325
9238,0.12946755523040757
9239,0.012306125240666313
9240,0.8891038152041664
9241,0.4668262555145847
9242,0.00015390613235297652
9243,0.9999847404399147
9244,0.0016865868230667132
9245,0.03339101236957653
9246,0.6452896791640889
9247,0.19377597832282947
9248,0.9997326774757306
9249,0.9997942333309165
9250,0.013566384633041136
9251,0.8748978089557434
9252,0.002314387326328229
9253,0.00223498610326272
9254,0.22082589258556695
9255,0.9997439790581016
9256,0.18568944482805674
9257,0.029876672402330554
9258,0.1855655625508461
9259,0.22225791367729134
9260,0.23023720423810554
9261,0.9951787261993735
9262,0.9384700027867806
9263,0.011594572496222725
9264,0.16144612645060685
9265,0.0005865072531822764
9266,0.8283196467987832
9267,0.9373475745178885
9268,0.033701244609996406
9269,0.0942259357960532
9270,5.669762764959392e-05
9271,1.2924081371121132e-05
9272,0.005291714493482449
9273,0.020731376243653506
9274,5.753833748074144e-06
9275,0.4992234068843537
9276,0.029328730695140044
9277,0.20461317308212432
9278,0.9996230518154818
9279,0.011379722082032693
9280,0.9842784030986332
9281,0.9483247657820341
9282,0.6756177998788526
9283,0.8742566157731269
9284,0.05679776896132789
9285,0.176697108937382
9286,0.013129201119341209
9287,0.9734232297964718
9288,0.005953596952109365
9289,0.5484237987007715
9290,0.03958990484270178
9291,0.024221975692055326
9292,0.00017282638111409235
9293,0.6123040597426855
9294,0.10436958710290357
9295,0.31713580370950406
9296,0.0011569170068684604
9297,0.950144168327457
9298,0.32963264587535557
9299,0.0001219473451989953
9300,0.007373090294367241
9301,0.0004051658448323962
9302,0.19043655127891954
9303,0.0022380192597857757
9304,0.0026896750202204606
9305,0.0006640089135341023
9306,0.055694274942126275
9307,0.6998189160670018
9308,0.9817959394049487
9309,0.9925232069013804
9310,0.002332554183809441
9311,0.9773287908697829
9312,0.9531818788247725
9313,0.7451585753812007
9314,1.0564521799847101e-05
9315,0.7351063785019103
9316,0.03067265451326676
9317,0.8140546627150663
9318,0.0005396012762051718
9319,0.09788943478221752
9320,0.016897257962369877
9321,0.7812949565292978
9322,0.842352312423811
9323,0.8657311464404517
9324,5.8297172266088914e-05
9325,0.027288185277936194
9326,0.04368528406582503
9327,2.2660730744571048e-05
9328,0.425204753051301
9329,0.05452263442354073
9330,0.9455517877042575
9331,0.7684677118080084
9332,8.226749780539289e-05
9333,0.06448763376133862
9334,0.16376708929686867
9335,0.009208948036422058
9336,0.0007396698975343899
9337,0.6736556882201583
9338,0.0039895789456121595
9339,0.030940709592567946
9340,0.549194218044271
9341,0.0008907096537299539
9342,0.007290797936935429
9343,0.7672041197523095
9344,0.10598297682049755
9345,9.040260251392573e-05
9346,0.0059894521919235215
9347,0.9582888061581001
9348,0.5035531319784279
9349,0.022196696623513052
9350,0.1555330517092946
9351,0.013544010286837157
9352,0.008191472382214326
9353,0.01722582674151456
9354,0.003029183523240829
9355,0.00987032891090729
9356,0.7433701964249172
9357,0.09832205471149752
9358,0.32771585170248924
9359,0.9981963550748549
9360,0.17655487443709694
9361,0.0021357447128815222
9362,0.1465295015591615
9363,0.001353763224681635
9364,0.4363055856952624
9365,0.0013483150631232125
9366,0.11118630710611312
9367,0.9961884398511538
9368,0.02190561280322868
9369,0.00014252143372765785
9370,0.9895921644590683
9371,0.2973001847561539
9372,0.014027818160480866
9373,0.08161033992426903
9374,0.013001877679476772
9375,0.694462640173469
9376,0.12273577389575924
9377,0.05005593688587862
9378,0.999775790235157
9379,0.8106737402990613
9380,0.04081506813756632
9381,0.9898603789439832
9382,0.00083408900756598
9383,0.9794957425954889
9384,0.9997918131903298
9385,0.9978877921382621
9386,0.0004354299158304065
9387,0.7506861238300013
9388,0.24562627807656917
9389,0.8768919027318252
9390,0.01340179138894575
9391,0.3557757424112489
9392,0.6272837394115517
9393,0.0008275992802454096
9394,0.40378884848577357
9395,0.9583643411605176
9396,0.0028202262219077087
9397,0.9999853950597797
9398,3.485211651215583e-05
9399,6.533889728041954e-06
9400,0.6744122118292872
9401,9.160932984255131e-05
9402,0.0613692676486644
9403,0.0001920673816032789
9404,0.9891408816976441
9405,0.19518321521913495
9406,0.0014816047631344416
9407,1.2141066243665131e-05
9408,0.5222969773802465
9409,0.3743712297566914
9410,0.9950781996283946
9411,0.023220901105522246
9412,0.020283543178624477
9413,0.0029357622690966206
9414,0.038587340500251865
9415,0.09668520525830675
9416,0.001390099610674095
9417,0.24727163619981
9418,0.007019349594038847
9419,0.39198050125449135
9420,0.9918712089526448
9421,0.31877596603404423
9422,0.9998412139340848
9423,0.00011831525123944534
9424,0.978523298779643
9425,0.9945852174553654
9426,0.5673361860878758
9427,0.02794291135742642
9428,0.07302579571449731
9429,0.6726209511118022
9430,0.000971650059380047
9431,0.7127197225971639
9432,0.0036685178268633213
9433,0.9209827035467911
9434,0.002554050376998958
9435,0.9999478514209812
9436,0.9957855658381718
9437,0.0011127757148142261
9438,0.821627843030224
9439,0.0003330244003246634
9440,0.20332390251776702
9441,0.3659389444079206
9442,0.11298474500321613
9443,0.018453247517835936
9444,0.015030086454984246
9445,0.8652413209291634
9446,0.10268826312588135
9447,0.9915136649188908
9448,0.258371880698559
9449,0.026261535755640563
9450,0.13611293433322771
9451,1.7275612974773817e-07
9452,0.9915151655638547
9453,7.702333975682152e-05
9454,0.017374518679547837
9455,0.39102700547671426
9456,8.338390832201443e-06
9457,0.6159616503678459
9458,0.025291617429203047
9459,0.28712398266920175
9460,0.0006252216149852561
9461,0.9098041087746177
9462,0.13620675092170437
9463,0.13071298726704195
9464,0.5782751408862731
9465,0.0009455829760524317
9466,0.02472400366442868
9467,0.929317383387649
9468,0.01798191221084411
9469,0.0029103505110333037
9470,0.9844518278310334
9471,0.0006006843725191086
9472,0.9994574335629448
9473,0.007084516545229218
9474,0.9945321023743657
9475,0.00454154297442238
9476,7.637201330336029e-05
9477,0.0410117118226366
9478,0.03690659805983319
9479,0.045445949492190794
9480,0.9357752415837951
9481,0.8352581733642916
9482,0.08310920759548827
9483,0.9790381312417231
9484,0.1722757406481971
9485,0.15139363134169453
9486,0.20463701976389959
9487,0.9560244376043217
9488,0.8848726713047251
9489,0.2605616317764988
9490,0.03510301228126185
9491,0.020865018926501774
9492,0.742717445220424
9493,0.0008662941026288173
9494,0.3158899754199086
9495,0.0011253919075976456
9496,0.000530318793342945
9497,0.012985183391190643
9498,0.871668375141268
9499,0.9532752806891803
9500,0.29696609971412424
9501,0.038221131104897506
9502,0.9768399628280687
9503,0.9931935369057308
9504,0.5365833974461865
9505,0.9637808812344794
9506,0.9995670484958077
9507,0.02480811688640493
9508,0.0023779789222064173
9509,0.019031424996777808
9510,0.00039664455851406907
9511,0.34827209244380275
9512,0.035829356686180584
9513,0.9189330462150154
9514,0.0994320098999952
9515,0.12013775808595338
9516,0.6660897161483343
9517,0.1330926163678413
9518,7.216617831117479e-05
9519,0.9520764437536833
9520,0.013795262458082715
9521,0.002715434832650974
9522,0.7212622636997864
9523,0.0063282300418869225
9524,0.008040912952410486
9525,2.681904909931077e-06
9526,0.970178827888598
9527,0.002108043838969924
9528,0.08196629604955229
9529,0.44785348990611873
9530,0.006156182510146183
9531,7.970446089991198e-05
9532,0.38041776921990544
9533,0.33869759476007566
9534,0.9215713092580966
9535,0.5551810578307842
9536,0.0025676598740121074
9537,0.9998380643168063
9538,0.033890959830645745
9539,0.9015840778678959
9540,0.9945556750682447
9541,0.03580635530491422
9542,0.22869166262307114
9543,0.00029249508060567614
9544,4.022081609480055e-05
9545,0.0001384923324250732
9546,0.9836447707548917
9547,0.7956086025406882
9548,9.89751668559365e-05
9549,0.23995636780959226
9550,0.6122085849224527
9551,0.12523171111534634
9552,0.8090577221084181
9553,0.8721877857472538
9554,0.994293376994607
9555,0.3581308275660121
9556,0.0007013773346025862
9557,0.8747847714165793
9558,0.015632863395329277
9559,0.004819888177192891
9560,0.0016920352833424013
9561,0.034250984697952354
9562,0.9997695726651267
9563,0.11550821369889024
9564,0.37288315449032355
9565,0.0011626681585332201
9566,0.18207508448759707
9567,0.9997797483098028
9568,2.6563427260213842e-05
9569,0.041240255458372975
9570,0.814720009925495
9571,0.17801358922486404
9572,0.08379104938405693
9573,0.8948663266427588
9574,0.9989210771132968
9575,0.2578846473199667
9576,0.9825175057609665
9577,0.5693749983353705
9578,2.4244512912473585e-05
9579,0.0002766830946198242
9580,0.9004557394040487
9581,0.9747069304469269
9582,0.0006933608904314716
9583,0.9651541665083831
9584,0.9891972550256688
9585,0.016270133030032767
9586,0.00016680874848032522
9587,0.010039672173758521
9588,0.999746764949961
9589,0.006688022436687912
9590,0.06130198902736283
9591,0.000796541562542588
9592,0.9170492761780521
9593,0.062200902997849236
9594,0.9821736162939065
9595,0.9582972070167015
9596,0.015929483904946175
9597,0.974224570942877
9598,0.9863529395489786
9599,0.20266059283616863
9600,0.9059646347419235
9601,0.910016891165416
9602,3.514012703016429e-06
9603,0.8686933800519673
9604,0.0035024393844380816
9605,0.0005919901867252789
9606,0.00041948709000103545
9607,0.9021124257145913
9608,0.9189105837527678
9609,0.004240686910072194
9610,0.002318851268963397
9611,5.0819198097686025e-06
9612,2.1296415011800662e-05
9613,0.01648632022095225
9614,0.4570451226197405
9615,0.1107939612099121
9616,0.9960402329929312
9617,0.0002165107953018805
9618,0.033159173665202386
9619,0.0762081717938554
9620,7.907935970776086e-05
9621,0.8317594442734444
9622,0.0005667667684383104
9623,0.41269273320641214
9624,0.2839234470959317
9625,0.00012237263765775045
9626,0.14719700693890042
9627,0.004187594876806675
9628,0.9971065177062189
9629,0.40562716201553567
9630,0.3248608070155413
9631,0.9998132453009448
9632,0.9992875805676118
9633,0.002506535950174877
9634,0.140887633712865
9635,0.9999614727803533
9636,0.9938858766040597
9637,0.00032027043341402466
9638,0.1199043921698139
9639,0.02006446123713599
9640,0.47992367834689936
9641,0.022000855593831622
9642,0.3876831965417037
9643,0.00019128073448147068
9644,0.9785164897226937
9645,0.00500159299669589
9646,0.4837185493091975
9647,0.4020567933696337
9648,0.0036342852208976458
9649,0.9862771628580659
9650,0.10246406229030489
9651,0.9940091649227986
9652,0.8308735712275269
9653,0.6456030043049484
9654,0.06806615943815215
9655,0.0001955606007151703
9656,0.4551890052820471
9657,0.9196095064434325
9658,0.9998609571811244
9659,0.0007244623057912681
9660,0.05539973437496143
9661,0.04936296684535577
9662,0.9787814963363762
9663,0.00018420689723077155
9664,0.010713189296613084
9665,0.01972325550693301
9666,0.07669925825727797
9667,0.007521516859861087
9668,0.007826771966073301
9669,0.7145548618119146
9670,0.9378298877231226
9671,0.08688450484694686
9672,0.9148016123355477
9673,0.12705206962162857
9674,0.9498214843897483
9675,0.16703317257074005
9676,0.35168210456328974
9677,0.0019240215708944733
9678,0.8896200749610539
9679,0.004902765949036177
9680,0.17353913495446047
9681,0.7983012485413423
9682,0.036198307359633315
9683,0.7759218301216768
9684,0.0025989060090013867
9685,0.9411950165421465
9686,0.017193465141272266
9687,0.0005175228988907287
9688,0.03451278079219971
9689,0.00010004442236350365
9690,0.054553934485238494
9691,0.9911697281286805
9692,0.20567240947789447
9693,0.04774342348175369
9694,0.9163526454164688
9695,0.002949087339333439
9696,0.960668520570622
9697,0.6147866732659141
9698,0.0187188678329012
9699,0.013466490231610347
9700,0.0009935614757486887
9701,0.0001609751406505696
9702,0.9998732380457518
9703,0.17884511794108068
9704,0.011721634354656505
9705,0.39350875430780424
9706,0.6085732406313002
9707,0.8273819271175697
9708,0.0006075278773182536
9709,0.006846885110380636
9710,0.5897113049450515
9711,0.06243881057444881
9712,0.6315769748417326
9713,0.5269177330222433
9714,0.0008839163144213553
9715,0.006118694622493973
9716,0.0621444294996509
9717,0.002854148270298823
9718,0.10388073164168812
9719,0.009827583198052546
9720,0.9999230207379102
9721,0.9761827531804386
9722,0.061755731509972614
9723,0.01963279823849722
9724,0.0024746643263407458
9725,0.8886647277768749
9726,0.12139813893256247
9727,0.0022244219535184863
9728,0.17984611693553493
9729,0.004696859266875419
9730,0.9540183551972155
9731,0.01637785815426799
9732,0.010001112278986405
9733,0.0003270599910997905
9734,6.759939320557514e-05
9735,0.8514085323180572
9736,0.1186924409929711
9737,0.004887876672942703
9738,0.31138415912855166
9739,0.0010618811251209758
9740,0.005890324980917477
9741,0.8510026023511689
9742,0.030834157424188886
9743,0.08390449196087456
9744,0.12030496161679048
9745,0.9993203472162623
9746,0.0003305651714869624
9747,0.2079393719420379
9748,0.5333178099518265
9749,0.9414769332492366
9750,0.00022375441743065344
9751,0.999316721917875
9752,0.31353850188763355
9753,0.992641756683974
9754,0.2672408269386
9755,0.9996568658296787
9756,0.4076214499957102
9757,0.9949411819602855
9758,0.26030642065800036
9759,0.04132922662926911
9760,9.366630108889358e-05
9761,0.7025386927143188
9762,0.0001974307819490983
9763,0.00014352350400612316
9764,0.9992894003111112
9765,0.0363981398880383
9766,0.07524751358561971
9767,0.9999937820331636
9768,0.9212421048700672
9769,9.739499518693474e-05
9770,0.616033604955116
9771,0.0012949218372478853
9772,0.19245196469765846
9773,0.8513758217096268
9774,7.780616260889145e-06
9775,0.0014015125350557473
9776,0.012252224717648814
9777,0.17244687083310656
9778,0.0015302940011518468
9779,0.5230379710907935
9780,0.9994492456570061
9781,0.016145132351488227
9782,0.047589322401214586
9783,0.04541565557757732
9784,0.6092831901396547
9785,0.9841086632155388
9786,0.05701644729886949
9787,0.0008031182989365832
9788,0.001479161198277694
9789,0.0025823612335346097
9790,0.00023252705176064314
9791,0.0013164353525731084
9792,0.030204623938553738
9793,0.3403932831547123
9794,0.8462327260207828
9795,0.006548872003814277
9796,0.033393554617045865
9797,0.05346447204734293
9798,0.1526302223247456
9799,0.02368528311348927
9800,0.007358975527255533
9801,0.00946803808067552
9802,0.34678036213018076
9803,0.0002918135254340053
9804,0.9825506646924775
9805,0.0003220988336157038
9806,0.8128662248621155
9807,1.5926625945282456e-05
9808,0.00489537684571527
9809,0.005082907843944246
9810,0.00010751266677354856
9811,0.013274300098188445
9812,0.9079931540799552
9813,0.009916400875899851
9814,0.00038115802582625377
9815,0.5000969199957234
9816,0.16988631398894194
9817,0.16910599130368825
9818,0.008154479051132561
9819,0.1182747980022985
9820,0.8074460058642587
9821,4.314120089821014e-05
9822,4.06053623109281e-05
9823,0.9934971426267644
9824,0.890039310551144
9825,0.9819490128613506
9826,4.033810466663788e-05
9827,0.9977802597750728
9828,0.9655354168044821
9829,0.916034776531231
9830,0.9999133901571942
9831,0.027992727986547793
9832,0.07561442849774352
9833,0.9015097113895895
9834,0.9103632114738127
9835,0.5067682157283493
9836,0.9958850840913094
9837,0.9936391002124909
9838,0.0012674137532166134
9839,0.016014688428273027
9840,0.999999535284214
9841,0.00013905070142861405
9842,0.010968091372712369
9843,0.9222165632094151
9844,9.489208557484511e-05
9845,5.151288299506664e-05
9846,0.5299640489988703
9847,0.79365491390296
9848,0.012307342862937377
9849,1.2403196731173274e-05
9850,0.2324088417639644
9851,0.432949536803399
9852,0.024768073610304375
9853,0.0002924556222372362
9854,0.06172443737849851
9855,0.07153799843360277
9856,0.07568899545883441
9857,0.9939709086456118
9858,0.19552392384356893
9859,0.994695363996439
9860,0.007034809403599047
9861,0.0002452585120984317
9862,0.0022355995312199626
9863,3.486860742234619e-05
9864,0.9820348970860857
9865,0.9999876386434702
9866,0.003230963735988276
9867,0.00010832019390134262
9868,0.09159375890999484
9869,0.6356232187744387
9870,0.015122170063406075
9871,0.5767022441208431
9872,0.056964115528486695
9873,0.0028260600490865933
9874,0.9890132119276736
9875,0.08269328082394124
9876,0.05022390460892851
9877,0.36647707287896586
9878,0.49709599229225837
9879,0.9579869785443665
9880,0.00546467457479975
9881,0.9646586337220991
9882,0.9632401197212545
9883,4.67920741514369e-05
9884,0.001658113948445171
9885,0.5982270779779333
9886,0.3827702272872558
9887,0.0085202163430952
9888,0.39783230051499485
9889,0.9893770734783528
9890,0.07855694404610292
9891,2.185669472586693e-05
9892,0.06397748162046327
9893,0.38656750101812565
9894,0.027496536223005647
9895,0.01009330253175125
9896,0.9557258726781241
9897,0.017338741875088097
9898,0.08086275481474658
9899,3.9359450292763445e-05
9900,0.13800903397270944
9901,0.24741527610931577
9902,0.042687570621777984
9903,2.6510501024402524e-05
9904,0.8127468150291043
9905,0.04861482601874208
9906,0.002210576976996099
9907,0.40635131117700174
9908,0.0004938865435574759
9909,0.7918959596633395
9910,0.995837092029124
9911,0.002822060441674206
9912,0.037945198402454944
9913,0.008946664907937484
9914,0.28258003220567113
9915,0.9999828015339678
9916,0.1706541998248937
9917,0.008533013363461586
9918,0.007725953308132672
9919,0.8836099121676787
9920,0.0836016251867722
9921,0.007780934478652806
9922,1.057048193990696e-06
9923,0.9005756479278859
9924,0.13521039085886968
9925,0.03229118326941022
9926,0.5513486294128369
9927,0.061172262085549226
9928,4.7431398181195956e-05
9929,0.966695996228121
9930,0.9158984648590378
9931,0.9572823009380893
9932,0.0003104801358921247
9933,0.001625000554121086
9934,0.08135395467387174
9935,0.952820559792528
9936,0.9907819114817521
9937,0.7493283596352258
9938,0.6539118530662876
9939,0.00018217596643576523
9940,0.015463527664041292
9941,0.00018750951533684585
9942,0.031924362654226816
9943,3.7192061676242785e-06
9944,0.483205168609655
9945,0.6236701536732887
9946,0.00021481630777428704
9947,0.019331214820291605
9948,0.03662768654889643
9949,0.0007733355456511752
9950,0.9546325701652078
9951,0.13085945926107395
9952,0.000280070627344928
9953,0.999901518478458
9954,0.009792332549485751
9955,0.07444266842805523
9956,0.9897234868068032
9957,6.432658966323252e-06
9958,0.9999971153044444
9959,0.25301326550891257
9960,0.7453336997317321
9961,0.016001596565366618
9962,0.3632101642887174
9963,2.1783008015429467e-05
9964,0.017710031323318172
9965,0.03963072151927088
9966,0.0002746729712318772
9967,3.3381873863602035e-07
9968,0.127391532467353
9969,2.82084319298808e-06
9970,0.20238129256960374
9971,0.9998885327258041
9972,0.09866498781354188
9973,7.67583761668047e-05
9974,0.05530745963578397
9975,0.24228146301387785
9976,0.9899552450185898
9977,0.03510292953949234
9978,0.747688932610093
9979,3.2976428948817557e-06
9980,0.8892291328114281
9981,0.04641922339912921
9982,0.0012933427063562368
9983,0.1923145504327107
9984,0.00030703166367385316
9985,0.020349014033574003
9986,2.7083162411423463e-05
9987,0.015285901071921845
9988,0.002398430384465622
9989,0.000485348618195313
9990,0.10177957431724581
9991,0.9838262592263308
9992,0.020481604254650423
9993,0.2685687600181089
9994,0.6881602400493548
9995,0.0004965578823596388
9996,0.046623756665456866
9997,0.8231713124468438
9998,0.9943488139012144
9999,0.014806446291228036
10000,0.9271938208952947
10001,0.01718532326495509
10002,0.007630645435511482
10003,0.6170964936130021
10004,1.1145514330831955e-05
10005,0.9585723183812459
10006,0.9783293448855047
10007,0.011008974233329423
10008,0.9879087389506194
10009,0.9194393712969783
10010,0.35000976163341607
10011,0.01876460020566416
10012,0.9283472481735329
10013,0.002347122592097537
10014,0.00017113013510537637
10015,0.2062138443780838
10016,0.03958279588713958
10017,0.0001809568885030513
10018,0.00037249398709601045
10019,0.1681918851196313
10020,0.0008999903389835507
10021,0.008094044374142913
10022,0.9827757375321194
10023,0.9975879278534228
10024,0.7457211604198015
10025,0.0007836001661555347
10026,1.561853703623963e-05
10027,0.04757920283887655
10028,0.9959579593366434
10029,0.016232681582465807
10030,1.4111436757264513e-05
10031,0.16706242345616498
10032,0.6617211740421957
10033,0.9918161616341918
10034,0.0001996382001389667
10035,4.619374476298857e-06
10036,0.0004105554778366971
10037,0.44620215276674413
10038,0.021878859106947816
10039,0.3468231773942029
10040,0.9943771139148563
10041,0.0003607024353219391
10042,0.9634132148030505
10043,0.0024145302645016565
10044,0.0023708864525312026
10045,0.02400561171783882
10046,0.04575694298944003
10047,0.9358157548306606
10048,0.009548056684121162
10049,0.7560838856697816
10050,0.036796374970915424
10051,0.20004779736719164
10052,0.9950453009923901
10053,0.0009965691407928506
10054,0.16419455546156764
10055,0.24828832287705427
10056,9.280023589991554e-06
10057,0.9461043883612164
10058,0.999296917061823
10059,0.0002027274403804486
10060,0.052811076048354944
10061,0.020232497188891342
10062,0.0010295871881850908
10063,0.05991223856915452
10064,0.8150150260684303
10065,0.009869465818304772
10066,0.017254376908973267
10067,0.015162725863919624
10068,0.002748726662365693
10069,0.6796140136900084
10070,0.004114765077311823
10071,0.6551729637204923
10072,0.9378932456175199
10073,0.002649426705018467
10074,0.3350623973562224
10075,0.07758531284698729
10076,0.9106712891402643
10077,0.067814003483798
10078,0.5376482194954506
10079,0.07365715552725717
10080,0.0025228181430222143
10081,0.7648495195466778
10082,0.7284502708595534
10083,0.06783854259855712
10084,0.02054300493728749
10085,0.04563404706478297
10086,0.03384368027704883
10087,0.2877576131048541
10088,0.0019076787702911506
10089,0.9269602374965875
10090,0.007994814149628694
10091,0.0002791884755415652
10092,1.0600370782346043e-07
10093,0.05200612128119485
10094,0.8472563112977668
10095,0.00029584359677269057
10096,0.0009737108725604835
10097,0.987210255995572
10098,0.36315299075468843
10099,0.07530499595281061
10100,0.12411413758423369
10101,0.0008999857303816193
10102,0.007494078005555472
10103,0.06092618844111635
10104,0.855460521017251
10105,0.001633087042919671
10106,0.009573278731290196
10107,0.00046619614190736427
10108,0.023569511030045932
10109,0.009089350739975998
10110,0.006530962318102279
10111,0.011974896654097964
10112,0.0004754983440050995
10113,0.7932829167130417
10114,1.0605181307095308e-05
10115,0.003416836939386571
10116,0.5191117907698295
10117,0.0021504214048425714
10118,0.0013368916783209881
10119,0.016924755823574302
10120,0.043618020897782495
10121,4.6822677947543366e-05
10122,0.47824800825055436
10123,0.000576655149121638
10124,8.598125803080028e-06
10125,0.47567610638322894
10126,0.8121864905528752
10127,0.00520289057762256
10128,0.24306624743899863
10129,0.004767383633596948
10130,0.367875409255777
10131,0.9640585772530235
10132,0.011465740737511887
10133,0.9926265042165987
10134,0.9944330227881976
10135,0.028602794176147726
10136,9.631962869249587e-05
10137,0.0112328933984741
10138,0.016254575579286057
10139,0.9551186655427578
10140,0.07622142268317447
10141,0.02178714474381867
10142,6.595366016892251e-07
10143,0.2023164676093219
10144,0.00029029207577951243
10145,0.008006202501766247
10146,0.05393857095853905
10147,0.5510639176749432
10148,0.5272541911680619
10149,0.5319696368447409
10150,0.23682027951945522
10151,0.000530791459883605
10152,0.001665727832458566
10153,0.9775804573432005
10154,0.09678409674404283
10155,0.06367029674969833
10156,0.668820190040666
10157,0.09871850206894817
10158,0.9984345252312832
10159,0.19437205326503568
10160,0.9698859691845151
10161,0.0027139338516961597
10162,0.9775690148073591
10163,0.9995954548437961
10164,6.932132010683387e-05
10165,0.016981278804880876
10166,2.8378298748075827e-06
10167,0.9982996543450242
10168,0.44948264534466753
10169,0.9512608325518623
10170,3.0473331057487926e-05
10171,0.001124861977133361
10172,0.05622217303580545
10173,0.013289779520752821
10174,1.9528658960191653e-05
10175,0.21299264602148693
10176,0.0030406840064288927
10177,0.9994000899890353
10178,8.258406176842504e-06
10179,0.003075093156094409
10180,0.0013615721389110477
10181,0.00017751720721294272
10182,0.02653172502421892
10183,0.9992316941263282
10184,0.9988057633141306
10185,0.9190067085311818
10186,0.33987252401842977
10187,0.0011502623203767364
10188,0.00019030373899640095
10189,2.3943598653189607e-06
10190,3.313759758027576e-05
10191,0.9932849107408831
10192,0.9806858534621591
10193,0.003515239638194268
10194,5.838540620113002e-05
10195,0.0006163811551596358
10196,0.8417950535683807
10197,0.22578852065069333
10198,0.005185526823224473
10199,0.01549078673582997
10200,3.571671221004159e-05
10201,0.0006545155507278745
10202,0.8001656028240669
10203,0.0021041622230436466
10204,0.9728202147560341
10205,0.00748642921359444
10206,0.9995308438203564
10207,0.002328562347403011
10208,0.9940964822122411
10209,0.9884393041529641
10210,0.9892619218865849
10211,0.0017719281705537064
10212,0.9665685661382494
10213,0.5783219680075529
10214,0.22730830409529462
10215,0.0004811929865790917
10216,0.696599702466762
10217,0.979025587802709
10218,0.0010754834218083835
10219,2.292501715059372e-05
10220,0.001104478143160949
10221,1.2068748471301365e-05
10222,4.354260742126992e-06
10223,0.7987352908587501
10224,0.9371923393898345
10225,0.011495876401506021
10226,0.03043874545050513
10227,0.999966509392723
10228,2.3363530186712404e-05
10229,0.0722402079040872
10230,0.9997402430998761
10231,0.0011260180347992229
10232,0.2801935496680482
10233,0.1291450508511396
10234,0.018149969746059903
10235,0.00013441544004680832
10236,0.003813708285196122
10237,0.15272169962503915
10238,0.008522799198745802
10239,0.8785555386376563
10240,2.5867989108641605e-05
10241,0.044497788018461666
10242,0.44131887897860644
10243,0.7012777765321596
10244,0.00015428259721991954
10245,0.9893198574177378
10246,0.001406221569850217
10247,0.7765166315325281
10248,0.01768892931051147
10249,0.9241639380592951
10250,0.0032752172692031996
10251,0.010126429787576092
10252,0.009599748040800144
10253,0.048171283085257165
10254,0.01352054267611974
10255,0.020642018142790746
10256,0.9999981716642795
10257,0.972402910012453
10258,0.0015150822714329428
10259,0.9383462761336026
10260,0.9866658018658169
10261,0.0531387429495851
10262,0.0034663112203464873
10263,0.9263438590481127
10264,0.9496300238897828
10265,0.0337792685376303
10266,0.8002707654151504
10267,0.9763305691103582
10268,0.49093332492059644
10269,0.00010377665807206082
10270,0.0001509454097336425
10271,0.0047372637901361425
10272,0.012972139151515974
10273,0.6213574592378799
10274,0.01981786628958454
10275,0.3410187590026894
10276,0.019683375523931814
10277,0.25829449964074386
10278,0.0013854106576878331
10279,0.9890809206373066
10280,0.0008866627034952306
10281,0.5753550296659652
10282,0.004983122404264262
10283,0.19650778943325756
10284,0.16076354285492975
10285,0.016061208678667657
10286,0.002715160676728572
10287,0.24316667702138922
10288,0.02920737918284151
10289,0.18039837812689108
10290,1.880629510022932e-06
10291,0.16774058557603622
10292,0.9988601825496398
10293,0.15873387665556518
10294,0.531095860517053
10295,0.0012336840330618916
10296,0.3057191201799767
10297,0.2426516903553668
10298,0.0036987429808356988
10299,0.28391963971558587
10300,0.03154998432951765
10301,4.056066971830421e-06
10302,0.04881682642009565
10303,0.023871538100399724
10304,0.24336722894560736
10305,0.0057786888534192135
10306,0.8774516383980964
10307,0.29783047804927903
10308,0.09159036089978573
10309,0.06667977971834836
10310,0.004609802544726628
10311,0.43961744834452904
10312,0.9396564457849187
10313,0.8451386739416562
10314,0.0015755251604957427
10315,0.8735316954573075
10316,0.7508668045724467
10317,0.5982727981797837
10318,0.8587498660375481
10319,1.3504902990081596e-05
10320,0.16492471834068498
10321,8.015104780895748e-07
10322,0.028992089215299093
10323,0.32337150475534576
10324,0.005502523341345552
10325,0.40685903135768625
10326,0.14200506566934612
10327,0.0004841911755085887
10328,0.07305133625093467
10329,0.0020190440240058405
10330,0.0032458852584874077
10331,0.0037881138342120892
10332,0.0559486602081012
10333,0.002590255379853675
10334,0.9995675882868735
10335,0.9554074604021594
10336,0.004634022234591381
10337,0.60953294317628
10338,0.8661365176468071
10339,0.8267531718894762
10340,0.9654764920552534
10341,0.016928519656643774
10342,0.9764109627105924
10343,0.9867096638369165
10344,0.8798659074327397
10345,0.00012753526572094364
10346,0.9897551096514151
10347,0.0073714174010463115
10348,2.3534028592505993e-05
10349,0.946462355228701
10350,0.05064034294916642
10351,0.9912469697085824
10352,0.6162343854532265
10353,0.956141049866352
10354,0.02161923585316349
10355,0.45448338653676573
10356,0.07579046986611392
10357,0.008581062912695791
10358,0.9382493441030676
10359,0.0543375378412791
10360,0.9838021084528974
10361,0.6895231474639351
10362,0.00018535769273570916
10363,0.035864008064779226
10364,0.8688554075856665
10365,0.00021425271474923143
10366,0.0012548367720626485
10367,0.0036199177896103036
10368,0.9922301790191467
10369,0.023243904557852416
10370,0.007971329797130113
10371,0.0001213861602279956
10372,0.0013695837623360259
10373,0.8727923438041347
10374,0.976631816326314
10375,0.00031159881477605767
10376,0.38181607124683414
10377,0.0203354724116996
10378,0.7101255886335998
10379,0.05400091328549121
10380,0.010659309495539492
10381,0.0006411623862410533
10382,0.5368593658013388
10383,0.9999068763743731
10384,0.0047125369063967405
10385,0.004084336169752565
10386,0.06481636549312923
10387,0.0018500135696305875
10388,0.13909264285376874
10389,0.001500976386359255
10390,0.03857162606389198
10391,7.961294309020778e-05
10392,0.7663227034048603
10393,0.00042159917849141575
10394,0.9573063100044725
10395,0.21087783487267997
10396,0.211404155290757
10397,0.00011179855161266169
10398,0.9581232067388937
10399,0.053396880923259886
10400,0.002412295146099462
10401,0.8384035506055532
10402,0.5396358352689502
10403,4.8769724046572644e-05
10404,0.0008034440268099096
10405,0.03126647259757609
10406,0.8807367304740307
10407,6.18212320158158e-05
10408,0.9792171841953871
10409,0.7973494604907967
10410,0.28368140556363364
10411,6.598380796963105e-07
10412,0.023051920711664897
10413,5.762209365797485e-05
10414,0.9726808826061707
10415,0.9685737171225083
10416,0.23621582142981104
10417,0.00953403946718571
10418,0.975463486792946
10419,4.88560053561297e-05
10420,0.9758336509789928
10421,0.9999541759540836
10422,0.04900879558154652
10423,0.9887274145302756
10424,0.9457325462433296
10425,0.3104064662471096
10426,0.008363256153540206
10427,2.3872536749332658e-05
10428,0.006150254695411499
10429,0.1282247736229613
10430,0.44830506924645447
10431,0.9403047576813667
10432,0.9777020078089732
10433,0.11469190662840197
10434,0.00021397217580487054
10435,0.1302081869726307
10436,0.044101102635681344
10437,0.0018299877157633285
10438,0.00038734064171435485
10439,0.0012236225961246524
10440,0.0027458704157091625
10441,0.9811997691340308
10442,0.9790006879951814
10443,0.7732619993025028
10444,0.018860468716957377
10445,6.0853408621592915e-06
10446,0.0013216908021729701
10447,0.9982230379339664
10448,0.9302638589868429
10449,0.9996213722786514
10450,0.9999947300675601
10451,0.04692549280045034
10452,0.9983547904701536
10453,0.08139253177973921
10454,0.9172073961211978
10455,1.4196312535979156e-06
10456,0.15783389625201713
10457,6.327980902017402e-05
10458,0.9992436863902167
10459,0.00022783817804195977
10460,0.002458958009585247
10461,0.19541760897435087
10462,0.37817235035709085
10463,0.008466827895812233
10464,0.987474626897043
10465,4.721043691255938e-05
10466,0.08678472391777292
10467,0.030120976554833787
10468,0.06773355717473079
10469,0.9178550423564865
10470,0.9605382172067466
10471,0.05812738611755085
10472,0.9423072479394671
10473,0.006498845677297836
10474,0.00825102251831904
10475,0.00025336393315729167
10476,0.19662511895537943
10477,0.9999160881808931
10478,0.575492038407231
10479,0.08939033955412402
10480,0.9927881355201227
10481,0.9779219722197282
10482,0.007749524931273579
10483,4.284795064968146e-05
10484,0.9907704020093305
10485,1.9465169714390627e-05
10486,0.004077946704885959
10487,0.05452965496641304
10488,0.09223218734154653
10489,0.03518802908386389
10490,0.8642992524484073
10491,0.04501872598049967
10492,3.3275457274184686e-05
10493,0.9984455761041383
10494,0.3807240067590254
10495,0.9902031272538835
10496,0.20326642013688362
10497,0.02668364053522109
10498,0.001374776260498437
10499,0.01135752811989469
10500,0.998440873026993
10501,0.356221764730027
10502,0.13246099279014126
10503,0.9969612759560701
10504,0.48357471001552843
10505,0.059631843925680286
10506,0.4169725806998655
10507,0.4375394949874036
10508,0.6247715169229272
10509,0.014469858363494513
10510,0.9996956296724241
10511,0.3141922361819728
10512,0.0070962810524892025
10513,0.023561339633583294
10514,0.41922308714517037
10515,0.004716029024968885
10516,0.005730068043707101
10517,0.004342933928074936
10518,0.044607843775724146
10519,0.806472096946283
10520,0.9999949471831868
10521,0.003019656801307752
10522,0.00011115203383009837
10523,0.00021829514386033193
10524,0.054880011053114346
10525,0.011956913356185823
10526,0.038427239927429635
10527,0.8695610588467618
10528,0.9931077550338523
10529,0.9829615236811222
10530,0.9711990850325662
10531,0.29412061517438215
10532,0.0007232871892574887
10533,5.1022628581742525e-05
10534,0.08806081409105088
10535,0.47073459187177524
10536,0.9999804272352473
10537,0.14524712256641967
10538,0.39933060551563465
10539,3.724975270267415e-05
10540,0.0002465990223027088
10541,0.973129579965766
10542,0.3689811592060724
10543,0.8405730875583755
10544,0.9275449474435092
10545,0.9796842856737974
10546,0.9996533150803232
10547,0.9607165467520774
10548,0.005365985786889667
10549,0.9905501206498808
10550,8.360490356633e-05
10551,0.0005367458367919735
10552,0.0007518208187732227
10553,0.0018091459383698368
10554,0.9987628833235427
10555,0.00022528873112398536
10556,4.067515264212092e-06
10557,0.020617596655844957
10558,0.9267675207455253
10559,0.9763525586703002
10560,0.00023401859228679958
10561,0.00497923931154194
10562,0.006717136368490077
10563,0.7547068258322177
10564,0.4164311766216278
10565,0.009404728665635546
10566,0.7631085259741442
10567,0.00048265735084384795
10568,0.1669248637187273
10569,0.5994211189166715
10570,0.478344124016204
10571,0.060358090159082
10572,0.004353315851196384
10573,0.002375135162405441
10574,0.9995522967855252
10575,0.00768382378224988
10576,0.08025614429529566
10577,0.9542755438538785
10578,0.8840877198483884
10579,1.392108422750606e-05
10580,2.8234029348767602e-05
10581,0.0017774306430096633
10582,0.7860585369412206
10583,0.9982611051362941
10584,0.014230222030639011
10585,0.9920083631051698
10586,0.35095709616145593
10587,0.9858273627665333
10588,0.01477143287729319
10589,0.002065055627639361
10590,0.251820631758478
10591,0.12498424702186146
10592,0.06200999105157705
10593,0.23415557844847332
10594,0.005687623954190466
10595,2.665925173151162e-06
10596,0.06543812607326575
10597,0.21466248544848895
10598,0.023291492803843596
10599,0.07205563148399464
10600,0.00044191534670817495
10601,0.8625322990250869
10602,0.012614898851482684
10603,0.9685777654774489
10604,0.00016037718128489897
10605,0.0002615184688219694
10606,0.9919930181640326
10607,0.0005997711539850167
10608,0.029364226371128205
10609,0.04567179526392892
10610,0.018660778341481894
10611,0.9732707593501125
10612,9.536642615578356e-05
10613,0.014215851626915282
10614,0.0014413390251585688
10615,0.0008113004495781432
10616,0.6048497894088454
10617,0.9499790456852508
10618,0.8986909832059012
10619,0.000566389179982121
10620,0.9637933670775515
10621,0.13371588311491975
10622,0.09637803443422562
10623,0.00040045466298105245
10624,0.6705391966090364
10625,0.38783259877247506
10626,0.0011026345508783476
10627,0.3012872186705195
10628,0.9420922168800255
10629,0.005687791639067256
10630,0.9945464940966607
10631,0.016318475076718634
10632,0.809743617503694
10633,0.11352537677484087
10634,0.1870415360330643
10635,0.9641521688898099
10636,0.9983199839956277
10637,0.9997966197001072
10638,0.09557369189011
10639,0.9988074547366995
10640,0.15821838956389614
10641,0.0006674635338143323
10642,0.12076348774601052
10643,7.224503363149905e-06
10644,0.0019196107252660737
10645,0.9999921704928918
10646,0.014952948296769557
10647,0.0003198067805896154
10648,0.0002843418444092034
10649,0.9915389389496839
10650,0.349829523903314
10651,0.003908596935554069
10652,0.9964683217318765
10653,0.03463386669648767
10654,0.9319915738417258
10655,0.9686165284619832
10656,0.9622451049808608
10657,0.975716602123958
10658,0.002942793972257117
10659,0.02287528526437372
10660,0.005004004633277978
10661,0.9694808177929981
10662,0.000503890185331081
10663,0.9566981965290182
10664,0.18652534253431644
10665,0.0006206377166564164
10666,0.12742920286331333
10667,0.02622153160007415
10668,0.04060970949961204
10669,0.0002032479952725658
10670,0.018587649770276722
10671,1.8564800470531914e-05
10672,0.0024719358962068524
10673,1.4765297833463436e-05
10674,0.23707695962687358
10675,0.16293239817972768
10676,0.005192625573203708
10677,0.9978150051544782
10678,0.2271622194669152
10679,0.07894838830324381
10680,4.765289258532729e-05
10681,0.7813185829128273
10682,0.02053232556798317
10683,0.6182750771787003
10684,0.5671465639958749
10685,0.13392346801122426
10686,0.9999990625083068
10687,0.00039464230858357233
10688,0.00011834433923822962
10689,0.7334399576635959
10690,0.010862475341604125
10691,0.01165486490565523
10692,0.9836102163299925
10693,0.946426163972538
10694,0.014618801867595425
10695,0.8475794359971497
10696,0.17521174659462935
10697,0.0018320461541087647
10698,0.8929158206717842
10699,0.9999943436561378
10700,0.8891907771296121
10701,0.10208861558571761
10702,0.0010922154788906026
10703,0.9119024216809188
10704,0.9280103451699435
10705,0.9978197307018983
10706,0.8569986047470168
10707,0.9311811376714549
10708,0.005916050625352216
10709,0.017341565545561783
10710,0.011788529442927515
10711,0.00036138812477835554
10712,0.19663349364910718
10713,0.007653197611754752
10714,0.0005387466042879473
10715,0.4313246009264117
10716,0.6776555555798729
10717,0.21430778296606431
10718,0.0002794253141274518
10719,0.9998270216742258
10720,0.8121531288279534
10721,0.9949320185129878
10722,0.7317284944429616
10723,0.949297590317549
10724,2.0634267559746776e-06
10725,0.7310058597056657
10726,0.9759789894550415
10727,0.9999466252019634
10728,0.007424147082814863
10729,0.30541550736905493
10730,0.008892330480169752
10731,0.9996578802041479
10732,0.3149728195768122
10733,0.0149984320275839
10734,0.0011040044453175938
10735,0.9920152460710673
10736,0.00025284354600399066
10737,3.657709861237631e-05
10738,8.151718443435982e-05
10739,0.9921713925438712
10740,0.9194373344436457
10741,1.7477931878296705e-05
10742,0.999379761875033
10743,0.0019504353098182786
10744,0.9000270015166673
10745,0.12003905707548208
10746,0.6140596803551105
10747,0.47400581633375743
10748,0.9999959474885354
10749,0.9999138844710582
10750,0.9132734370593882
10751,0.2237684740204293
10752,0.09967702814683913
10753,0.9409115387309908
10754,0.9941056315784876
10755,2.46321252031395e-05
10756,0.1403348493870102
10757,0.999993513854428
10758,0.6184520276226954
10759,0.02124488279816263
10760,0.23232077532246603
10761,2.7230379402886155e-06
10762,0.00037766755720021326
10763,0.07551394452526626
10764,0.9830026500679078
10765,0.9773060991808376
10766,0.8472066774512522
10767,0.0002195605721912979
10768,6.497112699338797e-05
10769,0.378478651504894
10770,0.9998852507935294
10771,0.5606953139542328
10772,6.181530845863626e-06
10773,0.0009583513422673429
10774,0.0029744673350639477
10775,0.952792919144585
10776,0.00024938797642627583
10777,0.0007123173582189419
10778,0.5708488931141381
10779,0.3007967241236075
10780,0.002977779134215425
10781,0.0011868149290738285
10782,0.0011246512923612036
10783,0.969173648659997
10784,0.062016560569887955
10785,0.8300745701359094
10786,0.9999564323800374
10787,0.0332057418648545
10788,2.946356951926569e-05
10789,0.9997650831992256
10790,0.628115378451125
10791,0.011180116041307161
10792,0.0046934474993834555
10793,0.4143223083210804
10794,0.3810370598660408
10795,0.08249231569534603
10796,0.013477747410594427
10797,0.000481163017363605
10798,0.988975817349434
10799,0.11175305054702896
10800,0.017558321382688914
10801,0.41801180131864235
10802,0.0004572319487027656
10803,0.002971700936436698
10804,0.9961911559135284
10805,0.9837469591855138
10806,0.005179633812570381
10807,0.04253992601175897
10808,0.9859739643044626
10809,0.0010576123631863272
10810,0.8814318470693406
10811,0.000719512111793269
10812,0.0007150126098087291
10813,0.0008338211341552657
10814,0.030908163485137308
10815,0.6642108122355933
10816,0.0554337674177867
10817,0.9999551703066202
10818,0.1596198579846154
10819,0.5960368384191037
10820,0.0027284267972176148
10821,0.021153793074047737
10822,0.01582826406896234
10823,0.00041017065776464127
10824,6.817107459155432e-06
10825,0.0418452392331977
10826,0.6528147058759235
10827,0.002507710121111161
10828,0.999995766051517
10829,0.2743317846913475
10830,0.08977928886382451
10831,0.0034389599694901996
10832,0.5024671038784019
10833,9.901987709876292e-06
10834,0.321535094200281
10835,0.24330080269228518
10836,0.18740102587717844
10837,0.43881693291296847
10838,0.14017016207666877
10839,0.0786811270828733
10840,0.000954441903265923
10841,0.03508189372003949
10842,0.7917500867475588
10843,0.7071550899647449
10844,0.7797785434613622
10845,0.00010212514427191646
10846,0.7166581711161286
10847,0.0005688496028673925
10848,1.544564804991146e-06
10849,0.34176924604666165
10850,0.085225405619733
10851,0.7797100102245716
10852,0.9914547666315753
10853,0.000434809711824225
10854,0.0011231469034656532
10855,0.005510069193322949
10856,0.0002250944086770669
10857,0.013462740268784716
10858,0.3353267083522276
10859,0.9799546283326591
10860,0.7231613335404932
10861,0.00016219452219078958
10862,0.002458143881727373
10863,0.08819578576898861
10864,0.9773542164039045
10865,0.39946144153988883
10866,0.17413403730797364
10867,4.057025594688387e-05
10868,0.0009282885203001923
10869,0.9994154767652214
10870,0.7551334934670819
10871,0.008533846218584702
10872,0.07199466563375952
10873,0.055255620397524984
10874,0.9999605604887445
10875,0.5316079571836342
10876,0.003949444432523683
10877,0.206431909639182
10878,1.871599878757769e-05
10879,0.99893036583958
10880,0.021436845857099027
10881,0.998813300784232
10882,0.009883364049535668
10883,0.6772055031694852
10884,0.9426776262183515
10885,0.011236639539103789
10886,0.8230347643444053
10887,0.0646189264351122
10888,0.9835769070739225
10889,0.7549975490152753
10890,0.537677495337371
10891,8.33972882204375e-05
10892,0.002012190434118336
10893,0.999989989620987
10894,0.9971519108614257
10895,0.9020199369912714
10896,0.00046924921894351775
10897,0.04269717305109469
10898,0.003441927109323591
10899,0.00012118928201033687
10900,0.00042686321986730235
10901,0.005682338557335291
10902,0.12217948728697742
10903,0.8458190407861542
10904,0.05857341660433374
10905,0.9989831127071155
10906,0.1087845373245514
10907,0.6129037613860924
10908,0.8014401217205451
10909,0.6612575913957353
10910,0.9812337885643297
10911,0.9985579301938585
10912,0.0023021262876950065
10913,0.9696880097243595
10914,0.9999749997392606
10915,0.8770009647319081
10916,0.9998847182575776
10917,7.973180253455186e-05
10918,0.06417696576050674
10919,0.2551633767990496
10920,0.9747668964951998
10921,0.9927492862163432
10922,0.9159471782228558
10923,0.1612512946639376
10924,0.25575753861114586
10925,0.0011864344636898958
10926,0.6253000487465037
10927,3.6726532550101746e-07
10928,0.8367800170196812
10929,0.9862373989097698
10930,0.9098194969834654
10931,0.16614819948069023
10932,0.007024338624707738
10933,0.003152653760253026
10934,0.7406466909436513
10935,0.9997781451026467
10936,0.1706331662438898
10937,0.10444754010311112
10938,0.9923398501184001
10939,0.7110866167437484
10940,0.9678674410909177
10941,0.9999769865126913
10942,0.0041882383244640576
10943,0.036037458696462694
10944,0.045708458476493026
10945,0.001067090979550598
10946,0.006198165518187912
10947,0.03527619381619389
10948,4.9759619706013036e-05
10949,4.128537709993263e-05
10950,0.0010564746028986823
10951,0.9797978664319364
10952,6.412592603451945e-05
10953,0.00015395974745355685
10954,7.862617958460978e-06
10955,0.8897757980334842
10956,0.908434040847048
10957,0.00016786086138699386
10958,0.000913030402150207
10959,0.0014434373680574494
10960,0.9621689597535731
10961,0.15809192159454669
10962,0.48690012104770547
10963,0.2276484178165832
10964,0.0007050425595356004
10965,0.839027281130912
10966,0.8819978352551785
10967,0.9078041942890623
10968,0.18781337160595704
10969,0.4281781189782809
10970,0.002938881912455278
10971,0.000479416135934644
10972,0.39515762771895113
10973,0.6598718726300147
10974,0.28679044572035467
10975,0.9671029779247767
10976,0.0071517268557289215
10977,0.9836384851556798
10978,0.041802227061312244
10979,0.015477556270801933
10980,0.9850742594855182
10981,0.5069596302225053
10982,0.997599033649212
10983,0.23590777270528251
10984,0.0059491402562606875
10985,0.9969815460931734
10986,0.0002607019086607005
10987,0.3456494782558943
10988,0.007000406328846897
10989,0.003923811610003974
10990,0.0007226105432263148
10991,0.3285514720582622
10992,0.00014294881818111477
10993,0.866690340194525
10994,8.961014535187038e-05
10995,0.004272148458393266
10996,0.6971877057613137
10997,0.036265686900962386
10998,0.028140794502996527
10999,0.0012402746575630352
11000,0.03296528838655523
11001,0.0002980927234965681
11002,0.0008688002304878787
11003,0.5865010373466085
11004,0.995971443704691
11005,0.005763957641725404
11006,1.4821316211087551e-05
11007,0.6554780322004511
11008,0.10986009402602719
11009,0.00030802628982379954
11010,0.03962993659255153
11011,0.00011614594519740813
11012,0.7151856834566137
11013,0.46876180294452896
11014,0.06443264709134265
11015,0.15148811813104973
11016,0.00018541262056316296
11017,0.8987567664435323
11018,0.00017321629542881457
11019,0.018833226629917488
11020,0.829562442523805
11021,0.0012747286240930684
11022,0.06594091262779919
11023,7.740029586792631e-05
11024,0.9176617823335086
11025,0.024694117577291622
11026,0.041509045611819645
11027,0.002223165494080861
11028,0.9701917982003155
11029,0.000636059209356637
11030,0.17368126656365818
11031,0.0007397159458147928
11032,0.7871975039213294
11033,0.0018126244160343518
11034,0.0001788747212446842
11035,0.9341680557120805
11036,0.010706292213767626
11037,0.9985653632252863
11038,0.2390872165141499
11039,0.9979744401207911
11040,9.197319536316354e-06
11041,0.0014877110459506884
11042,0.9923463268157805
11043,0.06277611207703106
11044,0.16783270980149775
11045,0.9822766436060876
11046,0.004119692848950301
11047,0.03208954552515478
11048,0.007824038996462555
11049,0.004960374412665627
11050,0.9347815029720886
11051,0.117911139802564
11052,3.3561578633604526e-06
11053,0.29612576309853694
11054,0.289349587928298
11055,0.879231958792592
11056,0.029505200750080087
11057,0.0005928492637154634
11058,0.05042979303761762
11059,0.0013783981406875903
11060,0.5203444222144198
11061,0.6647669669516543
11062,0.987470650953445
11063,7.305763856036617e-05
11064,0.525200271135589
11065,0.9891364531963024
11066,0.02519388544365315
11067,0.3977835115894125
11068,0.9065103390522465
11069,0.9347966806213327
11070,0.001454903638168485
11071,0.00010519038809114199
11072,0.9951831432099078
11073,0.05081312506292973
11074,0.9999210962564989
11075,0.0011468014032135609
11076,0.0006893008662228814
11077,5.222861096884732e-06
11078,0.6333041664260165
11079,7.136018656622335e-06
11080,0.006033060209880818
11081,0.0005404540725842273
11082,0.9773318534889452
11083,0.11007510627102188
11084,0.005253064698387754
11085,0.013560745083884964
11086,0.001078741906358692
11087,0.0008144610855168461
11088,0.00015361139323110935
11089,0.9960718929519581
11090,0.9945647764410571
11091,0.006452224676578589
11092,0.17274420958531655
11093,0.9258646115887863
11094,0.2353336598974133
11095,0.8849811553181012
11096,0.43572007921926864
11097,0.0670154624156067
11098,0.05864832614242327
11099,0.9778824234799112
11100,0.005507720781916504
11101,0.2348473057672948
11102,0.451121338571426
11103,0.9480464639252058
11104,0.00012320185690259454
11105,0.9356531823393581
11106,0.9183139116481366
11107,0.8271159013224213
11108,0.019837298846860262
11109,0.992295694276776
11110,0.012093112070282595
11111,0.8523470179662329
11112,0.5970047330792855
11113,0.000983658982862201
11114,0.6115097797248633
11115,0.5409919057992223
11116,0.33647804454329355
11117,0.36442446007603235
11118,0.00277892993781889
11119,0.9353668412514196
11120,1.4473016747816367e-06
11121,0.8546417133554228
11122,6.1138608804165035e-06
11123,0.9997169489856982
11124,0.978944605937764
11125,0.9951711223192997
11126,0.14227047689205305
11127,0.02574695820341355
11128,0.9992926433575162
11129,0.00011223980816094346
11130,0.5454992730403814
11131,0.05175303418807769
11132,0.00015862463142415624
11133,0.6225003851981414
11134,0.0032526934266140176
11135,0.9973034549707502
11136,0.0003699511480358276
11137,8.067217461944274e-05
11138,0.660239144006613
11139,0.19049949904176763
11140,0.9847215514662244
11141,0.0005822401438200726
11142,0.21308238837129875
11143,0.8709984241970902
11144,0.0055022189247137376
11145,0.023654385749542442
11146,0.9914599270909696
11147,0.021365364286256978
11148,0.9793105485138204
11149,0.0032436692095933143
11150,0.741829389637193
11151,0.012307353283342513
11152,0.00985819937935353
11153,0.4914409580733693
11154,0.0007224788178863259
11155,0.008436256692403958
11156,0.060944641670756146
11157,0.48729767824874765
11158,0.999948120078589
11159,0.0004601855636497044
11160,0.021464603858669194
11161,0.995578194855489
11162,0.9962239431332559
11163,0.9233628704538733
11164,0.002518136546448653
11165,2.632926741864019e-06
11166,0.008003815929914799
11167,0.0003391123990320456
11168,0.9990717352028529
11169,0.7002259568180654
11170,4.038405491170848e-06
11171,0.09507838337871946
11172,1.482096775296896e-05
11173,0.0006381370602239574
11174,0.025031173448409678
11175,0.5397849962460746
11176,0.018931145819452447
11177,0.9987345656504627
11178,0.0014531833558621644
11179,1.8764683815592826e-05
11180,0.9848155744842544
11181,0.0070882136360046685
11182,0.9998152378910352
11183,0.00389375032302629
11184,0.004778126271538233
11185,0.30239663035676995
11186,0.0629980168452608
11187,0.9976558185476202
11188,0.061158963828659055
11189,3.0100815898868334e-05
11190,0.03817157785205002
11191,0.999927046606297
11192,9.779932086182093e-05
11193,0.08993673037045703
11194,0.03514447227166426
11195,0.36891645905264214
11196,0.0001416747987060217
11197,0.35527499817881747
11198,0.9209270406088702
11199,0.9661844363498294
11200,0.8287603428946161
11201,0.03761048040614801
11202,0.0003556243746184716
11203,0.02238480395101072
11204,0.0007680092001985629
11205,0.020567442566017512
11206,0.00742190878323907
11207,0.4190299424628792
11208,0.000217691151555366
11209,0.9890992558936189
11210,0.0005428096274499927
11211,0.33697021198533683
11212,0.1317199596959988
11213,0.0003822284823481861
11214,0.9587380064159261
11215,0.05259054354290431
11216,0.0007016748977573262
11217,0.33251587056432447
11218,0.01189106909150272
11219,0.9999655431648412
11220,0.002818392354834671
11221,0.9094538263047414
11222,0.0012011450358095704
11223,0.0010903416283656148
11224,0.0009608350848609493
11225,0.9999705752112431
11226,8.251802202924849e-06
11227,0.023023794056856648
11228,0.4588224361166892
11229,0.8804946382672032
11230,0.007715336012408433
11231,0.9937519504684638
